borrower_type,monthly_inflow,upi_tx_count_monthly,upi_debit_to_credit_ratio,cashflow_volatility,utility_payment_delay_days,telecom_recharge_regularity,gst_filing_punctuality,ecommerce_cancellation_rate,mobility_activity_score,is_default
gig_worker,12785.53,40,0.772,0.358,4,0.897,0.0,0.152,74.0,0
freelancer,15327.55,41,0.614,0.241,4,0.821,0.0,0.302,43.2,0
kirana_merchant,32676.44,51,0.757,0.412,2,0.99,0.484,0.259,59.5,0
kirana_merchant,14958.92,43,0.986,0.548,3,0.911,0.755,0.279,25.0,0
gig_worker,46925.53,44,1.02,0.398,4,0.486,0.0,0.159,60.5,1
gig_worker,25963.31,51,0.604,0.598,2,0.714,0.0,0.177,80.1,0
gig_worker,28079.56,45,0.604,0.63,3,0.71,0.0,0.297,80.1,0
freelancer,23407.54,56,0.673,0.178,1,0.953,0.0,0.187,48.7,0
kirana_merchant,39593.65,45,1.036,0.658,1,0.338,0.744,0.216,83.4,0
kirana_merchant,39798.32,41,0.835,0.82,5,0.553,0.141,0.298,25.0,1
gig_worker,31809.72,44,1.091,0.121,2,0.665,0.0,0.289,62.1,0
freelancer,35681.75,34,1.044,0.541,2,0.205,0.0,0.1,39.1,1
freelancer,24196.3,44,1.045,0.583,5,0.317,0.0,0.214,37.3,1
gig_worker,35281.06,44,0.664,0.668,0,0.718,0.0,0.088,77.3,0
gig_worker,22721.37,45,0.838,0.409,1,0.578,0.0,0.033,94.8,0
gig_worker,26933.22,37,1.097,0.755,1,0.407,0.0,0.054,99.0,1
gig_worker,23451.23,47,0.675,0.532,0,0.351,0.0,0.175,61.5,0
kirana_merchant,21405.23,47,0.887,0.427,7,0.804,0.358,0.313,55.6,0
kirana_merchant,19061.85,40,0.772,0.675,0,0.598,0.228,0.178,67.9,0
gig_worker,33990.8,51,0.794,0.842,1,0.431,0.0,0.062,63.6,0
kirana_merchant,51808.16,43,1.045,0.75,0,0.474,0.088,0.067,48.1,0
gig_worker,48317.59,34,0.894,0.845,1,0.81,0.0,0.225,67.5,0
gig_worker,14353.04,29,0.979,0.313,4,0.5,0.0,0.303,50.2,1
gig_worker,51256.7,48,0.937,0.195,7,0.514,0.0,0.126,61.7,1
kirana_merchant,22946.5,47,0.865,0.527,5,0.613,0.115,0.201,41.5,0
kirana_merchant,36328.82,55,0.996,0.136,1,0.248,0.026,0.314,67.0,0
gig_worker,17101.0,53,1.085,0.64,4,0.776,0.0,0.064,77.0,0
kirana_merchant,28882.47,43,1.083,0.292,0,0.272,0.673,0.072,49.4,0
kirana_merchant,31472.25,49,0.995,0.463,8,0.909,0.45,0.144,42.5,0
gig_worker,12806.37,41,0.844,0.624,6,0.633,0.0,0.17,75.6,0
kirana_merchant,36465.93,42,0.682,0.486,19,0.953,0.654,0.096,49.3,0
gig_worker,52731.46,48,0.622,0.289,5,0.522,0.0,0.201,47.5,0
gig_worker,24653.55,37,0.716,0.804,1,0.987,0.0,0.316,81.0,0
freelancer,53108.06,44,0.77,0.712,1,0.688,0.0,0.312,35.7,1
freelancer,24468.78,41,0.665,0.581,0,0.299,0.0,0.04,54.2,0
freelancer,41142.31,35,0.712,0.659,3,0.65,0.0,0.219,22.4,0
gig_worker,8872.53,51,0.642,0.432,0,0.242,0.0,0.091,95.5,0
gig_worker,90164.3,52,0.862,0.401,24,0.552,0.0,0.239,60.2,0
kirana_merchant,56824.86,44,0.663,0.228,2,0.738,0.285,0.208,62.7,0
kirana_merchant,23334.48,48,0.971,0.743,0,0.308,0.603,0.094,36.6,1
gig_worker,10036.22,50,0.766,0.405,5,0.331,0.0,0.331,80.9,0
kirana_merchant,31070.5,34,0.936,0.654,1,0.81,0.156,0.176,65.3,0
gig_worker,13069.51,49,1.041,0.34,4,0.418,0.0,0.149,79.6,0
freelancer,33604.89,45,0.643,0.737,6,0.883,0.0,0.281,32.2,0
gig_worker,33050.2,47,1.095,0.184,11,0.691,0.0,0.118,65.0,0
kirana_merchant,16802.76,50,0.923,0.6,2,0.637,0.155,0.215,39.3,0
gig_worker,47121.45,51,0.627,0.746,1,0.516,0.0,0.087,55.7,0
kirana_merchant,40246.86,48,0.757,0.628,23,0.967,0.479,0.04,47.4,0
kirana_merchant,43822.89,50,1.043,0.657,0,0.7,0.251,0.184,64.4,0
gig_worker,27022.6,49,0.898,0.521,3,0.263,0.0,0.074,87.6,1
freelancer,13256.43,35,0.744,0.547,0,0.527,0.0,0.139,55.2,0
kirana_merchant,43867.81,39,1.07,0.153,9,0.298,0.316,0.177,56.4,0
freelancer,23501.38,42,0.994,0.301,2,0.788,0.0,0.022,8.8,0
freelancer,13428.17,51,0.968,0.678,0,0.4,0.0,0.135,30.7,1
kirana_merchant,52892.65,43,1.044,0.856,2,0.213,0.092,0.167,52.6,0
freelancer,76857.15,51,0.985,0.533,2,0.995,0.0,0.2,29.4,1
gig_worker,26354.02,49,0.743,0.68,1,0.578,0.0,0.297,67.5,0
gig_worker,79186.46,44,0.892,0.647,2,0.228,0.0,0.128,75.3,0
gig_worker,28159.99,32,1.021,0.9,3,0.564,0.0,0.324,72.7,0
gig_worker,22242.76,41,0.69,0.736,9,0.418,0.0,0.131,81.6,0
gig_worker,19629.15,38,0.682,0.602,4,0.781,0.0,0.206,61.2,0
gig_worker,60994.64,48,0.679,0.192,2,0.206,0.0,0.046,36.5,0
freelancer,18213.68,48,0.697,0.39,1,0.31,0.0,0.153,20.1,0
gig_worker,38856.66,47,0.652,0.301,4,0.483,0.0,0.277,90.3,0
gig_worker,20341.49,36,1.019,0.783,7,0.517,0.0,0.118,73.5,0
kirana_merchant,21372.21,36,1.009,0.457,3,0.59,0.857,0.024,39.2,0
gig_worker,45031.83,41,0.676,0.528,3,0.483,0.0,0.326,90.6,0
freelancer,22247.43,41,0.953,0.872,1,0.519,0.0,0.022,14.5,0
gig_worker,21973.72,42,0.913,0.769,3,0.588,0.0,0.108,86.7,0
freelancer,47401.18,48,0.738,0.732,8,0.946,0.0,0.318,43.1,0
kirana_merchant,59796.27,42,0.714,0.214,1,0.621,0.889,0.065,57.9,0
gig_worker,37136.1,43,0.725,0.118,15,0.544,0.0,0.304,78.8,0
gig_worker,19391.98,48,0.965,0.2,0,0.238,0.0,0.335,84.5,0
freelancer,20841.38,41,0.76,0.692,3,0.32,0.0,0.226,43.9,0
kirana_merchant,27999.94,39,0.739,0.429,16,0.806,0.101,0.13,50.1,0
kirana_merchant,31585.87,32,0.611,0.194,0,0.967,0.402,0.122,51.4,0
kirana_merchant,16416.91,47,1.054,0.691,2,0.507,0.752,0.066,26.2,0
gig_worker,38619.75,29,0.976,0.256,3,0.97,0.0,0.318,61.1,0
gig_worker,28078.42,52,0.836,0.571,4,0.463,0.0,0.282,99.0,1
gig_worker,11408.86,38,1.071,0.693,1,0.962,0.0,0.094,62.1,0
freelancer,16907.91,46,0.747,0.586,5,0.687,0.0,0.241,20.0,0
kirana_merchant,20909.01,31,0.937,0.895,7,0.223,0.869,0.216,37.6,0
gig_worker,25940.77,52,0.753,0.447,3,0.263,0.0,0.067,62.7,0
gig_worker,69191.92,49,0.757,0.349,1,0.984,0.0,0.099,57.8,0
gig_worker,30305.54,50,1.022,0.261,7,0.444,0.0,0.065,81.8,0
gig_worker,17669.83,55,0.994,0.503,7,0.211,0.0,0.198,68.7,1
kirana_merchant,30040.91,35,0.747,0.782,5,0.263,0.496,0.084,24.2,0
kirana_merchant,22560.51,40,0.641,0.858,9,0.624,0.855,0.345,33.2,0
freelancer,31646.38,43,0.779,0.878,4,0.383,0.0,0.111,18.5,0
kirana_merchant,35964.36,36,0.98,0.525,6,0.803,0.008,0.259,37.5,0
gig_worker,49247.57,42,0.65,0.584,9,0.907,0.0,0.128,82.9,0
kirana_merchant,26578.47,50,0.936,0.565,1,0.49,0.055,0.138,43.6,1
kirana_merchant,61051.94,45,1.045,0.473,6,0.757,0.299,0.123,51.6,0
kirana_merchant,42362.18,40,0.69,0.222,0,0.78,0.554,0.056,48.9,0
kirana_merchant,18887.97,50,1.031,0.152,3,0.579,0.244,0.326,43.0,0
kirana_merchant,81220.9,41,0.626,0.449,3,0.408,0.876,0.277,48.0,0
kirana_merchant,31681.79,44,0.933,0.249,2,0.806,0.788,0.098,52.1,0
kirana_merchant,17719.8,41,0.996,0.809,1,0.241,0.484,0.121,27.0,1
gig_worker,61479.34,37,0.822,0.709,4,0.266,0.0,0.166,88.4,1
gig_worker,76030.42,51,0.702,0.595,3,0.294,0.0,0.276,91.1,0
gig_worker,26462.59,38,1.062,0.138,6,0.454,0.0,0.309,62.2,0
kirana_merchant,20914.02,50,0.61,0.598,2,0.439,0.065,0.273,54.1,0
gig_worker,24681.58,40,0.878,0.597,1,0.454,0.0,0.334,72.0,0
kirana_merchant,38459.69,43,0.786,0.451,5,0.278,0.785,0.271,38.8,0
freelancer,50966.73,49,0.831,0.626,5,0.537,0.0,0.094,65.3,0
gig_worker,35783.55,39,0.868,0.786,1,0.587,0.0,0.145,65.8,1
kirana_merchant,28306.92,37,0.867,0.706,2,0.906,0.404,0.265,36.1,0
kirana_merchant,56897.45,33,0.702,0.479,8,0.943,0.684,0.062,44.6,0
gig_worker,23007.64,51,0.94,0.31,7,0.466,0.0,0.096,67.7,0
gig_worker,45046.91,64,0.61,0.482,0,0.969,0.0,0.344,53.4,0
gig_worker,23294.41,49,0.611,0.857,1,0.58,0.0,0.239,63.9,0
gig_worker,33373.3,46,0.839,0.756,0,0.872,0.0,0.079,84.5,0
freelancer,25418.15,45,0.871,0.122,3,0.205,0.0,0.05,39.0,0
freelancer,26162.28,43,0.737,0.726,0,0.266,0.0,0.338,39.1,0
kirana_merchant,22276.93,50,0.876,0.236,1,0.54,0.385,0.185,60.7,0
freelancer,52702.97,47,0.858,0.557,1,0.516,0.0,0.159,41.7,0
freelancer,18648.8,37,0.775,0.745,12,0.57,0.0,0.283,19.8,1
gig_worker,18580.8,56,0.926,0.549,1,0.412,0.0,0.241,79.6,0
freelancer,77691.16,39,1.079,0.423,1,0.66,0.0,0.204,36.4,0
kirana_merchant,43867.27,45,0.845,0.357,8,0.791,0.364,0.096,41.9,0
freelancer,8163.62,42,0.993,0.344,3,0.308,0.0,0.203,43.2,0
freelancer,20279.6,32,0.724,0.77,10,0.637,0.0,0.198,16.9,1
gig_worker,10872.65,46,0.981,0.76,2,0.389,0.0,0.053,66.2,0
gig_worker,16724.91,54,0.924,0.759,1,0.909,0.0,0.185,67.6,0
gig_worker,5601.24,48,0.92,0.326,0,0.927,0.0,0.219,93.5,0
kirana_merchant,25122.15,43,1.047,0.739,5,0.769,0.344,0.261,36.2,1
freelancer,15199.67,45,0.717,0.129,4,0.333,0.0,0.203,45.2,0
freelancer,27721.2,45,0.784,0.265,3,0.962,0.0,0.205,28.8,0
gig_worker,11937.49,50,0.642,0.512,6,0.792,0.0,0.207,67.9,0
kirana_merchant,28041.92,47,0.963,0.425,2,0.282,0.828,0.109,51.6,0
kirana_merchant,21862.8,60,1.022,0.19,6,0.665,0.299,0.309,31.5,0
gig_worker,57009.69,46,0.803,0.133,7,0.695,0.0,0.224,53.7,0
gig_worker,54484.88,42,0.778,0.589,0,0.674,0.0,0.245,62.7,0
gig_worker,39841.84,53,0.929,0.351,4,0.628,0.0,0.186,77.2,0
freelancer,22849.7,50,0.638,0.113,0,0.256,0.0,0.068,37.2,0
gig_worker,72597.82,44,0.747,0.445,2,0.357,0.0,0.073,92.3,0
kirana_merchant,12375.6,39,0.783,0.345,4,0.946,0.012,0.172,63.8,0
kirana_merchant,13335.98,44,0.859,0.561,0,0.817,0.195,0.307,50.2,0
gig_worker,25799.45,44,0.838,0.844,9,0.653,0.0,0.06,74.2,1
freelancer,83035.13,48,0.704,0.346,1,0.668,0.0,0.186,41.5,0
freelancer,24314.56,50,0.87,0.898,4,0.439,0.0,0.033,28.9,1
gig_worker,24547.8,43,1.063,0.169,3,0.459,0.0,0.308,76.8,0
kirana_merchant,13082.68,52,0.614,0.171,3,0.304,0.676,0.106,17.6,0
gig_worker,43172.75,50,0.94,0.67,8,0.943,0.0,0.136,73.6,0
gig_worker,43329.46,36,0.912,0.699,10,0.725,0.0,0.074,80.5,1
gig_worker,39916.2,60,1.062,0.438,0,0.415,0.0,0.124,80.5,0
kirana_merchant,19641.3,46,0.923,0.329,6,0.77,0.411,0.15,67.6,0
kirana_merchant,18894.89,49,0.912,0.735,0,0.882,0.335,0.073,30.8,0
gig_worker,14093.08,51,0.985,0.865,3,0.761,0.0,0.113,97.6,1
gig_worker,28055.4,38,0.734,0.892,10,0.423,0.0,0.246,99.0,0
freelancer,15674.59,34,0.898,0.608,1,0.374,0.0,0.306,49.5,1
gig_worker,14932.45,47,0.86,0.692,10,0.286,0.0,0.234,96.6,0
gig_worker,21767.09,53,0.819,0.758,5,0.522,0.0,0.338,77.6,0
kirana_merchant,21066.13,36,0.64,0.739,8,0.941,0.151,0.101,26.4,0
freelancer,20558.11,38,0.746,0.895,9,0.36,0.0,0.139,13.2,1
gig_worker,33969.63,43,0.74,0.748,0,0.584,0.0,0.129,41.6,0
kirana_merchant,27987.8,40,0.962,0.63,3,0.208,0.512,0.195,54.3,1
kirana_merchant,23293.32,45,1.06,0.401,5,0.875,0.643,0.255,56.2,0
gig_worker,29481.15,54,0.715,0.578,1,0.697,0.0,0.09,83.0,0
kirana_merchant,16386.88,39,0.637,0.804,3,0.456,0.788,0.292,52.2,0
gig_worker,28357.29,51,1.1,0.344,0,0.302,0.0,0.132,72.0,1
kirana_merchant,29007.25,46,0.946,0.125,11,0.704,0.542,0.173,21.2,0
kirana_merchant,12688.82,49,1.043,0.362,5,0.629,0.137,0.296,16.7,0
kirana_merchant,44260.45,45,0.672,0.868,2,0.987,0.437,0.128,38.2,0
gig_worker,17314.22,42,1.0,0.735,1,0.575,0.0,0.241,50.6,0
freelancer,28145.84,58,1.007,0.25,1,0.327,0.0,0.173,5.0,1
gig_worker,48156.23,51,0.676,0.11,7,0.878,0.0,0.11,72.3,0
gig_worker,42737.77,47,0.681,0.635,5,0.916,0.0,0.168,74.7,0
gig_worker,27369.01,37,0.748,0.563,1,0.282,0.0,0.271,68.3,0
kirana_merchant,22443.37,51,0.708,0.166,5,0.862,0.32,0.24,46.8,0
kirana_merchant,43206.92,50,1.088,0.873,1,0.409,0.879,0.269,19.5,1
gig_worker,37697.44,52,0.781,0.594,0,0.631,0.0,0.124,81.9,1
kirana_merchant,19748.2,49,0.981,0.621,7,0.674,0.55,0.274,56.3,0
gig_worker,18079.85,50,1.003,0.783,2,0.916,0.0,0.154,66.6,0
kirana_merchant,9545.47,47,0.793,0.37,2,0.326,0.237,0.197,8.2,0
gig_worker,29057.04,37,0.941,0.547,0,0.216,0.0,0.31,61.7,0
kirana_merchant,25813.45,33,0.654,0.561,2,0.677,0.219,0.257,50.4,0
gig_worker,47481.51,53,0.798,0.874,3,0.704,0.0,0.256,59.6,0
freelancer,32193.75,32,1.084,0.205,3,0.972,0.0,0.185,70.0,0
gig_worker,52423.73,50,0.684,0.707,0,0.28,0.0,0.211,81.2,0
gig_worker,18983.36,40,0.793,0.56,1,0.526,0.0,0.269,78.3,0
gig_worker,47528.04,43,0.995,0.776,2,0.769,0.0,0.021,79.1,0
freelancer,20651.47,42,0.933,0.766,3,0.645,0.0,0.156,20.0,1
freelancer,39687.76,47,0.916,0.11,6,0.963,0.0,0.119,37.1,0
gig_worker,12972.94,48,1.027,0.305,5,0.271,0.0,0.104,43.8,1
kirana_merchant,30259.57,58,0.615,0.245,8,0.317,0.857,0.294,9.6,0
freelancer,9973.19,50,0.986,0.469,2,0.691,0.0,0.177,31.9,0
kirana_merchant,23539.41,45,1.041,0.824,18,0.703,0.951,0.036,41.3,1
kirana_merchant,33529.37,37,0.608,0.104,3,0.572,0.736,0.342,59.2,0
gig_worker,20733.7,47,0.879,0.491,5,0.792,0.0,0.068,55.9,0
gig_worker,15911.24,45,0.774,0.808,7,0.468,0.0,0.163,72.0,0
freelancer,41071.07,48,0.625,0.841,2,0.419,0.0,0.228,28.0,0
freelancer,25546.83,43,0.809,0.626,1,0.35,0.0,0.206,11.3,0
kirana_merchant,21061.77,34,0.922,0.764,2,0.685,0.471,0.164,37.7,0
gig_worker,27472.7,44,1.06,0.359,2,0.844,0.0,0.121,58.3,0
gig_worker,100542.38,36,0.91,0.329,17,0.224,0.0,0.208,62.2,0
kirana_merchant,47894.28,47,1.028,0.139,9,0.328,0.89,0.302,37.3,1
freelancer,48112.0,45,0.661,0.503,4,0.882,0.0,0.099,68.2,0
freelancer,33448.87,52,0.705,0.465,3,0.218,0.0,0.041,47.0,0
kirana_merchant,29238.53,44,1.085,0.398,5,0.235,0.503,0.138,59.8,0
kirana_merchant,8118.97,44,1.044,0.191,0,0.612,0.929,0.267,51.4,0
gig_worker,19158.65,48,0.718,0.285,9,0.494,0.0,0.347,72.7,0
gig_worker,21156.72,48,0.91,0.263,6,0.816,0.0,0.235,85.4,0
freelancer,10536.01,38,0.781,0.855,4,0.722,0.0,0.188,31.9,0
kirana_merchant,15082.53,56,0.834,0.873,1,0.35,0.095,0.045,19.6,1
gig_worker,9992.42,64,1.03,0.103,4,0.47,0.0,0.133,70.2,0
gig_worker,26392.58,55,0.968,0.236,1,0.269,0.0,0.039,70.7,0
kirana_merchant,40513.19,40,0.719,0.811,3,0.275,0.333,0.159,80.3,1
gig_worker,46788.24,36,0.758,0.131,2,0.985,0.0,0.182,85.1,1
gig_worker,33103.43,44,0.745,0.855,0,0.231,0.0,0.111,65.9,0
kirana_merchant,16619.0,50,0.99,0.404,7,0.345,0.93,0.043,40.9,1
kirana_merchant,10239.08,39,0.845,0.531,1,0.518,0.239,0.161,36.4,0
kirana_merchant,11176.47,46,1.075,0.711,5,0.673,0.742,0.34,31.4,1
gig_worker,14264.21,45,1.008,0.295,0,0.963,0.0,0.126,80.0,0
kirana_merchant,17250.05,46,0.706,0.181,2,0.511,0.665,0.124,7.7,0
gig_worker,24837.89,36,0.993,0.748,2,0.348,0.0,0.069,71.1,1
gig_worker,16202.45,38,0.853,0.888,9,0.591,0.0,0.203,59.8,0
kirana_merchant,31872.15,47,0.727,0.627,0,0.817,0.084,0.197,15.9,0
kirana_merchant,23953.34,40,0.782,0.76,3,0.408,0.941,0.147,13.8,0
freelancer,27045.42,64,1.086,0.853,11,0.335,0.0,0.315,41.8,1
kirana_merchant,47577.98,55,0.842,0.283,9,0.772,0.801,0.051,71.1,0
kirana_merchant,14911.44,36,0.96,0.38,0,0.617,0.032,0.324,22.7,0
gig_worker,33168.38,60,0.839,0.275,0,0.747,0.0,0.156,83.6,0
gig_worker,26715.88,53,0.786,0.149,7,0.492,0.0,0.065,66.7,0
gig_worker,22771.31,46,0.998,0.686,3,0.851,0.0,0.206,66.6,0
gig_worker,41882.7,57,1.024,0.217,4,0.54,0.0,0.244,76.6,0
freelancer,41752.19,48,0.636,0.174,3,0.726,0.0,0.112,31.2,0
gig_worker,16760.07,40,0.739,0.386,1,0.506,0.0,0.296,76.9,0
freelancer,24561.11,34,0.854,0.148,1,0.655,0.0,0.024,52.2,0
kirana_merchant,30964.78,48,0.758,0.244,1,0.652,0.054,0.135,46.3,1
kirana_merchant,23470.43,44,0.992,0.156,0,0.838,0.683,0.31,45.4,0
kirana_merchant,36044.54,31,0.657,0.802,16,0.279,0.791,0.244,58.9,1
kirana_merchant,30964.48,35,0.999,0.724,7,0.381,0.278,0.094,38.2,1
kirana_merchant,67257.29,49,0.909,0.788,9,0.434,0.407,0.17,61.3,1
gig_worker,12517.22,46,0.745,0.795,1,0.606,0.0,0.108,95.2,0
kirana_merchant,25305.63,47,0.772,0.856,8,0.927,0.36,0.176,60.3,0
gig_worker,17081.46,37,0.691,0.249,3,0.839,0.0,0.296,77.9,0
gig_worker,36390.16,36,0.726,0.82,1,0.87,0.0,0.037,85.5,0
kirana_merchant,11985.03,52,0.959,0.52,7,0.475,0.264,0.101,35.8,0
gig_worker,31989.29,48,0.788,0.233,1,0.468,0.0,0.03,83.9,0
freelancer,19633.17,43,0.944,0.625,5,0.757,0.0,0.347,32.5,1
freelancer,18637.28,50,0.857,0.362,1,0.887,0.0,0.073,31.3,0
freelancer,13052.71,43,0.673,0.137,0,0.967,0.0,0.113,29.4,0
gig_worker,21321.3,46,0.85,0.163,1,0.49,0.0,0.302,90.2,0
gig_worker,46270.05,31,0.978,0.439,2,0.703,0.0,0.189,89.3,0
freelancer,26566.48,55,0.749,0.761,0,0.761,0.0,0.332,55.1,0
kirana_merchant,36821.61,51,0.924,0.349,6,0.922,0.687,0.215,50.9,1
freelancer,61840.94,42,0.7,0.713,1,0.79,0.0,0.258,5.0,0
freelancer,30695.7,41,0.668,0.145,2,0.54,0.0,0.224,5.0,0
freelancer,20345.2,42,0.78,0.415,4,0.815,0.0,0.263,40.8,0
gig_worker,33983.35,44,0.795,0.202,2,0.559,0.0,0.109,68.5,1
gig_worker,20493.27,50,0.981,0.791,6,0.993,0.0,0.13,49.3,0
freelancer,20905.94,52,0.83,0.874,0,0.492,0.0,0.219,39.0,1
gig_worker,12582.39,39,0.641,0.36,4,0.259,0.0,0.304,66.3,0
gig_worker,42750.18,38,0.917,0.891,1,0.768,0.0,0.095,92.1,0
kirana_merchant,22181.16,37,0.835,0.702,0,0.439,0.539,0.336,43.4,0
freelancer,29467.67,47,0.766,0.101,0,0.765,0.0,0.168,28.7,0
kirana_merchant,16026.82,53,1.001,0.488,22,0.261,0.089,0.065,22.3,1
kirana_merchant,33455.58,57,0.677,0.767,11,0.99,0.181,0.308,44.8,1
gig_worker,18380.2,45,1.057,0.527,15,0.837,0.0,0.326,83.7,0
kirana_merchant,25062.94,51,0.767,0.54,0,0.751,0.757,0.292,40.9,0
freelancer,41727.39,51,0.83,0.458,2,0.714,0.0,0.164,47.7,0
gig_worker,39949.83,43,1.065,0.416,2,0.312,0.0,0.331,71.8,0
kirana_merchant,26608.47,45,0.981,0.122,2,0.316,0.278,0.13,56.5,0
freelancer,11113.71,44,0.637,0.597,1,0.262,0.0,0.049,36.7,1
kirana_merchant,120139.07,46,0.889,0.713,4,0.811,0.672,0.133,21.4,0
kirana_merchant,64403.9,45,0.755,0.732,2,0.771,0.714,0.141,63.7,0
kirana_merchant,38612.73,48,0.854,0.6,0,0.892,0.962,0.284,60.2,0
gig_worker,18460.68,41,0.971,0.373,2,0.72,0.0,0.256,87.5,0
gig_worker,25417.77,37,0.848,0.118,8,0.516,0.0,0.225,99.0,0
freelancer,20502.25,46,0.636,0.817,3,0.92,0.0,0.084,34.5,0
freelancer,50611.19,45,0.865,0.443,6,0.693,0.0,0.284,35.1,0
freelancer,30676.48,43,0.612,0.581,5,0.238,0.0,0.031,33.7,0
freelancer,18177.1,43,0.774,0.256,3,0.919,0.0,0.092,27.4,0
kirana_merchant,21260.85,30,0.839,0.214,3,0.899,0.042,0.201,52.8,0
kirana_merchant,47126.66,35,0.922,0.169,4,0.806,0.372,0.177,39.1,1
kirana_merchant,59877.07,55,0.853,0.739,3,0.942,0.401,0.248,67.3,0
kirana_merchant,57766.59,50,0.676,0.617,0,0.519,0.269,0.282,44.9,0
kirana_merchant,39281.78,43,1.066,0.597,0,0.875,0.441,0.305,53.3,0
kirana_merchant,23710.84,36,0.925,0.836,2,0.947,0.451,0.338,51.1,0
freelancer,5320.08,32,0.758,0.227,3,0.833,0.0,0.203,44.8,0
gig_worker,31212.69,53,1.083,0.236,14,0.785,0.0,0.212,59.1,0
gig_worker,26878.6,45,1.041,0.252,1,0.485,0.0,0.205,89.9,0
gig_worker,28853.63,52,0.672,0.439,2,0.471,0.0,0.316,78.8,0
kirana_merchant,27638.05,50,0.928,0.799,5,0.919,0.536,0.275,52.2,0
gig_worker,13861.48,49,0.88,0.805,0,0.344,0.0,0.184,78.6,0
kirana_merchant,35550.31,40,0.696,0.572,6,0.234,0.351,0.246,6.2,0
kirana_merchant,36905.22,52,0.717,0.627,17,0.712,0.535,0.121,45.7,0
gig_worker,37841.79,28,0.882,0.818,1,0.47,0.0,0.075,73.2,1
kirana_merchant,43186.73,38,0.761,0.599,2,0.784,0.469,0.036,48.2,1
gig_worker,36389.15,50,1.017,0.284,1,0.998,0.0,0.157,86.2,0
gig_worker,21916.29,54,0.649,0.664,1,0.373,0.0,0.143,84.8,0
freelancer,25966.99,44,1.057,0.716,8,0.456,0.0,0.27,50.8,1
gig_worker,28157.31,54,1.02,0.608,6,0.677,0.0,0.186,58.5,0
gig_worker,28391.63,42,0.969,0.319,5,0.732,0.0,0.076,73.7,0
kirana_merchant,44316.34,41,0.731,0.42,0,0.995,0.871,0.052,19.0,0
kirana_merchant,37117.15,44,0.957,0.476,0,0.597,0.688,0.046,45.3,0
gig_worker,76013.92,47,0.819,0.216,5,0.375,0.0,0.026,56.3,0
kirana_merchant,81083.48,41,0.917,0.462,4,0.906,0.393,0.045,39.8,0
gig_worker,27996.22,44,0.756,0.229,0,0.768,0.0,0.269,83.3,0
gig_worker,3950.8,50,1.018,0.5,15,0.696,0.0,0.275,99.0,1
kirana_merchant,49931.94,50,0.62,0.141,7,0.892,0.333,0.137,28.7,0
kirana_merchant,20533.48,57,0.946,0.859,0,0.261,0.668,0.031,48.1,0
kirana_merchant,18020.37,49,1.014,0.297,3,0.564,0.202,0.063,43.2,0
kirana_merchant,22043.6,52,0.923,0.474,5,0.911,0.099,0.187,36.6,1
freelancer,21518.72,50,0.696,0.126,6,0.266,0.0,0.342,40.3,0
kirana_merchant,36538.98,32,0.742,0.254,3,0.659,0.204,0.06,48.9,0
gig_worker,12336.06,46,0.857,0.655,1,0.449,0.0,0.071,73.3,0
kirana_merchant,15695.66,29,0.765,0.189,5,0.653,0.483,0.154,22.0,1
gig_worker,31938.88,45,0.602,0.603,5,0.277,0.0,0.223,72.5,0
kirana_merchant,36734.51,38,0.62,0.102,7,0.633,0.0,0.149,54.1,0
gig_worker,37077.69,47,0.984,0.472,12,0.609,0.0,0.227,49.1,1
gig_worker,18151.02,47,0.642,0.677,0,0.252,0.0,0.042,61.7,0
freelancer,16495.9,44,1.064,0.841,2,0.387,0.0,0.079,22.3,1
freelancer,20882.83,57,0.821,0.494,8,0.307,0.0,0.043,33.4,1
kirana_merchant,30331.33,34,0.979,0.772,3,0.58,0.153,0.309,56.3,1
kirana_merchant,56541.98,47,0.663,0.742,1,0.427,0.713,0.284,40.6,0
gig_worker,9665.15,41,1.063,0.337,4,0.615,0.0,0.108,92.3,0
gig_worker,24092.01,35,0.617,0.8,0,0.651,0.0,0.269,76.5,1
gig_worker,13817.08,54,0.621,0.612,5,0.206,0.0,0.288,73.0,0
kirana_merchant,11776.7,42,0.627,0.183,1,0.896,0.753,0.301,44.6,0
kirana_merchant,43629.04,55,0.652,0.851,2,0.318,0.126,0.163,15.3,1
kirana_merchant,35323.8,53,0.843,0.241,5,0.874,0.763,0.34,42.3,0
gig_worker,33681.93,42,0.994,0.476,2,0.635,0.0,0.314,77.7,0
freelancer,42638.5,39,0.742,0.473,21,0.383,0.0,0.254,63.9,1
kirana_merchant,21165.77,45,0.973,0.6,2,0.824,0.669,0.031,28.9,0
kirana_merchant,21669.94,43,0.987,0.632,3,0.716,0.566,0.263,64.5,0
kirana_merchant,80247.05,43,1.054,0.286,4,0.723,0.223,0.227,53.8,0
kirana_merchant,23782.72,42,0.675,0.382,13,0.449,0.274,0.332,34.5,0
gig_worker,38853.99,64,0.668,0.216,0,0.522,0.0,0.17,63.6,0
gig_worker,26989.17,49,0.661,0.201,0,0.629,0.0,0.214,90.5,0
kirana_merchant,10677.25,40,0.78,0.76,1,0.496,0.417,0.208,52.5,0
gig_worker,9678.73,40,0.845,0.701,2,0.491,0.0,0.028,85.8,0
gig_worker,20140.9,48,0.831,0.454,1,0.875,0.0,0.091,66.9,0
gig_worker,45617.68,50,0.729,0.177,7,0.971,0.0,0.08,58.2,0
gig_worker,39900.57,47,0.911,0.46,8,0.585,0.0,0.137,32.5,1
freelancer,42490.62,45,0.769,0.336,3,0.892,0.0,0.111,17.6,0
kirana_merchant,16423.64,55,0.783,0.722,0,0.84,0.222,0.127,33.3,1
kirana_merchant,60351.21,46,0.653,0.177,1,0.59,0.414,0.044,57.0,0
gig_worker,16606.56,42,0.896,0.461,3,0.73,0.0,0.07,57.6,0
kirana_merchant,29923.88,45,0.928,0.573,0,0.252,0.979,0.187,17.6,0
kirana_merchant,26764.29,39,0.979,0.889,0,0.714,0.619,0.188,34.8,0
gig_worker,24663.09,46,1.052,0.172,7,0.395,0.0,0.052,64.6,0
kirana_merchant,52538.21,40,0.983,0.191,1,0.95,0.997,0.22,44.1,0
gig_worker,18909.97,37,0.718,0.89,4,0.734,0.0,0.343,99.0,0
kirana_merchant,13700.63,60,0.718,0.425,16,0.696,0.871,0.149,49.2,0
kirana_merchant,27173.51,49,1.058,0.695,1,0.924,0.791,0.074,46.7,1
gig_worker,22028.37,48,0.995,0.727,4,0.798,0.0,0.349,77.5,0
gig_worker,145610.64,44,0.991,0.352,7,0.535,0.0,0.194,99.0,0
kirana_merchant,37731.62,39,0.96,0.271,10,0.83,0.517,0.1,15.9,0
kirana_merchant,21923.84,44,0.734,0.321,19,0.945,0.033,0.31,63.8,0
freelancer,15866.17,52,1.024,0.712,12,0.955,0.0,0.062,48.8,1
kirana_merchant,10507.62,42,0.671,0.772,1,0.4,0.88,0.081,20.3,0
gig_worker,16113.14,42,0.775,0.66,0,0.639,0.0,0.27,62.2,0
gig_worker,28494.63,44,0.773,0.453,2,0.836,0.0,0.321,59.1,0
kirana_merchant,54921.73,46,0.88,0.31,0,0.984,0.839,0.162,21.0,0
gig_worker,47138.46,44,0.832,0.44,12,0.271,0.0,0.043,64.6,1
kirana_merchant,30168.31,60,0.83,0.832,3,0.817,0.909,0.226,22.7,0
freelancer,22889.1,40,0.877,0.791,3,0.561,0.0,0.272,44.1,0
kirana_merchant,30773.41,37,0.808,0.359,0,0.874,0.94,0.194,67.1,0
gig_worker,20757.88,50,0.725,0.362,0,0.801,0.0,0.149,61.1,0
kirana_merchant,63524.57,44,0.932,0.724,7,0.561,0.248,0.244,25.2,1
kirana_merchant,24474.94,55,0.995,0.441,0,0.941,0.518,0.176,62.6,0
kirana_merchant,25766.52,44,0.839,0.558,9,0.494,0.489,0.278,25.0,1
freelancer,8884.72,45,0.925,0.438,1,0.516,0.0,0.022,12.2,0
gig_worker,24398.64,39,0.868,0.294,7,0.805,0.0,0.221,62.6,0
freelancer,40873.7,51,0.629,0.251,3,0.412,0.0,0.299,47.1,0
freelancer,15774.32,43,0.812,0.212,14,0.819,0.0,0.245,39.5,0
gig_worker,18483.61,47,0.605,0.109,4,0.839,0.0,0.207,87.3,0
gig_worker,39988.83,45,0.931,0.324,5,0.779,0.0,0.094,57.5,0
gig_worker,12857.36,45,0.854,0.237,5,0.5,0.0,0.202,85.0,0
gig_worker,45656.47,45,0.663,0.306,2,0.576,0.0,0.289,69.1,0
gig_worker,20618.17,41,0.871,0.161,0,0.644,0.0,0.303,46.0,0
kirana_merchant,22152.73,54,1.049,0.373,1,0.303,0.708,0.231,66.0,0
gig_worker,15337.57,47,0.77,0.516,0,0.496,0.0,0.345,73.2,0
gig_worker,32500.9,39,1.091,0.856,2,0.331,0.0,0.059,92.1,0
freelancer,92036.08,30,1.08,0.378,6,0.421,0.0,0.246,54.4,0
gig_worker,39765.25,42,0.993,0.125,4,0.921,0.0,0.034,86.7,0
freelancer,17463.31,49,1.007,0.39,5,0.245,0.0,0.302,74.2,0
gig_worker,47467.96,51,0.805,0.754,4,0.643,0.0,0.277,56.3,0
gig_worker,22963.48,55,0.801,0.372,4,0.548,0.0,0.289,99.0,1
kirana_merchant,53489.6,53,1.077,0.333,1,0.735,0.912,0.139,40.3,0
kirana_merchant,40269.04,59,0.783,0.835,6,0.97,0.557,0.091,58.7,0
freelancer,6176.02,34,0.648,0.338,0,0.567,0.0,0.09,37.9,0
kirana_merchant,16284.36,45,0.676,0.876,5,0.604,0.636,0.32,58.9,1
freelancer,43139.43,51,0.955,0.766,2,0.296,0.0,0.192,34.5,1
gig_worker,29022.56,41,0.791,0.647,2,0.929,0.0,0.083,94.4,0
gig_worker,16124.93,48,0.7,0.579,7,0.511,0.0,0.046,83.3,0
kirana_merchant,19598.44,40,1.007,0.28,8,0.234,0.296,0.158,25.7,0
freelancer,10372.17,41,0.844,0.684,1,0.624,0.0,0.065,42.7,1
freelancer,25740.31,43,0.884,0.378,1,0.876,0.0,0.137,46.1,0
kirana_merchant,81254.77,42,0.677,0.489,1,0.673,0.819,0.065,55.5,0
gig_worker,40233.96,55,0.696,0.183,1,0.679,0.0,0.199,58.8,0
kirana_merchant,80435.31,43,0.663,0.337,6,0.217,0.001,0.041,39.9,0
gig_worker,41822.87,50,0.857,0.523,3,0.976,0.0,0.04,76.3,0
freelancer,44969.5,43,0.988,0.474,2,0.525,0.0,0.289,33.0,1
freelancer,72188.74,45,0.966,0.375,10,0.313,0.0,0.048,66.6,0
kirana_merchant,32488.18,41,0.731,0.478,0,0.312,0.878,0.34,41.9,1
kirana_merchant,24498.97,37,1.026,0.696,7,0.735,0.492,0.211,29.3,0
kirana_merchant,45086.08,57,0.653,0.467,12,0.545,0.755,0.117,42.2,0
gig_worker,55654.61,53,0.657,0.505,1,0.243,0.0,0.11,50.7,0
freelancer,21163.17,55,1.025,0.661,0,0.269,0.0,0.239,37.4,1
kirana_merchant,18755.0,32,0.722,0.773,0,0.541,0.812,0.305,29.2,0
freelancer,28837.39,41,0.954,0.521,0,0.837,0.0,0.192,23.5,0
gig_worker,40771.94,41,0.605,0.859,11,0.314,0.0,0.272,81.4,1
freelancer,40096.55,39,0.647,0.383,3,0.291,0.0,0.329,8.8,0
gig_worker,13199.26,39,0.905,0.302,12,0.578,0.0,0.22,67.5,0
gig_worker,69968.68,53,0.691,0.654,1,0.62,0.0,0.159,89.5,0
freelancer,19524.35,54,0.614,0.241,3,0.611,0.0,0.057,19.8,0
gig_worker,23563.81,38,0.833,0.82,3,0.602,0.0,0.248,71.4,0
gig_worker,17131.48,47,0.765,0.409,0,0.912,0.0,0.301,99.0,0
freelancer,103690.36,48,1.001,0.659,6,0.514,0.0,0.026,54.3,1
freelancer,30364.68,49,1.009,0.556,3,0.227,0.0,0.233,29.8,0
kirana_merchant,17579.92,44,0.907,0.144,6,0.208,0.22,0.042,30.9,0
kirana_merchant,41438.34,49,0.747,0.667,4,0.523,0.242,0.331,54.0,0
kirana_merchant,39520.23,53,0.831,0.732,3,0.915,0.543,0.157,38.4,1
gig_worker,24492.85,48,0.951,0.886,0,0.769,0.0,0.081,96.0,0
gig_worker,40958.04,37,0.635,0.433,0,0.656,0.0,0.087,80.3,0
kirana_merchant,17807.13,37,0.766,0.502,3,0.761,0.519,0.05,16.1,0
kirana_merchant,21026.54,43,1.011,0.8,4,0.334,0.912,0.237,21.1,1
kirana_merchant,9846.7,38,0.803,0.315,0,0.439,0.584,0.31,26.5,0
kirana_merchant,13877.5,41,0.912,0.251,11,0.833,0.785,0.146,30.8,0
gig_worker,66424.11,51,0.648,0.206,0,0.209,0.0,0.195,71.0,0
kirana_merchant,61127.33,41,0.989,0.883,2,0.444,0.386,0.105,52.1,1
gig_worker,27802.86,41,0.65,0.316,4,0.961,0.0,0.276,54.6,1
kirana_merchant,61788.08,42,1.031,0.706,0,0.689,0.829,0.234,21.9,0
kirana_merchant,24833.85,47,0.653,0.46,0,0.785,0.424,0.349,26.4,0
freelancer,23820.33,41,1.045,0.292,8,0.517,0.0,0.301,29.0,1
gig_worker,27674.19,43,0.782,0.831,7,0.283,0.0,0.066,80.5,0
gig_worker,25274.2,45,0.912,0.471,1,0.746,0.0,0.299,56.8,0
gig_worker,24158.75,42,1.023,0.553,1,0.539,0.0,0.038,78.9,0
kirana_merchant,47652.91,49,0.605,0.278,1,0.315,0.838,0.069,35.1,0
kirana_merchant,29000.48,43,0.733,0.359,0,0.917,0.12,0.147,29.8,0
gig_worker,38416.44,54,1.054,0.698,10,0.401,0.0,0.083,66.7,1
gig_worker,45057.3,51,0.794,0.374,2,0.479,0.0,0.114,68.3,0
kirana_merchant,32666.09,44,0.953,0.505,6,0.367,0.648,0.254,69.2,0
gig_worker,16561.97,44,0.67,0.191,8,0.514,0.0,0.205,77.5,0
freelancer,13678.32,41,0.939,0.78,10,0.689,0.0,0.152,18.6,0
kirana_merchant,28980.84,41,0.637,0.69,18,0.366,0.528,0.233,70.2,1
gig_worker,24695.39,52,0.959,0.709,12,0.487,0.0,0.02,90.9,1
gig_worker,28104.8,55,0.762,0.243,2,0.211,0.0,0.31,56.7,0
freelancer,26688.1,41,0.833,0.496,3,0.328,0.0,0.15,19.0,1
gig_worker,97908.32,41,0.683,0.122,5,0.926,0.0,0.181,63.1,0
gig_worker,13834.03,52,0.914,0.352,8,0.708,0.0,0.059,54.1,0
freelancer,9947.01,47,0.769,0.378,8,0.603,0.0,0.27,47.1,1
freelancer,31767.16,38,0.792,0.831,7,0.612,0.0,0.348,46.7,1
freelancer,22287.67,48,0.926,0.894,2,0.714,0.0,0.273,39.9,0
kirana_merchant,31509.17,51,0.689,0.594,0,0.368,0.936,0.066,38.9,0
gig_worker,36024.03,36,1.026,0.513,0,0.227,0.0,0.327,75.8,0
gig_worker,51126.2,34,0.97,0.452,9,0.528,0.0,0.213,67.2,1
kirana_merchant,12662.33,42,0.889,0.115,0,0.927,0.062,0.306,37.3,0
kirana_merchant,20366.39,51,0.664,0.74,0,0.609,0.03,0.159,41.3,0
kirana_merchant,33335.58,50,0.944,0.637,3,0.906,0.596,0.112,46.8,0
freelancer,39546.47,42,0.609,0.619,2,0.301,0.0,0.027,42.7,1
gig_worker,80557.36,49,1.002,0.747,1,0.419,0.0,0.333,57.2,0
kirana_merchant,43384.26,47,0.752,0.842,0,0.712,0.445,0.071,41.3,0
gig_worker,26150.03,43,0.659,0.412,18,0.219,0.0,0.278,72.4,1
kirana_merchant,17236.46,42,0.682,0.441,2,0.32,0.812,0.112,43.1,0
gig_worker,20289.42,47,1.082,0.88,4,0.288,0.0,0.208,45.6,1
gig_worker,20003.22,52,0.987,0.632,5,0.614,0.0,0.292,70.0,0
gig_worker,37332.4,48,0.719,0.781,0,0.905,0.0,0.135,66.1,0
kirana_merchant,30592.15,39,1.082,0.277,0,0.203,0.155,0.163,30.3,0
kirana_merchant,13879.6,47,0.67,0.354,0,0.245,0.446,0.067,53.5,0
kirana_merchant,21634.6,36,0.967,0.413,2,0.731,0.816,0.159,57.3,0
freelancer,41721.58,41,0.928,0.354,2,0.495,0.0,0.292,40.7,0
gig_worker,32074.97,45,1.011,0.807,2,0.915,0.0,0.31,55.6,0
gig_worker,35750.6,46,0.791,0.509,6,0.63,0.0,0.229,58.2,0
freelancer,32580.23,36,0.801,0.863,0,0.248,0.0,0.174,56.4,0
gig_worker,60670.65,40,0.912,0.357,6,0.206,0.0,0.088,90.2,0
freelancer,30273.3,46,0.799,0.13,1,0.551,0.0,0.17,45.3,0
gig_worker,22180.94,39,0.621,0.21,14,0.518,0.0,0.286,59.0,0
freelancer,17019.63,50,0.965,0.274,0,0.585,0.0,0.122,46.3,0
gig_worker,30479.35,43,0.92,0.612,2,0.544,0.0,0.284,90.6,0
freelancer,7939.84,45,0.812,0.245,5,0.682,0.0,0.021,69.3,0
kirana_merchant,24534.99,40,0.751,0.405,3,0.921,0.194,0.135,27.1,1
freelancer,24272.03,35,0.76,0.736,2,0.805,0.0,0.347,68.0,0
gig_worker,13599.18,34,0.971,0.2,5,0.623,0.0,0.321,45.5,1
kirana_merchant,16913.49,28,0.965,0.164,13,0.622,0.828,0.233,67.2,0
freelancer,40329.11,46,1.009,0.532,0,0.986,0.0,0.182,29.0,0
kirana_merchant,30192.71,40,0.981,0.658,6,0.953,0.019,0.254,54.7,0
kirana_merchant,28307.84,42,0.979,0.829,13,0.326,0.254,0.344,26.1,1
kirana_merchant,31356.4,46,0.726,0.63,2,0.709,0.482,0.03,61.4,0
kirana_merchant,28178.48,54,0.651,0.857,0,0.449,0.643,0.111,29.9,0
kirana_merchant,50082.72,44,0.981,0.296,10,0.36,0.674,0.348,29.5,0
kirana_merchant,28615.81,45,0.649,0.373,3,0.954,0.895,0.219,64.2,0
freelancer,12976.48,47,1.091,0.771,16,0.269,0.0,0.261,15.7,1
gig_worker,60782.97,48,1.038,0.749,7,0.222,0.0,0.269,61.1,0
gig_worker,32375.92,47,0.867,0.632,6,0.576,0.0,0.15,92.0,0
freelancer,20037.75,44,0.776,0.505,0,0.629,0.0,0.331,41.7,0
freelancer,14375.77,54,0.863,0.114,0,0.286,0.0,0.074,46.1,0
kirana_merchant,32792.57,39,0.967,0.324,0,0.958,0.15,0.288,36.0,0
kirana_merchant,25372.32,48,0.978,0.227,0,0.274,0.358,0.202,22.4,0
gig_worker,59105.15,41,0.637,0.141,0,0.777,0.0,0.115,70.0,0
gig_worker,22630.33,40,1.002,0.721,0,0.492,0.0,0.178,64.4,1
kirana_merchant,17699.82,47,0.921,0.205,5,0.41,0.196,0.196,35.5,1
gig_worker,42104.0,33,0.62,0.386,6,0.369,0.0,0.14,69.2,0
kirana_merchant,42729.33,50,0.757,0.882,1,0.341,0.491,0.121,49.5,0
gig_worker,29270.21,38,0.855,0.427,2,0.622,0.0,0.166,61.9,0
freelancer,37728.78,40,0.694,0.213,0,0.236,0.0,0.296,42.8,0
freelancer,26400.98,42,0.678,0.652,1,0.816,0.0,0.255,54.1,0
kirana_merchant,30240.35,39,0.607,0.748,1,0.387,0.381,0.047,51.9,0
kirana_merchant,48170.18,44,1.056,0.323,1,0.547,0.592,0.273,65.6,0
gig_worker,36778.15,39,0.628,0.747,2,0.264,0.0,0.326,86.0,1
freelancer,24719.87,49,0.783,0.317,23,0.576,0.0,0.336,50.3,1
kirana_merchant,52901.2,47,0.703,0.654,6,0.701,0.547,0.154,34.6,0
gig_worker,8246.73,41,0.971,0.2,1,0.24,0.0,0.323,85.6,0
freelancer,75059.52,44,0.954,0.442,0,0.895,0.0,0.075,36.0,0
freelancer,11464.61,54,1.003,0.516,0,0.439,0.0,0.152,58.1,0
freelancer,19662.21,38,0.908,0.68,23,0.472,0.0,0.187,60.8,1
kirana_merchant,26358.37,40,0.896,0.62,1,0.333,0.741,0.08,58.2,1
kirana_merchant,25003.21,42,0.804,0.783,1,0.907,0.67,0.247,47.8,0
kirana_merchant,44498.27,54,0.918,0.247,17,0.477,0.834,0.156,49.8,1
freelancer,15852.49,43,0.658,0.629,0,0.438,0.0,0.062,39.5,0
freelancer,30649.86,61,0.942,0.202,11,0.776,0.0,0.194,24.1,0
gig_worker,20148.68,61,0.652,0.482,4,0.452,0.0,0.115,58.6,0
gig_worker,31181.2,37,1.031,0.52,1,0.569,0.0,0.331,81.1,0
gig_worker,26045.85,33,0.853,0.122,17,1.0,0.0,0.292,62.5,0
freelancer,28182.82,45,0.865,0.156,5,0.592,0.0,0.29,39.9,0
freelancer,20435.68,43,0.892,0.771,4,0.571,0.0,0.232,30.5,0
gig_worker,20847.06,42,0.988,0.329,2,0.839,0.0,0.052,58.6,0
kirana_merchant,31058.76,38,0.839,0.377,2,0.234,0.027,0.167,33.0,1
gig_worker,43124.98,44,0.814,0.612,0,0.5,0.0,0.234,99.0,0
freelancer,19947.52,37,0.744,0.277,2,0.76,0.0,0.086,25.8,0
freelancer,17424.22,45,0.664,0.254,6,0.93,0.0,0.153,26.1,0
freelancer,36560.73,46,0.695,0.437,1,0.719,0.0,0.179,22.5,1
kirana_merchant,26469.49,49,0.6,0.147,4,0.624,0.672,0.295,47.4,0
kirana_merchant,40751.55,50,1.035,0.834,1,0.569,0.699,0.146,39.9,0
gig_worker,17104.58,48,0.982,0.852,7,0.583,0.0,0.135,48.1,0
gig_worker,11051.05,34,0.709,0.459,12,0.577,0.0,0.26,93.3,1
freelancer,20609.31,36,0.601,0.267,2,0.951,0.0,0.132,5.0,1
freelancer,18339.71,59,0.846,0.476,0,0.848,0.0,0.053,21.7,0
freelancer,25863.96,64,0.806,0.18,0,0.459,0.0,0.279,31.2,0
freelancer,19566.56,44,0.988,0.418,4,0.249,0.0,0.142,47.4,0
kirana_merchant,38968.48,48,0.801,0.159,4,0.747,0.634,0.346,33.6,0
kirana_merchant,23293.39,38,1.032,0.665,7,0.783,0.931,0.187,33.1,0
freelancer,29005.4,50,0.648,0.321,7,0.818,0.0,0.041,38.3,0
freelancer,29109.42,53,0.783,0.517,6,0.386,0.0,0.272,28.9,0
gig_worker,29657.71,35,1.067,0.111,3,0.709,0.0,0.145,53.2,0
kirana_merchant,26580.56,41,0.606,0.52,1,0.711,0.786,0.061,63.0,0
gig_worker,34727.96,38,0.795,0.103,7,0.289,0.0,0.204,80.5,0
freelancer,18072.96,40,0.73,0.84,6,0.819,0.0,0.102,49.2,0
kirana_merchant,54160.6,51,0.866,0.501,10,0.674,0.258,0.33,47.0,1
gig_worker,23902.33,45,0.739,0.18,0,0.598,0.0,0.251,70.5,0
kirana_merchant,13963.83,40,1.035,0.373,4,0.232,0.548,0.157,66.4,0
kirana_merchant,29555.84,47,1.069,0.137,1,0.567,0.413,0.274,32.1,0
gig_worker,17578.11,42,1.025,0.525,14,0.881,0.0,0.173,79.1,0
gig_worker,37521.42,52,0.799,0.198,1,0.498,0.0,0.324,74.5,0
kirana_merchant,81210.74,50,1.095,0.478,9,0.984,0.721,0.255,45.6,0
kirana_merchant,18155.23,44,0.968,0.344,0,0.83,0.85,0.343,20.0,0
kirana_merchant,31767.09,41,0.778,0.709,3,0.859,0.092,0.132,28.7,1
kirana_merchant,11184.09,39,0.647,0.486,7,0.671,0.015,0.294,73.5,1
freelancer,33757.32,60,0.934,0.779,1,0.425,0.0,0.113,45.2,0
kirana_merchant,17277.2,41,0.964,0.853,0,0.522,0.838,0.132,25.3,0
kirana_merchant,19684.42,47,0.661,0.876,8,0.694,0.023,0.1,16.7,1
freelancer,15511.81,37,0.875,0.308,8,0.908,0.0,0.296,18.9,0
kirana_merchant,38796.12,44,1.094,0.714,1,0.781,0.815,0.317,29.7,0
gig_worker,44518.15,42,0.763,0.45,3,0.488,0.0,0.085,81.2,0
gig_worker,27219.6,34,0.751,0.441,2,0.406,0.0,0.305,45.8,0
kirana_merchant,17462.07,35,1.052,0.795,1,0.707,0.101,0.338,70.3,0
kirana_merchant,59561.31,46,0.659,0.217,1,0.265,0.038,0.195,50.9,0
kirana_merchant,18486.48,51,1.067,0.482,2,0.5,0.494,0.1,63.3,0
gig_worker,9126.92,47,0.99,0.574,1,0.401,0.0,0.327,73.1,0
gig_worker,33833.09,44,0.795,0.153,0,0.896,0.0,0.325,69.6,0
gig_worker,15484.78,37,0.642,0.792,13,0.725,0.0,0.063,64.3,1
gig_worker,44103.94,49,0.61,0.351,4,0.297,0.0,0.336,65.3,0
kirana_merchant,22235.18,36,0.788,0.625,2,0.609,0.623,0.12,48.4,0
gig_worker,36382.99,47,0.953,0.842,14,0.831,0.0,0.166,75.8,0
kirana_merchant,54217.02,37,0.844,0.676,9,0.288,0.186,0.203,24.6,1
freelancer,14699.53,50,0.969,0.809,9,0.658,0.0,0.129,5.0,1
gig_worker,20272.72,46,0.935,0.156,1,0.806,0.0,0.041,68.2,0
kirana_merchant,25904.31,58,0.886,0.494,6,0.367,0.134,0.257,66.8,1
kirana_merchant,58033.5,51,1.084,0.552,0,0.943,0.435,0.274,38.3,0
gig_worker,19356.99,46,0.964,0.651,0,0.642,0.0,0.195,30.4,0
kirana_merchant,19985.22,55,1.057,0.193,7,0.706,0.375,0.162,51.7,0
freelancer,34168.87,45,0.721,0.625,0,0.482,0.0,0.26,32.0,0
freelancer,20158.59,43,0.957,0.217,14,0.819,0.0,0.348,22.6,0
gig_worker,29035.16,47,0.899,0.154,10,0.679,0.0,0.328,42.6,1
freelancer,12384.88,53,1.062,0.475,3,0.934,0.0,0.206,41.8,0
kirana_merchant,81402.8,42,0.855,0.58,7,0.588,0.225,0.29,56.4,0
gig_worker,13713.63,44,0.74,0.866,1,0.686,0.0,0.093,68.3,0
kirana_merchant,22905.3,53,0.792,0.659,0,0.66,0.811,0.143,27.1,0
freelancer,26469.79,46,0.709,0.573,1,0.662,0.0,0.337,5.0,0
kirana_merchant,70006.55,44,0.71,0.272,1,0.771,0.178,0.203,84.6,0
gig_worker,13871.3,63,0.835,0.222,4,0.284,0.0,0.198,71.1,0
kirana_merchant,72537.0,48,1.046,0.586,10,0.683,0.821,0.1,54.1,0
gig_worker,39284.62,51,0.696,0.278,0,0.535,0.0,0.183,69.4,0
gig_worker,33141.7,44,0.744,0.665,1,0.56,0.0,0.075,70.3,1
gig_worker,16443.46,35,1.026,0.192,11,0.547,0.0,0.262,69.3,1
gig_worker,35795.25,33,0.77,0.372,2,0.289,0.0,0.308,78.1,1
gig_worker,18737.02,46,1.081,0.718,3,0.212,0.0,0.275,82.8,1
gig_worker,50682.23,50,0.734,0.765,2,0.286,0.0,0.061,79.5,1
kirana_merchant,16555.42,55,0.821,0.376,1,0.548,0.605,0.205,60.1,0
gig_worker,25423.28,47,0.648,0.265,1,0.502,0.0,0.141,76.7,0
gig_worker,20381.1,41,1.096,0.867,1,0.313,0.0,0.127,71.2,0
freelancer,16419.72,45,1.045,0.709,0,0.779,0.0,0.283,36.3,0
kirana_merchant,38974.38,48,1.009,0.746,1,0.772,0.678,0.178,40.9,0
kirana_merchant,35162.29,41,0.679,0.278,1,0.929,0.743,0.3,57.4,0
gig_worker,49242.14,38,1.085,0.44,8,0.879,0.0,0.154,45.9,1
gig_worker,11048.64,37,1.065,0.155,4,0.862,0.0,0.2,77.9,0
gig_worker,45802.11,43,0.818,0.188,1,0.842,0.0,0.126,69.5,0
gig_worker,94157.52,51,0.941,0.277,5,0.905,0.0,0.152,71.8,0
gig_worker,21465.01,60,1.096,0.343,1,0.611,0.0,0.246,76.5,0
gig_worker,69395.29,44,0.805,0.898,1,0.263,0.0,0.114,76.1,1
gig_worker,23586.25,43,0.657,0.438,1,0.653,0.0,0.349,82.3,0
gig_worker,13545.3,43,1.034,0.658,4,0.877,0.0,0.289,71.1,1
kirana_merchant,23090.67,45,0.838,0.824,13,0.276,0.138,0.06,40.4,0
gig_worker,45437.91,42,1.093,0.297,9,0.856,0.0,0.096,66.9,0
gig_worker,17692.78,46,0.875,0.216,1,0.31,0.0,0.242,66.4,0
kirana_merchant,19927.0,43,0.615,0.295,3,0.221,0.025,0.078,29.2,0
kirana_merchant,36198.38,52,0.846,0.806,1,0.762,0.15,0.022,69.3,0
gig_worker,26944.38,48,0.959,0.633,5,0.716,0.0,0.234,66.0,1
kirana_merchant,36037.36,60,0.613,0.461,2,0.902,0.38,0.097,10.9,0
kirana_merchant,30300.36,46,0.807,0.756,10,0.73,0.367,0.078,40.5,0
gig_worker,34194.25,44,0.678,0.289,11,0.411,0.0,0.244,55.3,1
freelancer,21673.58,56,0.922,0.291,2,0.937,0.0,0.155,34.8,0
freelancer,30208.1,37,1.079,0.554,1,0.922,0.0,0.331,27.8,0
gig_worker,16921.05,49,0.912,0.732,0,0.954,0.0,0.108,66.1,0
gig_worker,51236.98,45,0.947,0.308,7,0.791,0.0,0.101,80.5,0
freelancer,19591.73,44,0.798,0.268,32,0.896,0.0,0.206,40.6,1
kirana_merchant,47307.48,44,0.882,0.479,9,0.393,0.471,0.183,62.4,1
gig_worker,23937.38,40,0.872,0.207,0,0.668,0.0,0.052,96.5,0
gig_worker,29762.35,32,0.98,0.698,17,0.414,0.0,0.22,74.9,0
gig_worker,21005.04,47,1.028,0.562,15,0.462,0.0,0.264,70.0,1
kirana_merchant,16187.62,43,0.931,0.51,0,0.862,0.794,0.085,50.0,0
kirana_merchant,11244.34,42,1.09,0.798,5,0.768,0.2,0.104,30.0,0
gig_worker,15872.41,42,1.014,0.686,2,0.941,0.0,0.042,60.4,0
kirana_merchant,22880.62,51,0.662,0.219,1,0.826,0.753,0.082,34.5,0
kirana_merchant,29909.74,47,0.854,0.436,1,0.432,0.519,0.147,40.3,0
gig_worker,44586.65,41,1.052,0.357,15,0.906,0.0,0.241,63.0,0
gig_worker,21528.25,46,1.072,0.742,1,0.261,0.0,0.188,86.8,0
kirana_merchant,17309.65,48,0.79,0.675,4,0.265,0.14,0.081,53.4,1
freelancer,13077.42,54,0.963,0.478,3,0.419,0.0,0.058,28.1,0
kirana_merchant,34201.74,46,0.805,0.759,4,0.844,0.857,0.183,6.3,0
kirana_merchant,53723.04,34,0.662,0.428,0,0.942,0.401,0.335,41.7,0
gig_worker,50673.84,50,1.042,0.743,6,0.716,0.0,0.124,84.1,0
kirana_merchant,38367.51,48,1.066,0.126,3,0.943,0.815,0.072,50.4,0
kirana_merchant,37022.15,44,0.852,0.208,1,0.68,0.02,0.293,41.5,1
gig_worker,62869.21,43,0.609,0.705,1,0.946,0.0,0.115,66.3,0
gig_worker,31762.47,48,1.008,0.192,4,0.54,0.0,0.055,69.2,0
gig_worker,37162.85,34,0.838,0.647,3,0.978,0.0,0.347,53.7,0
gig_worker,22916.4,46,0.638,0.679,1,0.368,0.0,0.09,68.5,0
gig_worker,13615.69,37,0.695,0.63,2,0.385,0.0,0.135,44.7,0
gig_worker,19112.07,49,0.676,0.755,7,0.396,0.0,0.084,49.1,1
gig_worker,26780.26,48,0.943,0.509,1,0.334,0.0,0.334,75.8,0
gig_worker,27733.4,41,0.75,0.818,16,0.606,0.0,0.245,70.7,1
freelancer,70484.13,51,0.664,0.556,0,0.634,0.0,0.264,16.9,0
kirana_merchant,28019.01,47,1.059,0.506,0,0.823,0.883,0.054,57.9,0
kirana_merchant,48504.98,39,1.078,0.508,6,0.444,0.011,0.242,40.7,1
kirana_merchant,21643.52,48,0.669,0.83,5,0.929,0.418,0.192,51.0,0
kirana_merchant,23021.0,51,0.715,0.295,0,0.867,0.797,0.177,58.9,0
gig_worker,13842.46,51,0.896,0.656,0,0.8,0.0,0.188,60.2,1
kirana_merchant,18561.34,48,0.675,0.294,4,0.985,0.281,0.228,21.2,0
kirana_merchant,35013.56,60,0.679,0.174,1,0.221,0.919,0.047,35.0,0
kirana_merchant,27005.07,48,0.768,0.863,5,0.991,0.668,0.214,31.4,0
kirana_merchant,43108.23,38,1.075,0.204,8,0.388,0.542,0.18,44.6,0
gig_worker,29455.24,51,1.081,0.649,2,0.233,0.0,0.142,76.6,0
gig_worker,22556.38,49,1.021,0.44,3,0.559,0.0,0.202,63.9,0
gig_worker,78759.05,47,0.948,0.77,0,0.749,0.0,0.14,83.4,0
kirana_merchant,25669.23,53,0.96,0.719,0,0.436,0.349,0.066,71.3,0
kirana_merchant,48122.28,52,0.835,0.215,4,0.558,0.294,0.042,19.2,0
gig_worker,22013.15,48,0.865,0.474,1,0.389,0.0,0.06,58.9,0
freelancer,38361.12,32,0.917,0.122,0,0.201,0.0,0.236,31.7,0
kirana_merchant,42787.78,53,0.966,0.444,3,0.915,0.641,0.267,31.2,1
gig_worker,29859.13,57,0.648,0.66,1,0.49,0.0,0.242,77.5,0
gig_worker,8289.61,46,0.712,0.286,0,0.317,0.0,0.023,57.7,0
gig_worker,27149.83,39,1.081,0.748,0,0.508,0.0,0.195,62.4,0
gig_worker,49773.1,44,0.768,0.143,1,0.211,0.0,0.024,91.6,0
gig_worker,35022.3,50,0.734,0.128,6,0.264,0.0,0.041,90.2,0
gig_worker,33621.45,52,0.811,0.122,16,0.646,0.0,0.044,88.7,0
gig_worker,11371.57,48,0.745,0.324,0,0.38,0.0,0.055,60.5,0
gig_worker,18765.45,40,0.646,0.474,0,0.724,0.0,0.033,81.6,0
freelancer,33046.76,36,0.704,0.186,1,0.562,0.0,0.041,51.6,0
gig_worker,33030.66,37,0.92,0.897,3,0.257,0.0,0.259,57.1,1
kirana_merchant,49381.61,52,0.712,0.9,1,0.624,0.76,0.182,11.8,0
kirana_merchant,25023.4,40,0.924,0.516,3,0.707,0.686,0.335,53.9,0
freelancer,32955.45,43,0.65,0.554,2,0.646,0.0,0.205,7.2,0
gig_worker,27124.35,50,0.621,0.841,11,0.404,0.0,0.34,62.1,1
gig_worker,16424.49,52,1.031,0.716,22,0.222,0.0,0.119,48.2,1
freelancer,8708.93,51,0.98,0.234,1,0.535,0.0,0.162,36.4,0
freelancer,33373.08,45,0.933,0.734,1,0.728,0.0,0.23,65.2,0
freelancer,29347.82,59,0.615,0.285,2,0.256,0.0,0.225,47.1,1
gig_worker,19750.07,58,0.72,0.444,3,0.934,0.0,0.021,93.0,0
gig_worker,11973.05,50,1.006,0.526,11,0.474,0.0,0.186,79.3,0
kirana_merchant,36859.54,47,0.672,0.674,3,0.477,0.992,0.166,18.2,0
freelancer,23553.74,50,1.006,0.22,0,0.467,0.0,0.09,34.6,1
kirana_merchant,35540.83,47,0.892,0.161,0,0.92,0.812,0.262,48.7,0
kirana_merchant,68324.54,37,0.97,0.793,2,0.956,0.45,0.279,52.3,0
gig_worker,9221.42,40,0.922,0.761,0,0.913,0.0,0.222,85.8,0
kirana_merchant,18962.14,44,0.808,0.519,1,0.831,0.99,0.156,31.3,0
gig_worker,24229.16,29,0.746,0.63,4,0.408,0.0,0.134,74.5,1
gig_worker,55682.05,40,0.936,0.675,0,0.793,0.0,0.068,68.4,0
kirana_merchant,11870.34,36,1.003,0.481,2,0.433,0.787,0.23,57.3,0
kirana_merchant,70822.39,38,0.622,0.306,0,0.501,0.929,0.274,43.3,0
gig_worker,28794.16,44,0.79,0.485,3,0.315,0.0,0.062,72.7,0
gig_worker,25642.33,35,0.775,0.861,7,0.622,0.0,0.145,73.3,0
kirana_merchant,24366.64,51,0.88,0.77,9,0.845,0.265,0.16,49.8,0
gig_worker,21630.69,37,0.657,0.472,5,0.743,0.0,0.256,72.2,1
kirana_merchant,45435.93,46,1.067,0.28,22,0.503,0.212,0.05,64.1,1
gig_worker,15768.03,47,0.874,0.812,0,0.736,0.0,0.103,48.7,0
kirana_merchant,31974.92,49,1.062,0.611,5,0.707,0.368,0.233,58.3,0
kirana_merchant,22201.37,42,1.008,0.424,0,0.633,0.886,0.338,50.8,0
gig_worker,18378.44,43,0.696,0.189,6,0.414,0.0,0.269,75.6,0
gig_worker,98025.96,47,0.666,0.701,7,0.223,0.0,0.26,68.6,0
gig_worker,33174.12,48,1.031,0.354,2,0.23,0.0,0.095,97.2,0
gig_worker,36557.18,42,0.868,0.585,3,0.961,0.0,0.128,72.0,0
freelancer,47519.17,53,0.61,0.556,19,0.894,0.0,0.114,54.9,1
gig_worker,13217.87,55,1.067,0.66,11,0.39,0.0,0.266,98.9,0
freelancer,64611.39,50,0.837,0.53,0,0.356,0.0,0.029,25.4,1
gig_worker,7673.45,45,0.75,0.604,4,0.443,0.0,0.158,70.0,0
kirana_merchant,18317.58,56,0.858,0.165,1,0.658,0.2,0.275,19.1,0
kirana_merchant,21385.84,40,1.011,0.632,1,0.214,0.23,0.068,26.8,1
kirana_merchant,35985.15,39,0.655,0.255,2,0.914,0.801,0.331,53.7,0
kirana_merchant,30012.2,47,0.779,0.414,2,0.82,0.941,0.32,42.2,0
kirana_merchant,24750.29,26,0.759,0.51,2,0.623,0.951,0.34,34.9,1
gig_worker,26742.29,38,1.02,0.65,5,0.893,0.0,0.199,99.0,0
freelancer,16497.9,48,0.989,0.694,0,0.639,0.0,0.068,32.1,1
freelancer,12725.76,39,0.8,0.664,2,0.271,0.0,0.272,16.5,1
freelancer,38686.88,48,0.932,0.176,0,0.646,0.0,0.298,22.3,0
gig_worker,38057.48,61,0.797,0.41,6,0.585,0.0,0.046,74.4,0
kirana_merchant,59411.74,54,0.886,0.325,10,0.755,0.861,0.166,49.4,0
freelancer,18123.98,42,1.096,0.419,4,0.477,0.0,0.22,25.2,0
gig_worker,38040.54,41,0.868,0.617,2,0.488,0.0,0.24,60.9,0
gig_worker,23345.2,45,1.094,0.254,1,0.954,0.0,0.182,61.9,0
kirana_merchant,48787.89,45,0.974,0.502,2,0.935,0.983,0.036,68.7,0
kirana_merchant,44845.63,52,0.66,0.808,0,0.92,0.455,0.215,66.2,0
freelancer,29899.73,59,0.998,0.685,2,0.532,0.0,0.05,35.7,0
gig_worker,22702.6,39,0.681,0.68,5,0.8,0.0,0.045,76.7,0
kirana_merchant,43497.82,44,0.866,0.779,8,0.952,0.171,0.048,46.2,0
gig_worker,37177.25,44,0.907,0.419,2,0.974,0.0,0.332,64.5,0
gig_worker,19106.42,44,1.046,0.708,2,0.394,0.0,0.247,82.5,1
gig_worker,13850.83,38,0.705,0.147,6,0.372,0.0,0.224,48.7,0
freelancer,23288.93,42,1.038,0.145,1,0.598,0.0,0.262,41.7,0
kirana_merchant,57394.68,35,1.067,0.365,1,0.896,0.883,0.1,61.7,0
kirana_merchant,47726.57,41,0.645,0.257,5,0.623,0.929,0.124,30.5,0
gig_worker,15426.41,43,1.043,0.515,0,0.833,0.0,0.318,66.0,0
freelancer,15004.74,58,0.73,0.247,5,0.58,0.0,0.237,5.0,0
gig_worker,50885.94,48,0.641,0.88,1,0.801,0.0,0.295,59.6,1
freelancer,15247.67,45,1.079,0.781,0,0.413,0.0,0.332,62.2,0
kirana_merchant,34705.3,38,0.796,0.886,4,0.859,0.968,0.169,13.1,0
gig_worker,19770.86,52,0.911,0.746,9,0.838,0.0,0.212,60.5,0
kirana_merchant,60386.6,47,0.876,0.861,2,0.38,0.352,0.121,67.1,0
gig_worker,18302.4,41,0.707,0.394,0,0.898,0.0,0.296,68.8,0
kirana_merchant,47652.04,53,0.935,0.498,6,0.294,0.442,0.17,33.2,0
kirana_merchant,29508.37,32,0.623,0.292,4,0.815,0.956,0.257,46.4,0
gig_worker,30518.78,43,0.702,0.609,4,0.88,0.0,0.207,63.3,0
freelancer,10045.16,47,1.072,0.731,5,0.863,0.0,0.195,26.0,0
gig_worker,8942.26,41,1.077,0.499,0,0.395,0.0,0.072,74.9,0
kirana_merchant,24093.97,34,0.841,0.337,4,0.265,0.887,0.259,36.5,0
freelancer,30438.18,45,0.685,0.506,11,0.223,0.0,0.037,40.1,1
kirana_merchant,15327.46,43,0.811,0.15,2,0.219,0.984,0.277,74.2,0
gig_worker,15609.79,39,1.039,0.677,2,0.609,0.0,0.324,83.1,0
freelancer,35622.63,41,0.635,0.461,5,0.36,0.0,0.284,40.4,1
kirana_merchant,35647.25,46,0.664,0.819,12,0.897,0.76,0.083,39.7,0
gig_worker,25112.71,43,1.048,0.839,4,0.331,0.0,0.121,50.4,1
gig_worker,39739.5,55,0.808,0.2,0,0.737,0.0,0.089,89.1,0
kirana_merchant,14956.46,38,0.642,0.897,1,0.934,0.17,0.096,38.5,0
kirana_merchant,22517.15,45,0.67,0.876,4,0.972,0.131,0.289,28.6,0
kirana_merchant,61324.75,45,1.041,0.602,0,0.887,0.496,0.041,20.4,0
freelancer,27838.11,46,0.845,0.76,1,0.364,0.0,0.175,37.4,0
kirana_merchant,28657.09,45,0.681,0.115,1,0.624,0.379,0.216,45.9,0
gig_worker,85218.45,55,1.047,0.876,2,0.348,0.0,0.333,62.9,0
gig_worker,13364.12,44,1.023,0.465,4,0.678,0.0,0.235,83.4,0
gig_worker,40063.27,45,0.612,0.828,0,0.391,0.0,0.253,75.9,0
kirana_merchant,61820.68,48,0.89,0.408,2,0.464,0.098,0.2,27.7,1
gig_worker,22869.77,46,0.722,0.731,0,0.642,0.0,0.142,49.2,0
kirana_merchant,41349.49,48,0.867,0.434,9,0.298,0.604,0.137,41.2,0
kirana_merchant,16464.97,38,0.74,0.39,9,0.484,0.651,0.252,35.6,0
freelancer,19084.54,42,0.758,0.857,0,0.472,0.0,0.142,42.1,0
gig_worker,32613.55,32,0.901,0.659,2,0.668,0.0,0.241,83.7,0
freelancer,40106.08,42,0.869,0.772,2,0.658,0.0,0.2,53.6,0
gig_worker,47120.73,37,0.798,0.535,1,0.512,0.0,0.203,57.6,0
freelancer,58971.78,45,0.654,0.835,0,0.892,0.0,0.128,29.0,1
gig_worker,26011.05,58,1.085,0.692,0,0.714,0.0,0.086,63.0,0
gig_worker,48864.47,43,0.687,0.158,1,0.844,0.0,0.031,55.4,0
kirana_merchant,22671.13,43,0.917,0.713,4,0.657,0.053,0.108,58.1,1
gig_worker,42236.74,41,0.641,0.115,0,0.505,0.0,0.207,70.7,0
gig_worker,29844.16,38,0.944,0.763,8,0.504,0.0,0.294,84.0,0
kirana_merchant,33618.74,30,0.647,0.365,0,0.366,0.376,0.284,41.8,0
kirana_merchant,33248.13,40,0.715,0.579,5,0.867,0.375,0.273,55.2,0
kirana_merchant,12059.98,42,0.923,0.7,0,0.874,0.777,0.078,34.7,0
kirana_merchant,15335.71,49,0.741,0.61,3,0.287,0.448,0.245,25.4,0
kirana_merchant,28318.5,47,0.866,0.638,0,0.865,0.371,0.096,52.4,0
gig_worker,11572.19,40,0.662,0.814,0,0.857,0.0,0.129,55.0,0
gig_worker,40766.08,38,0.701,0.399,1,0.682,0.0,0.265,61.1,0
gig_worker,41596.78,46,0.967,0.538,3,0.797,0.0,0.119,75.3,0
freelancer,31684.58,35,0.618,0.24,3,0.937,0.0,0.227,29.4,0
kirana_merchant,15358.63,46,0.656,0.474,0,0.589,0.823,0.243,57.2,0
kirana_merchant,53641.03,44,0.707,0.22,0,0.822,0.927,0.339,33.4,0
kirana_merchant,74503.79,45,0.61,0.607,2,0.967,0.631,0.073,20.4,0
freelancer,28956.17,42,0.648,0.359,0,0.505,0.0,0.079,32.5,0
gig_worker,34726.82,45,0.741,0.787,8,0.557,0.0,0.172,35.8,1
kirana_merchant,29758.48,40,0.646,0.375,11,0.724,0.514,0.194,38.9,0
kirana_merchant,35072.92,45,1.033,0.329,4,0.599,0.284,0.147,24.0,0
kirana_merchant,25342.06,51,0.633,0.493,0,0.408,1.0,0.23,55.6,0
gig_worker,26442.24,53,1.03,0.24,6,0.687,0.0,0.216,74.5,0
freelancer,42313.39,38,1.011,0.263,11,0.808,0.0,0.238,44.3,0
freelancer,86925.97,44,0.65,0.727,7,0.205,0.0,0.318,48.6,0
kirana_merchant,13359.25,40,0.613,0.498,4,0.361,0.459,0.069,55.1,0
kirana_merchant,25542.37,40,0.625,0.265,1,0.995,0.127,0.289,54.2,0
freelancer,14909.74,49,0.895,0.125,0,0.887,0.0,0.219,47.6,0
kirana_merchant,59635.87,48,0.935,0.473,5,0.996,0.482,0.311,58.9,0
gig_worker,20052.94,52,0.91,0.694,0,0.712,0.0,0.025,54.4,0
kirana_merchant,13074.25,53,0.871,0.381,7,0.605,0.751,0.294,55.9,0
kirana_merchant,37015.55,48,0.687,0.298,6,0.226,0.57,0.09,47.1,0
kirana_merchant,64354.08,50,1.02,0.417,0,0.476,0.72,0.334,50.3,0
kirana_merchant,37488.85,48,0.764,0.867,0,0.531,0.856,0.125,69.8,0
freelancer,29804.03,44,1.093,0.439,7,0.306,0.0,0.257,42.5,0
freelancer,33010.15,46,0.792,0.308,4,0.516,0.0,0.288,32.8,0
kirana_merchant,54579.87,43,0.732,0.555,0,0.38,0.182,0.325,16.0,1
gig_worker,17376.96,43,1.047,0.749,5,0.554,0.0,0.086,68.1,0
freelancer,25439.96,46,0.884,0.118,8,0.673,0.0,0.225,43.7,0
freelancer,21453.75,44,0.961,0.546,15,0.733,0.0,0.032,22.2,1
gig_worker,15003.93,44,0.804,0.769,1,0.632,0.0,0.039,88.2,0
freelancer,22829.58,58,1.043,0.272,1,0.229,0.0,0.157,61.4,1
freelancer,46810.39,49,1.059,0.837,5,0.934,0.0,0.249,38.6,0
kirana_merchant,35714.11,62,0.818,0.562,0,0.861,0.83,0.236,40.9,0
kirana_merchant,37129.06,46,0.72,0.513,14,0.682,0.276,0.175,39.0,1
gig_worker,28947.46,45,0.924,0.871,3,0.883,0.0,0.219,96.8,0
gig_worker,34949.59,53,1.077,0.204,5,0.896,0.0,0.225,88.8,0
gig_worker,18028.42,45,0.911,0.692,12,0.382,0.0,0.297,50.9,0
freelancer,23045.94,41,1.077,0.755,3,0.413,0.0,0.313,35.5,1
gig_worker,29613.99,36,0.772,0.491,0,0.256,0.0,0.146,97.2,0
gig_worker,30907.62,49,1.058,0.105,1,0.642,0.0,0.042,84.0,0
gig_worker,31574.15,47,0.656,0.519,1,0.773,0.0,0.099,58.6,0
kirana_merchant,25105.25,43,0.779,0.223,2,0.289,0.212,0.052,40.1,0
freelancer,22276.52,50,0.847,0.55,1,0.575,0.0,0.281,31.6,0
gig_worker,130468.31,38,0.927,0.691,1,0.852,0.0,0.04,56.9,1
gig_worker,42336.02,39,0.747,0.525,4,0.732,0.0,0.174,99.0,0
kirana_merchant,33076.35,40,1.062,0.605,0,0.65,0.093,0.199,63.7,0
kirana_merchant,23942.15,49,1.052,0.183,0,0.623,0.215,0.294,50.9,0
gig_worker,21469.54,38,1.0,0.178,9,0.496,0.0,0.251,77.2,0
kirana_merchant,25200.01,41,0.657,0.781,1,0.549,0.404,0.218,65.6,0
gig_worker,31145.17,45,0.639,0.139,8,0.433,0.0,0.212,66.5,0
gig_worker,10506.84,50,0.849,0.327,1,0.739,0.0,0.175,83.7,0
kirana_merchant,12274.82,49,0.983,0.85,2,0.715,0.344,0.317,78.8,0
kirana_merchant,19566.2,48,0.662,0.467,5,0.361,0.166,0.079,50.2,0
freelancer,29838.95,48,0.921,0.64,3,0.414,0.0,0.338,48.1,0
gig_worker,23869.66,40,0.864,0.277,16,0.989,0.0,0.219,70.5,0
kirana_merchant,56334.4,44,0.963,0.316,0,0.284,0.33,0.098,36.2,0
kirana_merchant,12820.51,42,0.818,0.507,1,0.755,0.521,0.261,27.8,0
gig_worker,18477.84,40,0.947,0.61,14,0.613,0.0,0.143,74.5,0
kirana_merchant,57529.08,50,0.68,0.868,1,0.263,0.075,0.053,20.8,1
gig_worker,28726.05,49,0.707,0.56,1,0.248,0.0,0.047,62.1,0
freelancer,41874.04,48,1.052,0.177,0,0.841,0.0,0.206,28.5,1
gig_worker,75028.51,45,0.765,0.394,0,0.694,0.0,0.232,80.3,0
kirana_merchant,19017.17,47,1.093,0.295,10,0.236,0.655,0.129,31.8,0
gig_worker,25599.88,46,0.623,0.304,1,0.43,0.0,0.249,71.9,0
freelancer,23477.24,42,0.848,0.504,2,0.407,0.0,0.109,15.8,0
kirana_merchant,10124.4,31,0.762,0.353,40,0.649,0.442,0.134,45.6,1
kirana_merchant,23035.73,42,1.098,0.331,5,0.393,0.229,0.095,59.3,0
gig_worker,41794.96,54,1.095,0.874,1,0.836,0.0,0.229,67.4,0
kirana_merchant,35252.61,47,0.718,0.567,0,0.39,0.898,0.182,22.7,0
gig_worker,36663.67,44,0.734,0.309,0,0.561,0.0,0.07,75.2,0
freelancer,22297.85,42,0.975,0.321,2,0.538,0.0,0.341,64.2,0
gig_worker,19379.12,46,1.045,0.749,0,0.257,0.0,0.316,67.8,1
gig_worker,50748.02,48,0.932,0.809,6,0.512,0.0,0.278,74.8,0
gig_worker,20980.35,44,1.032,0.643,1,0.526,0.0,0.052,58.5,0
kirana_merchant,31164.69,54,0.632,0.445,7,0.316,0.192,0.164,36.8,1
kirana_merchant,29192.51,49,0.92,0.712,3,0.908,0.949,0.191,35.0,0
gig_worker,55874.23,48,0.95,0.85,5,0.499,0.0,0.332,79.6,1
kirana_merchant,43726.35,46,0.695,0.233,3,0.879,0.182,0.139,32.2,0
kirana_merchant,14078.03,40,0.989,0.789,2,0.666,0.906,0.241,37.6,0
kirana_merchant,14856.96,54,1.072,0.779,9,0.208,0.949,0.203,47.8,1
kirana_merchant,35934.56,53,1.049,0.393,3,0.746,0.712,0.287,11.6,0
kirana_merchant,26051.51,45,0.722,0.333,6,0.523,0.998,0.057,55.8,0
kirana_merchant,21427.15,42,0.762,0.552,10,0.786,0.05,0.292,23.3,0
gig_worker,44703.81,52,0.85,0.318,4,0.752,0.0,0.235,55.2,0
gig_worker,29546.77,45,0.679,0.216,1,0.791,0.0,0.056,55.9,0
freelancer,27618.16,35,1.077,0.862,3,0.753,0.0,0.266,57.3,1
freelancer,39732.08,46,0.681,0.493,7,0.216,0.0,0.13,55.7,0
gig_worker,22302.31,39,0.981,0.478,18,0.972,0.0,0.046,61.0,1
gig_worker,58939.07,49,0.771,0.201,0,0.571,0.0,0.165,94.9,0
kirana_merchant,18141.84,34,0.887,0.503,3,0.913,0.309,0.078,69.7,1
kirana_merchant,37364.06,31,0.624,0.694,0,0.332,0.756,0.11,46.0,0
gig_worker,55100.63,46,0.703,0.298,6,0.486,0.0,0.349,99.0,0
gig_worker,13512.25,49,0.822,0.395,17,0.979,0.0,0.07,90.2,0
kirana_merchant,22659.45,36,0.939,0.243,0,0.9,0.813,0.146,42.1,0
kirana_merchant,47624.55,51,0.989,0.384,0,0.838,0.085,0.239,53.4,0
gig_worker,47983.97,39,0.615,0.789,2,0.432,0.0,0.342,62.8,1
gig_worker,24692.43,49,0.676,0.29,1,0.764,0.0,0.144,67.5,0
gig_worker,18632.53,37,0.965,0.124,1,0.393,0.0,0.09,70.1,0
kirana_merchant,43389.29,36,1.007,0.529,0,0.737,0.496,0.154,29.8,1
gig_worker,48619.24,46,0.718,0.564,1,0.974,0.0,0.073,74.8,0
gig_worker,15027.97,36,0.715,0.363,2,0.48,0.0,0.346,44.5,0
kirana_merchant,14735.92,51,0.644,0.613,0,0.591,0.13,0.177,46.4,0
gig_worker,30110.47,34,0.675,0.13,8,0.52,0.0,0.238,66.8,0
kirana_merchant,36852.56,55,0.604,0.372,15,0.28,0.64,0.138,55.9,1
gig_worker,23166.57,45,0.895,0.216,5,0.961,0.0,0.106,65.8,0
gig_worker,37784.22,47,1.052,0.284,6,0.51,0.0,0.051,75.9,0
gig_worker,18862.51,36,0.675,0.406,1,0.969,0.0,0.278,67.8,0
kirana_merchant,9345.53,49,0.976,0.495,5,0.776,0.435,0.206,26.9,0
freelancer,21764.8,47,0.887,0.175,1,0.377,0.0,0.089,38.4,1
freelancer,27767.35,50,1.07,0.181,4,0.686,0.0,0.241,36.6,0
gig_worker,23437.21,41,0.999,0.639,4,0.273,0.0,0.101,85.4,0
kirana_merchant,15073.57,46,1.026,0.423,7,0.357,0.026,0.09,67.4,0
gig_worker,10852.77,46,0.92,0.241,7,0.285,0.0,0.308,99.0,0
gig_worker,20805.15,40,1.006,0.288,4,0.252,0.0,0.183,76.9,0
freelancer,42143.17,40,0.775,0.676,11,0.695,0.0,0.196,42.1,1
gig_worker,50417.76,38,0.705,0.141,2,0.416,0.0,0.274,75.6,0
gig_worker,48720.57,36,1.056,0.507,0,0.806,0.0,0.178,60.3,1
gig_worker,17890.86,42,0.967,0.388,1,0.469,0.0,0.099,66.9,1
gig_worker,15110.53,38,0.645,0.749,3,0.896,0.0,0.261,78.4,0
gig_worker,34486.3,45,1.033,0.732,2,0.553,0.0,0.3,89.0,1
kirana_merchant,36958.47,47,0.774,0.651,10,0.481,0.024,0.229,63.0,1
kirana_merchant,32862.41,34,0.749,0.408,2,0.233,0.646,0.285,40.4,1
freelancer,9827.78,44,0.912,0.605,4,0.784,0.0,0.029,24.2,1
freelancer,17440.63,43,0.884,0.612,2,0.981,0.0,0.181,57.8,0
gig_worker,26506.77,39,0.869,0.366,7,0.408,0.0,0.157,63.5,0
gig_worker,34324.31,42,0.727,0.804,3,0.724,0.0,0.039,54.7,0
gig_worker,39484.11,40,1.08,0.888,3,0.74,0.0,0.089,75.1,1
kirana_merchant,28915.32,53,1.075,0.352,4,0.552,0.162,0.163,39.2,0
gig_worker,31741.87,55,0.602,0.741,3,0.474,0.0,0.245,70.6,1
kirana_merchant,28069.33,32,0.769,0.501,0,0.242,0.117,0.148,40.4,0
kirana_merchant,37903.92,45,0.623,0.471,4,0.96,0.491,0.259,42.8,0
kirana_merchant,31458.76,46,1.025,0.409,14,0.608,0.812,0.243,43.0,0
kirana_merchant,27802.16,48,1.043,0.334,1,0.445,0.72,0.337,53.0,0
gig_worker,23524.92,42,0.859,0.836,10,0.905,0.0,0.067,73.8,0
freelancer,28019.21,50,1.02,0.693,6,0.31,0.0,0.341,35.5,1
kirana_merchant,34279.26,46,0.952,0.453,17,0.76,0.512,0.047,51.0,0
gig_worker,30752.84,56,0.85,0.701,1,0.294,0.0,0.289,83.2,1
freelancer,32546.11,30,0.782,0.675,3,0.784,0.0,0.123,16.6,1
kirana_merchant,52646.81,34,0.733,0.314,1,0.682,0.554,0.159,32.9,0
freelancer,30717.32,45,0.73,0.241,2,0.656,0.0,0.111,12.1,0
kirana_merchant,19448.02,39,0.881,0.769,7,0.65,0.622,0.289,43.3,0
kirana_merchant,41848.17,42,0.683,0.749,11,0.55,0.929,0.177,35.5,0
gig_worker,13587.44,55,0.687,0.897,2,0.917,0.0,0.242,58.6,0
gig_worker,15666.71,48,0.605,0.115,9,0.23,0.0,0.334,71.9,1
kirana_merchant,31822.33,31,0.907,0.532,1,0.902,0.871,0.141,27.9,0
kirana_merchant,34828.75,55,1.097,0.661,4,0.54,0.056,0.179,52.0,0
gig_worker,14435.91,54,1.045,0.566,8,0.463,0.0,0.042,70.8,0
gig_worker,22216.52,33,0.953,0.668,1,0.677,0.0,0.218,68.0,0
freelancer,19869.84,48,0.993,0.21,2,0.373,0.0,0.124,38.0,0
freelancer,21092.27,41,0.808,0.101,16,0.556,0.0,0.222,43.8,0
kirana_merchant,43122.44,44,0.749,0.174,5,0.702,0.876,0.12,42.6,0
gig_worker,38301.82,35,0.784,0.404,2,0.499,0.0,0.056,67.5,0
gig_worker,26647.19,46,0.641,0.363,1,0.454,0.0,0.121,69.2,0
gig_worker,20476.21,51,0.917,0.799,0,0.672,0.0,0.291,82.7,1
freelancer,13700.33,39,0.687,0.167,2,0.7,0.0,0.08,12.6,0
gig_worker,54725.91,49,0.981,0.454,1,0.45,0.0,0.078,71.2,0
kirana_merchant,36172.59,62,0.695,0.866,1,0.719,0.657,0.292,65.1,0
gig_worker,18895.24,45,0.714,0.502,3,0.875,0.0,0.105,83.9,0
kirana_merchant,38553.41,33,1.079,0.206,1,0.291,0.289,0.13,48.5,0
kirana_merchant,25974.96,31,0.653,0.333,1,0.951,0.63,0.198,53.0,0
freelancer,23305.51,42,0.849,0.601,9,0.254,0.0,0.16,69.9,0
gig_worker,33443.27,46,0.631,0.11,2,0.619,0.0,0.291,74.4,0
gig_worker,18569.04,44,0.645,0.874,1,0.922,0.0,0.211,65.8,1
gig_worker,22654.68,60,0.917,0.554,6,0.405,0.0,0.256,89.6,0
freelancer,28587.66,58,0.915,0.663,2,0.757,0.0,0.254,38.7,1
freelancer,20957.97,45,0.697,0.499,0,0.234,0.0,0.045,8.9,0
kirana_merchant,37591.85,33,1.036,0.866,1,0.584,0.501,0.342,47.4,0
kirana_merchant,68496.18,50,0.951,0.571,3,0.701,0.5,0.043,52.7,0
kirana_merchant,18450.58,46,0.75,0.63,0,0.632,0.578,0.333,29.0,0
gig_worker,11701.09,43,0.724,0.789,3,0.342,0.0,0.346,99.0,0
freelancer,9888.52,53,0.977,0.789,1,0.217,0.0,0.106,26.6,1
kirana_merchant,24953.41,39,0.967,0.123,4,0.559,0.322,0.232,35.8,0
gig_worker,19310.76,61,0.674,0.327,6,0.344,0.0,0.038,85.3,0
kirana_merchant,29849.71,52,0.775,0.297,3,0.492,0.926,0.245,54.1,0
gig_worker,28747.29,42,0.708,0.105,1,0.872,0.0,0.082,74.7,0
gig_worker,12068.95,49,0.747,0.801,1,0.639,0.0,0.331,78.3,1
kirana_merchant,10856.92,46,0.744,0.354,3,0.265,0.019,0.236,38.2,1
gig_worker,31193.55,53,1.088,0.378,6,0.774,0.0,0.272,65.2,0
kirana_merchant,28788.01,47,0.975,0.18,7,0.56,0.437,0.332,26.3,0
gig_worker,21743.95,46,0.99,0.892,6,0.232,0.0,0.303,99.0,0
gig_worker,11747.88,42,0.739,0.761,0,0.777,0.0,0.174,53.1,0
gig_worker,34053.76,44,0.6,0.557,7,0.909,0.0,0.076,71.3,0
gig_worker,50815.15,45,0.629,0.718,2,0.797,0.0,0.127,53.5,0
kirana_merchant,30914.83,47,0.876,0.722,1,0.982,0.553,0.214,41.3,0
gig_worker,17610.72,47,0.743,0.625,0,0.326,0.0,0.266,78.4,0
kirana_merchant,27509.21,33,0.696,0.239,2,0.652,0.156,0.104,44.5,0
kirana_merchant,13588.01,56,0.625,0.676,0,0.274,0.658,0.168,74.1,0
kirana_merchant,45660.11,48,1.038,0.556,11,0.981,0.421,0.138,50.9,0
freelancer,28026.96,42,0.9,0.679,15,0.372,0.0,0.176,36.4,1
kirana_merchant,11113.56,45,0.654,0.535,7,0.954,0.609,0.129,54.5,0
gig_worker,23147.98,41,0.983,0.865,16,0.566,0.0,0.072,65.1,1
gig_worker,33916.29,45,0.978,0.602,0,0.835,0.0,0.18,69.7,0
gig_worker,22776.31,57,0.745,0.559,0,0.964,0.0,0.333,54.1,0
kirana_merchant,23436.55,40,0.694,0.774,8,0.386,0.182,0.055,59.1,1
gig_worker,14585.73,45,1.007,0.403,0,0.853,0.0,0.296,77.8,1
kirana_merchant,35713.02,46,0.765,0.353,0,0.912,0.297,0.263,56.8,0
kirana_merchant,19453.17,35,1.024,0.503,0,0.641,0.559,0.129,66.8,0
gig_worker,9152.45,44,0.622,0.568,1,0.739,0.0,0.065,72.6,0
kirana_merchant,22345.3,42,0.85,0.276,8,0.555,0.5,0.328,38.7,0
gig_worker,43939.76,36,0.69,0.646,4,0.54,0.0,0.145,76.6,0
gig_worker,22170.89,47,0.936,0.742,4,0.328,0.0,0.163,70.7,1
kirana_merchant,64150.84,37,1.099,0.562,3,0.751,0.376,0.126,32.9,0
kirana_merchant,33339.03,46,0.806,0.518,13,0.334,0.03,0.3,39.1,1
kirana_merchant,31868.68,46,0.65,0.336,7,0.346,0.882,0.095,51.0,0
kirana_merchant,25230.3,50,0.759,0.828,0,0.602,0.224,0.271,30.9,0
gig_worker,26000.13,57,1.046,0.704,0,0.567,0.0,0.101,47.6,0
freelancer,23583.16,43,0.983,0.484,12,0.72,0.0,0.133,13.9,1
kirana_merchant,23129.53,43,0.716,0.627,3,0.618,0.745,0.325,51.0,1
kirana_merchant,35081.65,49,1.077,0.37,12,0.452,0.834,0.224,42.2,1
gig_worker,16849.64,50,0.911,0.148,2,0.246,0.0,0.248,74.1,0
kirana_merchant,15710.01,61,0.684,0.263,16,0.671,0.459,0.227,41.5,0
gig_worker,15342.81,42,0.886,0.164,2,0.591,0.0,0.079,77.7,0
gig_worker,74819.01,30,0.826,0.507,0,0.265,0.0,0.24,84.8,0
freelancer,35072.46,47,1.01,0.598,8,0.759,0.0,0.198,46.9,1
gig_worker,31327.33,44,0.772,0.404,4,0.404,0.0,0.293,52.1,1
freelancer,15855.04,53,1.037,0.524,3,0.227,0.0,0.346,22.8,1
kirana_merchant,36741.83,51,1.006,0.168,0,0.209,0.109,0.226,50.6,0
gig_worker,25379.94,43,0.937,0.716,0,0.632,0.0,0.13,62.2,0
kirana_merchant,29944.01,48,0.729,0.126,2,0.943,0.129,0.303,60.8,0
freelancer,16509.48,42,1.085,0.608,0,0.878,0.0,0.299,55.7,0
kirana_merchant,29147.79,39,0.874,0.447,0,0.281,0.187,0.302,64.7,0
freelancer,21765.54,49,1.054,0.247,11,0.455,0.0,0.138,34.1,0
kirana_merchant,18346.51,45,0.708,0.518,8,0.45,0.793,0.156,51.5,1
kirana_merchant,38834.07,46,1.092,0.725,9,0.882,0.698,0.274,42.6,0
freelancer,12470.81,45,1.008,0.431,0,0.84,0.0,0.159,58.7,0
gig_worker,35681.52,44,1.075,0.394,2,0.972,0.0,0.182,72.2,1
kirana_merchant,37882.44,48,0.706,0.214,0,0.617,0.294,0.023,70.8,0
gig_worker,17329.72,43,0.815,0.576,3,0.211,0.0,0.314,39.8,0
freelancer,17851.37,40,0.649,0.762,10,0.922,0.0,0.177,26.4,1
freelancer,24064.36,33,0.668,0.549,2,0.229,0.0,0.318,30.9,1
gig_worker,30977.55,48,0.742,0.232,0,0.865,0.0,0.341,99.0,0
kirana_merchant,24923.65,41,1.076,0.629,1,0.615,0.397,0.072,21.9,0
freelancer,33415.7,41,0.934,0.124,1,0.973,0.0,0.048,39.3,0
gig_worker,64957.59,44,0.757,0.77,8,0.394,0.0,0.241,78.3,0
kirana_merchant,20871.54,51,1.077,0.837,15,0.61,0.646,0.104,61.9,0
freelancer,11411.88,51,0.97,0.578,1,0.211,0.0,0.165,26.7,1
gig_worker,40658.44,36,1.053,0.805,14,0.681,0.0,0.023,49.2,1
kirana_merchant,62421.02,59,1.064,0.168,3,0.254,0.166,0.161,60.3,0
gig_worker,32741.03,48,0.975,0.283,0,0.252,0.0,0.34,88.1,0
freelancer,15617.16,36,0.722,0.354,1,0.783,0.0,0.052,33.5,0
freelancer,25287.21,37,1.098,0.719,2,0.348,0.0,0.247,35.8,1
freelancer,15378.69,34,0.763,0.487,11,0.982,0.0,0.196,7.4,1
kirana_merchant,37102.06,42,0.936,0.379,7,0.517,0.011,0.3,73.9,0
freelancer,13689.09,39,1.022,0.226,5,0.587,0.0,0.235,52.9,0
freelancer,23154.3,41,0.688,0.749,2,0.452,0.0,0.02,21.5,0
gig_worker,16282.25,40,0.905,0.116,11,0.423,0.0,0.242,86.2,0
freelancer,28664.43,48,0.788,0.37,1,0.899,0.0,0.29,5.0,0
gig_worker,22400.29,30,0.722,0.294,5,0.915,0.0,0.261,68.3,0
kirana_merchant,29389.16,45,0.606,0.203,1,0.367,0.248,0.261,40.2,0
gig_worker,27205.52,40,1.036,0.238,0,0.232,0.0,0.311,55.7,0
gig_worker,16426.82,49,0.668,0.495,4,0.422,0.0,0.22,70.6,0
gig_worker,36806.82,46,1.039,0.441,11,0.86,0.0,0.241,72.9,0
kirana_merchant,26255.14,37,0.9,0.515,0,0.598,0.458,0.197,56.8,1
gig_worker,16411.47,41,0.911,0.682,1,0.831,0.0,0.332,97.8,0
kirana_merchant,82492.55,42,1.014,0.814,6,0.866,0.291,0.242,52.0,1
gig_worker,34139.66,44,0.855,0.195,2,0.855,0.0,0.113,99.0,0
gig_worker,24918.6,42,0.779,0.166,10,0.666,0.0,0.299,74.7,0
kirana_merchant,54589.8,40,0.669,0.356,7,0.336,0.602,0.131,31.3,0
kirana_merchant,67569.22,46,0.885,0.537,3,0.705,0.742,0.304,32.6,0
gig_worker,25017.36,44,0.877,0.18,0,0.443,0.0,0.076,71.0,0
kirana_merchant,32006.64,49,0.747,0.673,2,0.811,0.511,0.083,32.4,1
freelancer,16415.78,40,0.9,0.545,3,0.364,0.0,0.193,49.2,0
kirana_merchant,24994.31,27,0.82,0.699,2,0.717,0.398,0.141,41.6,1
gig_worker,24354.42,51,1.003,0.386,2,0.269,0.0,0.334,76.5,1
gig_worker,29507.91,39,0.88,0.421,1,0.842,0.0,0.256,58.4,0
freelancer,31773.26,52,1.067,0.746,5,0.452,0.0,0.181,47.1,0
gig_worker,35593.35,42,0.859,0.314,2,0.978,0.0,0.339,63.4,0
freelancer,30297.53,46,1.044,0.405,0,0.568,0.0,0.331,53.5,0
kirana_merchant,14685.69,55,0.86,0.111,1,0.406,0.812,0.092,34.2,0
freelancer,16827.44,50,0.879,0.544,8,0.3,0.0,0.099,26.1,1
kirana_merchant,20471.65,47,0.783,0.781,2,0.989,0.165,0.286,29.4,0
freelancer,23362.32,44,0.8,0.122,4,0.52,0.0,0.163,16.3,0
gig_worker,45496.34,52,1.067,0.591,2,0.734,0.0,0.07,90.7,0
kirana_merchant,15040.93,46,0.712,0.776,2,0.457,0.037,0.323,65.2,0
kirana_merchant,22500.49,36,0.661,0.495,2,0.381,0.082,0.264,57.2,0
kirana_merchant,43325.85,35,1.015,0.35,7,0.657,0.639,0.145,38.8,0
kirana_merchant,23157.21,32,0.888,0.897,1,0.517,0.434,0.346,18.8,0
freelancer,33867.39,44,0.742,0.152,6,0.585,0.0,0.224,49.2,0
freelancer,25090.11,46,0.816,0.268,3,0.764,0.0,0.19,21.8,0
kirana_merchant,30588.87,29,0.862,0.808,4,0.426,0.081,0.193,31.6,1
kirana_merchant,23998.91,32,0.896,0.338,2,0.323,0.829,0.133,44.3,0
kirana_merchant,37553.91,45,1.011,0.756,10,0.63,0.783,0.126,56.6,0
kirana_merchant,12425.07,51,0.797,0.367,1,0.293,0.463,0.34,54.8,1
gig_worker,22434.25,47,0.938,0.75,3,0.741,0.0,0.308,83.6,0
gig_worker,31203.52,43,1.017,0.649,0,0.673,0.0,0.113,52.0,1
gig_worker,35131.3,43,1.022,0.475,2,0.387,0.0,0.326,69.9,0
gig_worker,56753.71,40,0.727,0.518,4,0.415,0.0,0.047,78.3,0
gig_worker,22125.54,49,0.775,0.242,7,0.349,0.0,0.115,49.6,1
gig_worker,56372.73,39,0.897,0.193,0,0.913,0.0,0.323,71.0,0
gig_worker,19350.78,48,1.043,0.674,2,0.455,0.0,0.04,72.1,0
gig_worker,52277.6,46,0.995,0.779,0,0.929,0.0,0.326,55.1,0
freelancer,40486.89,35,0.892,0.678,1,0.218,0.0,0.137,40.2,0
kirana_merchant,17039.18,41,1.092,0.83,8,0.514,0.494,0.079,55.5,1
gig_worker,31367.25,44,0.819,0.812,6,0.924,0.0,0.073,67.5,0
kirana_merchant,26222.74,43,1.021,0.723,1,0.773,0.681,0.157,68.0,0
gig_worker,36783.05,50,1.009,0.819,5,0.248,0.0,0.251,83.5,1
freelancer,24061.4,48,1.054,0.234,2,0.596,0.0,0.233,28.4,0
kirana_merchant,23072.04,46,1.094,0.685,9,0.302,0.834,0.125,52.7,0
gig_worker,53345.63,43,0.848,0.703,1,0.313,0.0,0.161,46.4,0
kirana_merchant,25607.47,51,0.698,0.223,16,0.555,0.819,0.104,70.4,0
freelancer,40668.58,49,0.83,0.828,2,0.9,0.0,0.154,43.5,1
freelancer,24036.39,43,1.027,0.107,26,0.491,0.0,0.084,41.3,1
kirana_merchant,61903.48,46,1.018,0.448,1,0.748,0.078,0.271,31.9,1
kirana_merchant,19164.84,48,0.768,0.117,6,0.382,0.705,0.148,24.8,1
gig_worker,19789.92,49,0.624,0.519,4,0.523,0.0,0.137,85.0,0
freelancer,57656.52,38,0.855,0.43,0,0.292,0.0,0.226,42.9,1
gig_worker,21536.98,44,0.837,0.598,11,0.308,0.0,0.107,76.7,0
freelancer,59906.31,42,0.643,0.713,1,0.723,0.0,0.156,46.2,0
kirana_merchant,42020.81,48,0.997,0.715,3,0.209,0.013,0.048,35.7,1
kirana_merchant,24901.3,45,0.742,0.678,0,0.771,0.647,0.065,41.8,0
kirana_merchant,10865.56,49,0.923,0.182,1,0.891,0.241,0.192,45.4,0
gig_worker,26644.58,43,0.651,0.434,1,0.403,0.0,0.349,59.6,0
gig_worker,28305.6,52,1.03,0.753,0,0.899,0.0,0.204,78.7,0
gig_worker,48223.84,47,0.97,0.623,17,0.786,0.0,0.171,68.7,0
gig_worker,59529.28,43,0.794,0.645,14,0.859,0.0,0.097,69.5,0
kirana_merchant,19101.2,46,0.915,0.282,0,0.83,0.515,0.141,47.0,0
gig_worker,40158.56,55,0.694,0.36,2,0.201,0.0,0.282,73.4,0
gig_worker,39446.52,58,1.093,0.865,5,0.743,0.0,0.173,72.6,0
freelancer,46014.25,28,0.998,0.778,1,0.56,0.0,0.247,8.1,0
freelancer,34521.75,42,0.994,0.232,7,0.991,0.0,0.129,32.4,0
freelancer,10185.81,43,0.677,0.536,7,0.664,0.0,0.085,36.0,0
freelancer,24891.68,44,0.609,0.492,5,0.683,0.0,0.195,20.6,1
gig_worker,15095.41,50,0.893,0.455,5,1.0,0.0,0.137,62.4,0
gig_worker,24311.31,39,0.672,0.476,12,0.414,0.0,0.057,97.2,0
kirana_merchant,43914.6,41,0.99,0.614,7,0.817,0.785,0.134,53.4,0
kirana_merchant,31337.65,44,0.808,0.874,1,0.244,0.682,0.156,42.1,1
gig_worker,47764.86,42,0.769,0.8,4,0.593,0.0,0.262,59.9,0
freelancer,31916.45,52,0.637,0.8,12,0.704,0.0,0.159,34.9,1
gig_worker,14056.46,50,1.098,0.663,2,0.365,0.0,0.323,99.0,1
gig_worker,7627.97,43,1.078,0.114,5,0.58,0.0,0.23,67.2,0
kirana_merchant,28981.25,40,0.666,0.452,0,0.565,0.05,0.31,41.7,0
kirana_merchant,24174.09,37,0.766,0.509,4,0.425,0.221,0.085,16.6,0
kirana_merchant,16506.79,50,0.795,0.774,0,0.687,0.348,0.291,27.9,0
gig_worker,11495.22,43,0.748,0.838,6,0.742,0.0,0.048,69.0,0
freelancer,18631.86,50,1.067,0.461,2,0.27,0.0,0.261,39.5,1
gig_worker,24410.15,34,0.961,0.34,1,0.324,0.0,0.13,99.0,0
gig_worker,37531.61,50,1.078,0.37,4,0.966,0.0,0.119,65.7,0
freelancer,29564.08,37,1.037,0.563,1,0.231,0.0,0.238,34.1,0
freelancer,60116.14,53,0.977,0.32,2,0.287,0.0,0.043,41.5,0
freelancer,16029.69,43,0.948,0.829,2,0.85,0.0,0.335,33.0,0
freelancer,41794.89,34,1.033,0.435,1,0.847,0.0,0.097,43.2,0
kirana_merchant,27547.01,41,0.942,0.892,2,0.963,0.714,0.289,62.1,1
kirana_merchant,38075.81,39,0.694,0.188,4,0.893,0.808,0.244,72.3,0
gig_worker,21627.97,34,0.924,0.25,8,0.373,0.0,0.155,39.0,1
kirana_merchant,45974.41,45,0.858,0.509,0,0.744,0.576,0.258,24.0,0
gig_worker,31182.5,44,1.091,0.795,3,0.358,0.0,0.138,67.1,0
gig_worker,19154.2,44,0.855,0.383,4,0.859,0.0,0.24,76.0,0
kirana_merchant,26741.93,54,0.619,0.77,0,0.618,0.528,0.021,35.3,0
kirana_merchant,23866.28,33,0.732,0.44,1,0.571,0.559,0.336,38.5,1
gig_worker,34357.97,48,1.059,0.782,11,0.601,0.0,0.069,77.6,0
gig_worker,14914.83,51,1.081,0.322,2,0.219,0.0,0.19,46.2,0
kirana_merchant,26511.24,48,0.964,0.478,2,0.773,0.949,0.107,26.1,1
gig_worker,32782.62,63,0.628,0.323,4,0.334,0.0,0.146,85.0,0
freelancer,27351.09,46,0.612,0.272,3,0.31,0.0,0.13,25.5,0
kirana_merchant,52758.0,50,0.84,0.437,1,0.441,0.418,0.344,71.0,0
kirana_merchant,39616.91,44,1.1,0.368,1,0.592,0.784,0.063,48.0,0
kirana_merchant,26802.75,47,1.035,0.73,1,0.607,0.398,0.069,70.6,0
freelancer,29981.76,38,1.067,0.698,2,0.726,0.0,0.341,55.8,0
gig_worker,31189.38,43,0.912,0.387,0,0.253,0.0,0.064,67.5,0
kirana_merchant,32913.88,45,1.03,0.894,0,0.471,0.193,0.048,20.0,0
kirana_merchant,10798.59,39,0.76,0.879,3,0.396,0.742,0.187,51.2,0
gig_worker,23138.12,53,0.614,0.834,1,0.522,0.0,0.087,68.1,0
freelancer,12807.43,39,1.059,0.569,2,0.607,0.0,0.09,33.5,0
kirana_merchant,50977.54,36,0.709,0.43,4,0.88,0.03,0.29,38.8,0
kirana_merchant,26096.99,39,0.964,0.35,5,0.888,0.697,0.098,23.4,0
freelancer,24424.2,43,0.929,0.112,3,0.628,0.0,0.127,43.4,0
freelancer,42125.08,47,0.679,0.605,0,0.829,0.0,0.24,25.0,0
kirana_merchant,33228.47,49,0.698,0.543,2,0.523,0.518,0.346,30.3,0
freelancer,15301.14,45,0.765,0.604,4,0.99,0.0,0.182,32.2,0
kirana_merchant,25966.11,48,0.978,0.561,7,0.301,0.523,0.239,61.2,0
kirana_merchant,22752.19,48,0.62,0.21,6,0.314,0.94,0.185,42.1,0
kirana_merchant,11245.62,37,0.804,0.656,0,0.435,0.57,0.079,27.6,0
kirana_merchant,19050.75,40,0.933,0.388,1,0.283,0.186,0.167,45.9,0
gig_worker,24544.18,50,0.686,0.513,1,0.204,0.0,0.228,89.9,0
freelancer,25400.51,40,0.66,0.393,8,0.461,0.0,0.041,48.3,1
freelancer,12821.57,35,0.795,0.118,8,0.237,0.0,0.076,9.1,0
gig_worker,47850.31,44,0.743,0.801,1,0.666,0.0,0.289,74.9,1
freelancer,25564.21,50,0.925,0.219,1,0.868,0.0,0.047,54.7,0
gig_worker,27413.11,51,1.085,0.566,0,0.346,0.0,0.075,73.9,0
gig_worker,32870.17,41,0.602,0.807,0,0.681,0.0,0.104,50.1,0
kirana_merchant,18141.58,41,1.051,0.277,1,0.393,0.316,0.038,18.4,1
gig_worker,33798.71,40,0.817,0.43,6,0.624,0.0,0.281,59.4,1
freelancer,22392.08,42,0.932,0.402,2,0.628,0.0,0.196,15.1,0
freelancer,17183.54,47,1.026,0.171,4,0.241,0.0,0.088,17.9,1
kirana_merchant,35836.56,39,0.887,0.439,2,0.944,0.821,0.051,21.3,0
gig_worker,56717.43,40,0.649,0.484,11,0.342,0.0,0.209,68.8,1
gig_worker,38654.35,35,0.67,0.121,3,0.661,0.0,0.22,64.6,0
kirana_merchant,42680.13,36,0.995,0.491,16,0.566,0.749,0.246,41.5,0
freelancer,20737.2,48,0.715,0.175,4,0.843,0.0,0.275,44.5,0
kirana_merchant,12102.78,35,0.885,0.814,5,0.501,0.253,0.341,23.6,1
gig_worker,56673.88,34,0.814,0.62,1,0.784,0.0,0.296,94.7,1
kirana_merchant,75151.21,56,0.752,0.145,2,0.819,0.243,0.098,58.2,0
kirana_merchant,58186.19,50,0.993,0.762,6,0.332,0.89,0.046,14.0,1
kirana_merchant,22745.15,54,0.966,0.389,9,0.738,0.306,0.051,49.3,0
gig_worker,15103.52,37,0.923,0.28,0,0.549,0.0,0.296,64.2,0
kirana_merchant,15790.42,40,0.786,0.303,6,0.964,0.965,0.271,46.6,0
kirana_merchant,11592.73,36,0.713,0.578,0,0.99,0.476,0.035,50.1,0
freelancer,25496.86,47,0.858,0.165,1,0.76,0.0,0.262,27.9,0
gig_worker,60044.36,50,1.009,0.147,1,0.651,0.0,0.263,68.0,0
kirana_merchant,25063.52,57,0.888,0.602,3,0.454,0.107,0.29,33.8,0
freelancer,31293.37,51,1.085,0.886,1,0.41,0.0,0.236,39.9,1
gig_worker,53519.35,40,0.608,0.487,0,0.583,0.0,0.198,69.5,0
freelancer,21981.41,45,1.099,0.431,2,0.628,0.0,0.118,40.9,0
kirana_merchant,74441.27,41,0.946,0.858,2,0.636,0.471,0.04,39.3,0
gig_worker,72841.94,35,1.016,0.293,1,0.847,0.0,0.052,48.2,0
gig_worker,25196.1,44,0.767,0.292,5,0.875,0.0,0.164,70.0,0
kirana_merchant,20155.51,52,0.854,0.824,26,0.483,0.155,0.079,53.2,0
gig_worker,38124.75,44,0.998,0.618,0,0.609,0.0,0.026,85.6,0
kirana_merchant,22612.03,38,0.98,0.143,4,0.806,0.131,0.171,15.4,0
gig_worker,15089.02,51,0.767,0.639,2,0.897,0.0,0.348,71.8,0
kirana_merchant,51052.99,51,0.762,0.756,3,0.32,0.242,0.341,61.7,1
gig_worker,49425.6,38,0.931,0.319,8,0.798,0.0,0.27,64.1,0
freelancer,29078.54,44,1.067,0.406,1,0.935,0.0,0.104,54.4,0
freelancer,14307.91,34,0.819,0.258,4,0.401,0.0,0.28,5.0,1
freelancer,14548.41,44,0.776,0.607,0,0.591,0.0,0.229,21.5,0
kirana_merchant,28384.96,45,1.047,0.631,1,0.202,0.804,0.128,24.1,0
gig_worker,20953.57,58,0.942,0.155,6,0.858,0.0,0.035,72.7,0
kirana_merchant,22684.87,53,0.794,0.642,1,0.874,0.378,0.181,37.8,0
gig_worker,44845.64,44,0.629,0.627,7,0.931,0.0,0.214,88.1,0
gig_worker,38816.07,48,0.961,0.128,4,0.784,0.0,0.221,85.2,0
gig_worker,53587.51,34,0.776,0.544,8,0.471,0.0,0.12,65.4,1
kirana_merchant,16394.29,41,0.635,0.591,9,0.345,0.347,0.257,55.3,1
kirana_merchant,22661.08,52,0.906,0.444,0,0.47,0.497,0.245,29.9,0
kirana_merchant,39320.09,38,0.762,0.821,6,0.382,0.408,0.12,57.4,0
kirana_merchant,33659.11,44,0.769,0.363,4,0.287,0.547,0.263,14.0,0
gig_worker,57883.65,46,0.84,0.154,0,0.573,0.0,0.267,99.0,0
freelancer,33198.78,49,0.959,0.637,6,0.363,0.0,0.296,44.2,1
kirana_merchant,67782.18,51,0.738,0.584,3,0.252,0.775,0.161,71.6,0
kirana_merchant,35242.53,39,0.64,0.891,0,0.645,0.668,0.329,56.2,1
gig_worker,45756.25,44,0.812,0.285,3,0.656,0.0,0.337,60.9,0
kirana_merchant,22885.13,37,0.627,0.416,4,0.606,0.739,0.257,5.0,0
kirana_merchant,27096.06,41,0.949,0.469,9,0.341,0.637,0.236,32.0,1
gig_worker,42424.11,48,1.08,0.789,0,0.534,0.0,0.291,81.3,0
gig_worker,60263.93,30,0.929,0.432,0,0.762,0.0,0.065,49.3,0
kirana_merchant,38739.63,53,0.738,0.718,9,0.776,0.905,0.276,75.1,0
kirana_merchant,25807.34,63,0.691,0.226,1,0.681,0.805,0.164,40.9,0
gig_worker,53565.88,40,0.716,0.428,4,0.866,0.0,0.322,99.0,0
freelancer,8991.28,49,0.711,0.224,0,0.694,0.0,0.051,26.9,0
gig_worker,13212.03,47,0.757,0.86,0,0.247,0.0,0.081,80.2,0
kirana_merchant,37828.46,50,0.649,0.242,11,0.816,0.381,0.139,52.7,0
freelancer,27093.64,52,1.048,0.435,1,0.508,0.0,0.34,11.8,1
kirana_merchant,36415.76,43,1.043,0.166,1,0.377,0.36,0.214,50.4,0
kirana_merchant,27783.67,47,0.908,0.837,3,0.228,0.041,0.323,52.9,1
gig_worker,35791.76,43,0.631,0.599,1,0.459,0.0,0.33,82.3,0
gig_worker,17904.34,42,1.002,0.87,0,0.689,0.0,0.031,89.8,0
freelancer,35783.53,37,0.631,0.134,4,0.882,0.0,0.261,12.4,0
kirana_merchant,44232.15,42,0.653,0.24,7,0.45,0.592,0.112,52.6,0
freelancer,49527.1,39,0.763,0.404,0,0.606,0.0,0.15,17.7,0
gig_worker,73627.74,41,0.816,0.597,0,0.325,0.0,0.022,57.7,1
gig_worker,30395.48,30,0.777,0.364,7,0.56,0.0,0.249,56.6,0
gig_worker,30851.96,46,0.683,0.669,2,0.427,0.0,0.3,75.1,0
kirana_merchant,12561.78,40,0.656,0.232,4,0.317,0.157,0.053,54.9,0
gig_worker,20625.72,36,1.03,0.581,4,0.592,0.0,0.225,67.8,0
freelancer,24427.36,45,0.782,0.418,4,0.961,0.0,0.104,35.4,0
kirana_merchant,45486.0,42,0.709,0.507,0,0.689,0.448,0.345,18.8,0
freelancer,19821.04,40,0.843,0.556,4,0.774,0.0,0.038,40.9,0
gig_worker,40061.46,48,0.618,0.148,0,0.377,0.0,0.194,65.0,0
freelancer,26881.38,47,0.9,0.839,2,0.542,0.0,0.297,19.9,0
kirana_merchant,24622.5,36,0.724,0.729,1,0.899,0.43,0.264,5.0,0
kirana_merchant,30468.45,33,0.899,0.454,0,0.545,0.615,0.201,27.5,1
freelancer,22124.08,47,0.907,0.538,1,0.447,0.0,0.304,32.0,0
kirana_merchant,21708.98,67,1.005,0.126,8,0.327,0.009,0.344,52.8,1
kirana_merchant,11471.34,55,0.715,0.498,0,0.666,0.406,0.054,27.5,0
gig_worker,23766.28,58,0.832,0.441,3,0.257,0.0,0.044,67.1,1
gig_worker,21163.13,51,1.081,0.4,0,0.35,0.0,0.295,92.9,0
freelancer,20785.47,54,0.964,0.752,4,0.362,0.0,0.101,53.3,1
kirana_merchant,33138.02,42,1.088,0.246,0,0.231,0.688,0.309,35.3,0
kirana_merchant,37395.89,52,1.064,0.241,3,0.275,0.395,0.134,36.1,0
kirana_merchant,30215.11,42,0.905,0.517,2,0.539,0.874,0.09,73.6,0
gig_worker,44254.29,52,0.732,0.65,0,0.206,0.0,0.126,74.3,0
gig_worker,35874.46,43,0.978,0.118,5,0.57,0.0,0.32,67.2,0
kirana_merchant,23213.1,39,0.949,0.537,10,0.975,0.64,0.264,42.4,1
kirana_merchant,21344.98,39,0.894,0.339,12,0.564,0.446,0.033,29.5,0
gig_worker,31458.08,54,0.949,0.706,1,0.849,0.0,0.347,52.0,1
kirana_merchant,35842.28,52,0.907,0.475,5,0.202,0.79,0.09,38.8,0
gig_worker,54118.0,48,0.86,0.767,1,0.795,0.0,0.181,89.0,0
kirana_merchant,48804.93,49,0.808,0.418,10,0.568,0.374,0.095,40.6,1
gig_worker,20522.22,37,0.622,0.762,12,0.434,0.0,0.111,68.6,0
kirana_merchant,25565.44,52,1.033,0.673,2,0.203,0.138,0.043,53.7,0
gig_worker,37628.19,54,1.033,0.763,1,0.67,0.0,0.238,73.7,1
kirana_merchant,45889.83,42,0.897,0.75,7,0.821,0.585,0.196,19.7,0
gig_worker,43022.77,42,0.734,0.489,0,0.336,0.0,0.24,76.5,0
gig_worker,26057.5,50,0.614,0.394,1,0.829,0.0,0.143,46.2,0
gig_worker,14371.3,38,0.601,0.712,6,0.896,0.0,0.305,89.2,0
kirana_merchant,16326.29,52,0.636,0.389,5,0.803,0.068,0.195,52.3,0
kirana_merchant,30832.26,45,0.78,0.172,5,0.848,0.354,0.337,51.5,0
gig_worker,31923.98,45,0.694,0.787,1,0.732,0.0,0.295,99.0,0
kirana_merchant,15532.04,47,0.733,0.418,2,0.832,0.776,0.2,26.3,0
freelancer,27509.45,42,0.95,0.206,8,0.894,0.0,0.342,46.5,0
kirana_merchant,36886.92,53,1.08,0.617,14,0.621,0.511,0.096,47.1,1
gig_worker,15129.27,49,0.703,0.812,4,0.865,0.0,0.212,79.8,0
kirana_merchant,46746.68,50,0.833,0.789,22,0.832,0.596,0.25,37.2,0
gig_worker,22275.32,40,1.096,0.544,2,0.356,0.0,0.047,79.3,0
gig_worker,50453.46,49,1.066,0.17,1,0.43,0.0,0.19,70.7,0
freelancer,20604.69,48,0.776,0.657,2,0.902,0.0,0.078,51.1,0
gig_worker,16101.81,39,0.76,0.587,2,0.517,0.0,0.244,75.9,0
kirana_merchant,21395.41,41,0.721,0.268,0,0.998,0.622,0.07,59.3,0
kirana_merchant,25653.26,44,0.678,0.82,5,0.728,0.673,0.279,33.1,0
kirana_merchant,22153.71,57,0.83,0.169,3,0.237,0.89,0.219,36.3,0
kirana_merchant,24149.03,43,0.771,0.398,1,0.509,0.217,0.073,26.0,0
gig_worker,31792.4,50,0.972,0.176,1,0.833,0.0,0.223,89.9,0
gig_worker,24696.34,49,0.718,0.83,1,0.495,0.0,0.023,97.2,0
kirana_merchant,26028.41,53,0.968,0.128,4,0.501,0.388,0.032,31.7,0
gig_worker,11445.9,59,0.744,0.441,3,0.475,0.0,0.092,75.6,1
gig_worker,32723.51,45,0.896,0.789,21,0.463,0.0,0.145,91.1,0
gig_worker,25729.63,47,0.919,0.301,2,0.355,0.0,0.068,74.0,1
gig_worker,60183.08,40,0.936,0.184,4,0.352,0.0,0.28,74.1,0
gig_worker,16818.21,46,0.688,0.202,9,0.835,0.0,0.057,60.4,0
gig_worker,10892.75,43,0.741,0.424,3,0.692,0.0,0.035,73.5,0
kirana_merchant,36645.07,46,0.723,0.443,9,0.419,0.493,0.022,28.3,0
kirana_merchant,31992.72,56,0.888,0.674,2,0.826,0.374,0.206,68.0,0
freelancer,16248.95,44,0.638,0.29,4,0.676,0.0,0.21,5.0,0
gig_worker,12520.54,55,0.859,0.661,9,0.582,0.0,0.081,55.0,0
gig_worker,58029.01,40,0.644,0.899,1,0.695,0.0,0.107,75.1,0
gig_worker,54559.94,38,0.769,0.791,1,0.443,0.0,0.277,53.3,1
kirana_merchant,7756.38,46,0.943,0.608,2,0.793,0.699,0.315,13.2,0
kirana_merchant,21394.49,39,0.806,0.852,1,0.389,0.779,0.128,85.6,0
gig_worker,61827.04,50,0.74,0.893,10,0.645,0.0,0.164,80.3,1
freelancer,21204.5,51,0.908,0.556,15,0.875,0.0,0.043,32.4,0
gig_worker,21050.8,46,0.97,0.319,7,0.618,0.0,0.299,79.1,0
kirana_merchant,23356.26,47,0.727,0.832,22,0.606,0.836,0.237,50.7,0
kirana_merchant,15360.45,48,0.75,0.775,3,0.718,0.632,0.046,32.9,0
freelancer,11471.4,44,0.92,0.168,2,0.451,0.0,0.215,31.4,0
kirana_merchant,45536.69,41,1.083,0.849,4,0.991,0.186,0.054,39.7,0
freelancer,10705.7,36,0.707,0.393,0,0.761,0.0,0.265,30.1,0
gig_worker,30443.74,46,0.927,0.358,5,0.469,0.0,0.063,65.8,0
freelancer,41910.42,43,1.053,0.375,1,0.707,0.0,0.174,48.0,0
gig_worker,13021.89,28,0.831,0.356,1,0.902,0.0,0.254,69.2,0
freelancer,16947.33,41,0.758,0.513,8,0.874,0.0,0.08,50.0,0
kirana_merchant,49344.89,53,0.933,0.564,8,0.956,0.283,0.053,31.6,0
freelancer,35117.18,48,0.616,0.441,2,0.323,0.0,0.27,42.7,0
kirana_merchant,19758.86,52,0.78,0.43,1,0.455,0.077,0.263,12.4,1
kirana_merchant,49075.96,45,0.729,0.69,12,0.956,0.224,0.131,52.0,0
kirana_merchant,49181.26,48,0.712,0.102,6,0.721,0.967,0.09,57.8,0
kirana_merchant,30777.1,38,0.69,0.858,3,0.933,0.56,0.324,25.5,0
gig_worker,17152.85,47,0.969,0.672,9,0.404,0.0,0.233,75.5,1
gig_worker,21878.85,43,1.078,0.666,9,0.794,0.0,0.196,82.6,0
gig_worker,31045.01,39,0.792,0.438,2,0.612,0.0,0.11,68.0,0
gig_worker,24482.22,48,0.625,0.873,1,0.721,0.0,0.141,84.3,0
freelancer,43022.5,42,0.959,0.1,1,0.653,0.0,0.132,25.5,0
gig_worker,12520.38,39,0.869,0.161,0,0.785,0.0,0.335,76.0,0
freelancer,12744.67,36,0.962,0.743,0,0.364,0.0,0.065,36.9,1
gig_worker,29449.6,50,0.924,0.691,19,0.98,0.0,0.163,73.8,1
gig_worker,21040.99,40,1.053,0.317,2,0.608,0.0,0.034,87.4,0
kirana_merchant,19662.64,46,0.67,0.576,3,0.856,0.081,0.192,45.5,0
kirana_merchant,11114.12,43,0.685,0.526,2,0.216,0.012,0.298,36.8,0
kirana_merchant,27167.4,31,0.771,0.522,5,0.321,0.769,0.339,72.1,0
kirana_merchant,26202.82,50,0.846,0.576,3,0.467,0.775,0.122,71.2,0
kirana_merchant,37299.66,38,1.063,0.895,0,0.768,0.509,0.083,75.6,0
gig_worker,27846.24,41,1.053,0.89,0,0.447,0.0,0.225,88.6,0
freelancer,25177.3,42,1.036,0.885,2,0.821,0.0,0.122,46.9,0
freelancer,48460.31,53,0.711,0.539,11,0.305,0.0,0.053,56.3,1
kirana_merchant,13957.42,43,0.965,0.354,4,0.555,0.491,0.088,34.6,0
gig_worker,35178.65,32,0.792,0.548,0,0.455,0.0,0.027,60.8,0
kirana_merchant,11665.91,42,1.066,0.598,2,0.279,0.02,0.312,20.7,1
gig_worker,17691.14,43,0.707,0.349,1,0.78,0.0,0.144,62.2,0
gig_worker,14671.64,40,0.671,0.606,0,0.902,0.0,0.277,69.0,0
gig_worker,39774.1,45,1.021,0.598,7,0.9,0.0,0.236,50.6,0
kirana_merchant,26037.55,51,0.958,0.823,6,0.413,0.756,0.084,44.4,1
freelancer,26722.16,44,1.011,0.29,1,0.974,0.0,0.151,21.3,0
kirana_merchant,15469.62,41,0.679,0.658,12,0.841,0.609,0.167,10.1,1
kirana_merchant,23159.34,53,1.042,0.461,5,0.391,0.626,0.235,5.0,0
kirana_merchant,18366.2,43,0.939,0.204,18,0.901,0.269,0.326,24.9,1
gig_worker,32588.92,34,0.926,0.353,8,0.353,0.0,0.083,63.8,1
gig_worker,16390.46,60,0.891,0.146,6,0.319,0.0,0.153,88.7,0
freelancer,52307.61,50,0.982,0.355,0,0.904,0.0,0.087,19.1,0
gig_worker,11640.08,31,0.808,0.155,11,0.94,0.0,0.292,99.0,0
freelancer,17975.05,45,0.666,0.84,2,0.562,0.0,0.263,46.4,1
kirana_merchant,62230.48,43,0.87,0.181,8,0.723,0.974,0.292,43.1,0
kirana_merchant,21642.85,43,0.974,0.754,2,0.456,0.673,0.275,30.9,0
kirana_merchant,13940.6,37,0.677,0.825,1,0.812,0.893,0.029,37.8,0
kirana_merchant,30017.5,49,0.712,0.474,4,0.87,0.146,0.108,28.6,0
freelancer,21211.61,45,0.948,0.143,8,0.361,0.0,0.137,31.3,0
freelancer,17713.19,45,0.735,0.577,0,0.754,0.0,0.285,27.8,0
kirana_merchant,15553.87,47,0.685,0.288,2,0.909,0.281,0.301,54.5,0
gig_worker,107386.18,37,1.045,0.241,5,0.814,0.0,0.175,53.1,1
kirana_merchant,23723.56,40,0.68,0.553,7,0.834,0.739,0.345,48.4,0
freelancer,10272.4,42,0.772,0.385,2,0.384,0.0,0.195,33.7,0
gig_worker,56775.2,47,0.814,0.684,0,0.861,0.0,0.188,66.5,0
kirana_merchant,36517.08,45,0.838,0.573,3,0.606,0.558,0.197,6.9,0
kirana_merchant,18338.66,44,0.781,0.763,6,0.21,0.917,0.264,35.6,0
kirana_merchant,16872.5,38,1.056,0.147,1,0.734,0.576,0.144,43.1,0
gig_worker,37674.41,41,0.929,0.288,1,0.821,0.0,0.319,77.6,0
kirana_merchant,23778.59,41,0.78,0.554,0,0.825,0.674,0.201,51.6,0
freelancer,10270.3,40,0.779,0.804,4,0.946,0.0,0.162,49.0,0
gig_worker,65750.33,43,0.851,0.751,5,0.269,0.0,0.101,70.6,1
gig_worker,21655.28,46,0.617,0.644,10,0.35,0.0,0.141,71.1,0
freelancer,56828.08,40,1.063,0.559,0,0.941,0.0,0.238,32.7,0
gig_worker,50981.47,46,0.712,0.605,1,0.801,0.0,0.341,79.8,0
freelancer,16309.37,40,0.949,0.271,1,0.534,0.0,0.212,35.5,0
kirana_merchant,45098.08,33,0.989,0.576,7,0.311,0.794,0.197,56.5,0
gig_worker,19424.27,44,1.014,0.495,4,0.87,0.0,0.12,85.2,1
freelancer,10579.25,53,0.683,0.408,5,0.449,0.0,0.324,48.5,1
kirana_merchant,21757.22,60,0.868,0.81,18,0.867,0.479,0.223,37.2,0
kirana_merchant,32820.83,47,0.642,0.764,0,0.646,0.338,0.3,14.2,1
gig_worker,21346.26,35,1.002,0.161,6,0.63,0.0,0.042,74.1,0
kirana_merchant,23074.33,50,0.843,0.889,7,0.682,0.686,0.273,47.4,0
gig_worker,47656.92,43,0.679,0.284,15,0.536,0.0,0.107,44.4,0
gig_worker,28374.52,50,0.959,0.272,0,0.288,0.0,0.336,92.3,0
freelancer,17647.53,52,0.766,0.855,3,0.669,0.0,0.068,42.9,1
gig_worker,38216.21,41,0.657,0.456,1,0.537,0.0,0.056,92.3,0
kirana_merchant,29698.08,45,0.831,0.744,6,0.567,0.873,0.134,46.3,0
gig_worker,7625.08,45,0.718,0.331,9,0.68,0.0,0.119,75.6,0
kirana_merchant,33328.78,45,1.075,0.799,0,0.314,0.211,0.345,50.1,0
gig_worker,32725.65,43,0.781,0.766,0,0.392,0.0,0.226,65.5,0
freelancer,27175.21,41,0.886,0.516,9,0.43,0.0,0.277,18.5,1
kirana_merchant,42017.87,45,1.074,0.664,3,0.502,0.035,0.067,23.5,1
gig_worker,19221.86,46,0.797,0.871,12,0.278,0.0,0.348,99.0,0
gig_worker,31832.72,47,0.779,0.462,3,0.325,0.0,0.306,69.2,1
gig_worker,12289.74,43,0.681,0.495,3,0.404,0.0,0.333,55.4,0
kirana_merchant,32976.33,33,1.069,0.678,0,0.756,0.844,0.092,72.5,0
gig_worker,71434.04,36,1.0,0.409,1,0.736,0.0,0.127,90.2,0
freelancer,16359.63,39,0.711,0.869,1,0.207,0.0,0.307,52.8,1
kirana_merchant,18399.87,48,0.766,0.132,0,0.257,0.502,0.143,10.8,0
gig_worker,18863.65,46,1.057,0.423,2,0.599,0.0,0.024,90.5,0
kirana_merchant,28709.95,37,0.869,0.671,9,0.54,0.191,0.33,20.5,1
kirana_merchant,15811.33,39,0.878,0.444,11,0.435,0.795,0.082,41.6,0
gig_worker,33210.58,47,0.924,0.307,1,0.601,0.0,0.025,69.4,0
gig_worker,41085.89,42,0.981,0.431,1,0.36,0.0,0.12,79.5,0
gig_worker,35142.75,52,1.07,0.805,3,0.308,0.0,0.246,74.4,1
kirana_merchant,11112.13,36,1.001,0.538,1,0.256,0.909,0.229,35.5,0
kirana_merchant,44248.81,48,1.067,0.368,1,0.257,0.61,0.086,71.4,0
kirana_merchant,42988.32,49,1.01,0.637,0,0.358,0.057,0.174,71.3,1
freelancer,40744.69,44,0.623,0.589,1,0.833,0.0,0.244,41.3,1
freelancer,32416.44,50,0.659,0.548,1,0.842,0.0,0.209,34.0,0
kirana_merchant,30034.28,40,1.042,0.413,4,0.93,0.736,0.26,68.2,0
freelancer,45080.03,40,0.614,0.158,3,0.729,0.0,0.165,51.8,0
gig_worker,70386.5,41,0.997,0.597,9,0.501,0.0,0.149,54.2,1
gig_worker,16705.27,39,1.025,0.436,0,0.303,0.0,0.039,99.0,0
gig_worker,46122.8,38,0.808,0.443,6,0.375,0.0,0.315,58.5,0
gig_worker,25768.07,50,0.777,0.287,0,0.552,0.0,0.31,65.7,0
kirana_merchant,25214.22,46,0.697,0.3,0,0.399,0.265,0.162,20.3,0
freelancer,12478.15,49,0.624,0.73,1,0.452,0.0,0.293,28.2,1
gig_worker,23332.56,41,0.973,0.483,1,0.955,0.0,0.226,88.5,0
gig_worker,16339.94,57,0.637,0.187,6,0.509,0.0,0.103,72.4,0
kirana_merchant,21334.33,44,1.072,0.137,1,0.322,0.018,0.079,47.5,0
freelancer,15535.87,34,0.748,0.28,6,0.477,0.0,0.037,23.9,1
gig_worker,21494.36,38,0.997,0.49,2,0.231,0.0,0.238,81.9,0
kirana_merchant,21959.27,43,0.63,0.594,1,0.693,0.078,0.113,13.3,0
gig_worker,28236.69,49,0.868,0.215,3,0.777,0.0,0.316,67.3,1
gig_worker,11999.56,46,0.775,0.447,8,0.523,0.0,0.302,70.0,0
freelancer,13059.11,48,0.615,0.158,1,0.641,0.0,0.257,31.1,0
freelancer,32239.8,50,0.928,0.13,5,0.899,0.0,0.223,39.8,0
gig_worker,18056.86,50,1.072,0.791,0,0.365,0.0,0.326,50.7,1
freelancer,46039.96,46,0.605,0.627,8,0.332,0.0,0.299,49.5,1
kirana_merchant,30110.67,53,0.735,0.725,9,0.407,0.103,0.106,26.7,0
freelancer,36438.5,48,0.952,0.246,0,0.375,0.0,0.105,64.7,0
kirana_merchant,54466.77,55,1.036,0.358,3,0.9,0.196,0.027,50.0,0
kirana_merchant,23043.63,37,0.695,0.455,0,0.237,0.7,0.182,53.9,0
kirana_merchant,20186.24,47,0.635,0.626,7,0.267,0.668,0.17,33.2,0
kirana_merchant,41599.83,57,0.604,0.528,3,0.952,0.895,0.102,36.3,0
gig_worker,34709.09,39,0.708,0.541,2,0.514,0.0,0.339,90.6,0
gig_worker,24497.71,50,0.636,0.226,2,0.596,0.0,0.199,52.1,0
gig_worker,53945.47,48,0.78,0.48,1,0.664,0.0,0.07,71.9,0
kirana_merchant,24194.43,47,0.82,0.759,1,0.826,0.108,0.298,44.3,1
gig_worker,27347.68,38,0.84,0.508,10,0.77,0.0,0.167,78.4,0
kirana_merchant,27190.18,51,0.671,0.26,0,0.498,0.826,0.269,47.8,0
freelancer,16860.06,41,0.832,0.431,1,0.841,0.0,0.139,42.9,0
gig_worker,27967.34,51,0.605,0.704,0,0.797,0.0,0.044,64.1,0
kirana_merchant,54088.67,42,0.72,0.208,2,0.903,0.184,0.347,84.7,0
kirana_merchant,33606.82,45,0.785,0.564,10,0.402,0.676,0.294,44.2,1
freelancer,27324.3,51,0.659,0.872,6,0.276,0.0,0.093,51.6,1
gig_worker,24812.84,48,1.007,0.404,0,0.285,0.0,0.296,86.6,0
kirana_merchant,31743.19,41,0.701,0.135,5,0.636,0.47,0.287,5.0,0
freelancer,39139.34,55,0.977,0.606,4,0.41,0.0,0.285,12.5,1
freelancer,36483.65,48,0.837,0.138,4,0.236,0.0,0.102,23.7,1
kirana_merchant,22789.78,52,0.84,0.253,2,0.869,0.555,0.072,35.9,0
kirana_merchant,31646.75,33,0.923,0.139,6,0.89,0.32,0.189,48.4,1
kirana_merchant,34199.62,40,0.622,0.237,6,0.493,0.326,0.253,48.7,0
freelancer,16259.01,35,0.639,0.784,1,0.305,0.0,0.178,24.1,1
kirana_merchant,29264.06,52,0.763,0.688,2,0.399,0.472,0.159,11.5,1
gig_worker,9130.25,39,0.808,0.373,0,0.742,0.0,0.173,94.7,0
freelancer,34244.01,46,0.815,0.818,3,0.75,0.0,0.335,49.2,0
kirana_merchant,37427.89,42,0.938,0.632,1,0.761,0.751,0.325,54.6,0
kirana_merchant,39095.91,46,0.6,0.458,4,0.884,0.38,0.33,51.8,0
gig_worker,22081.08,40,1.08,0.155,6,0.907,0.0,0.119,80.8,0
kirana_merchant,31398.75,37,0.687,0.685,0,0.992,0.87,0.029,19.9,0
gig_worker,54829.13,32,0.724,0.4,2,0.483,0.0,0.342,50.1,0
kirana_merchant,54550.65,42,1.053,0.342,0,0.93,0.072,0.041,54.1,1
gig_worker,26513.61,44,0.603,0.331,8,0.714,0.0,0.33,41.6,0
kirana_merchant,28844.07,50,1.096,0.106,2,0.298,0.401,0.185,50.8,0
freelancer,46885.12,58,0.618,0.694,0,0.675,0.0,0.211,47.7,0
gig_worker,12703.07,44,0.66,0.216,10,0.503,0.0,0.048,96.5,0
freelancer,22890.15,42,0.72,0.517,3,0.259,0.0,0.324,31.3,1
kirana_merchant,52458.9,39,0.819,0.113,0,0.398,0.877,0.07,26.6,0
freelancer,43809.25,51,0.859,0.602,1,0.77,0.0,0.311,51.8,0
kirana_merchant,32358.5,49,0.652,0.396,9,0.478,0.325,0.084,40.1,0
kirana_merchant,12671.16,46,0.637,0.605,2,0.716,0.578,0.081,16.8,1
kirana_merchant,26240.12,46,0.616,0.172,2,0.927,0.958,0.069,5.0,0
freelancer,20031.12,48,0.728,0.313,6,0.672,0.0,0.072,44.7,0
kirana_merchant,31745.92,44,1.061,0.188,7,0.963,0.814,0.241,56.7,0
gig_worker,17949.66,36,0.795,0.617,0,0.475,0.0,0.021,71.9,0
kirana_merchant,16109.08,40,0.982,0.187,0,0.901,0.391,0.284,43.3,0
freelancer,9581.29,36,0.695,0.594,14,0.971,0.0,0.26,36.3,1
kirana_merchant,49558.17,47,0.632,0.208,0,0.614,0.976,0.157,41.1,0
kirana_merchant,22028.99,48,0.877,0.855,1,0.491,0.889,0.294,18.5,1
kirana_merchant,29102.31,38,1.011,0.433,1,0.481,0.593,0.25,38.2,0
freelancer,26873.1,41,1.049,0.201,2,0.539,0.0,0.34,34.1,1
gig_worker,15776.6,53,0.873,0.133,11,0.729,0.0,0.237,86.0,0
kirana_merchant,14335.12,42,0.747,0.364,0,0.551,0.622,0.227,31.6,0
gig_worker,16274.3,39,0.655,0.813,1,0.81,0.0,0.055,65.9,0
gig_worker,18740.0,45,0.934,0.215,2,0.752,0.0,0.314,78.6,0
gig_worker,32315.53,41,0.74,0.733,5,0.46,0.0,0.226,62.6,0
gig_worker,18072.4,45,1.022,0.434,1,0.845,0.0,0.176,62.3,0
kirana_merchant,64424.24,53,0.903,0.742,0,0.806,0.033,0.023,20.0,0
gig_worker,44962.11,47,1.029,0.799,9,0.694,0.0,0.185,90.7,0
kirana_merchant,40302.94,43,0.883,0.898,5,0.349,0.263,0.213,51.7,1
gig_worker,25340.79,55,0.986,0.155,0,0.605,0.0,0.255,83.6,0
gig_worker,57362.17,40,0.747,0.737,0,0.562,0.0,0.076,64.5,0
gig_worker,24124.84,57,0.852,0.156,3,0.216,0.0,0.052,97.6,0
gig_worker,26485.94,47,0.61,0.352,6,0.993,0.0,0.209,76.4,0
kirana_merchant,29289.58,43,0.904,0.617,2,0.767,0.843,0.298,54.3,0
kirana_merchant,38212.25,59,0.867,0.458,3,0.496,0.0,0.232,49.1,1
kirana_merchant,36991.89,36,0.978,0.552,13,0.662,0.189,0.273,46.8,0
kirana_merchant,21214.44,42,0.964,0.873,6,0.913,0.717,0.139,46.4,1
gig_worker,20609.41,44,0.914,0.755,4,0.23,0.0,0.086,61.1,0
freelancer,37047.33,50,0.628,0.391,9,0.407,0.0,0.107,41.3,0
kirana_merchant,38469.4,42,1.052,0.58,6,0.958,0.755,0.088,49.3,0
kirana_merchant,22099.81,53,0.609,0.139,0,0.213,0.7,0.321,38.4,0
gig_worker,12166.07,41,1.002,0.462,14,0.665,0.0,0.326,67.4,1
gig_worker,24254.12,33,0.84,0.587,2,0.629,0.0,0.211,73.2,0
gig_worker,36745.2,44,1.009,0.672,0,0.984,0.0,0.232,58.3,0
gig_worker,66350.62,38,0.833,0.821,2,0.544,0.0,0.311,74.3,0
kirana_merchant,14779.86,50,0.923,0.326,2,0.981,0.587,0.124,60.0,0
kirana_merchant,21735.77,39,0.782,0.822,0,0.209,0.105,0.108,23.6,1
kirana_merchant,22143.48,46,0.972,0.629,4,0.472,0.486,0.315,62.3,1
kirana_merchant,52992.34,39,0.727,0.162,0,0.415,0.191,0.082,32.0,0
freelancer,26437.25,44,0.96,0.404,0,0.317,0.0,0.35,35.2,0
kirana_merchant,17091.5,63,0.697,0.481,0,0.997,0.37,0.283,58.3,0
freelancer,35573.19,43,0.961,0.382,1,0.978,0.0,0.312,31.9,0
gig_worker,21975.44,48,0.747,0.193,13,0.315,0.0,0.107,79.7,0
gig_worker,14585.84,42,0.739,0.541,16,0.619,0.0,0.301,59.2,0
gig_worker,17216.33,48,1.006,0.205,2,0.276,0.0,0.139,78.8,1
kirana_merchant,64024.49,44,1.007,0.832,5,0.299,0.224,0.161,55.8,0
freelancer,32601.21,45,0.946,0.792,3,0.767,0.0,0.233,27.5,1
gig_worker,28392.49,46,1.062,0.48,0,0.894,0.0,0.336,73.8,0
freelancer,23743.24,48,0.678,0.154,1,0.684,0.0,0.198,39.9,0
gig_worker,31134.58,47,0.735,0.542,4,0.29,0.0,0.22,68.6,0
freelancer,30949.68,46,0.747,0.574,3,0.861,0.0,0.317,27.1,1
gig_worker,31134.89,43,0.753,0.811,3,0.891,0.0,0.096,67.7,0
gig_worker,28493.25,35,0.764,0.154,1,0.648,0.0,0.179,70.4,0
kirana_merchant,41539.46,43,0.949,0.654,8,0.534,0.788,0.31,44.5,0
gig_worker,27215.78,40,0.735,0.55,0,0.526,0.0,0.294,76.1,0
gig_worker,16498.6,40,0.743,0.24,0,0.729,0.0,0.04,73.9,0
gig_worker,19806.96,52,0.885,0.197,0,0.932,0.0,0.039,67.0,0
freelancer,10001.5,43,0.697,0.655,1,0.926,0.0,0.305,30.1,0
kirana_merchant,74117.62,36,0.782,0.372,8,0.828,0.543,0.105,53.6,1
gig_worker,41414.13,43,0.629,0.9,3,0.483,0.0,0.136,75.3,0
kirana_merchant,17764.63,40,1.076,0.815,6,0.522,0.106,0.244,46.9,1
kirana_merchant,23366.94,54,0.759,0.553,0,0.782,0.136,0.239,40.0,0
gig_worker,19566.26,52,1.025,0.613,9,0.754,0.0,0.252,57.2,1
kirana_merchant,58178.64,47,0.865,0.227,6,0.935,0.493,0.049,41.2,0
gig_worker,13227.61,56,0.714,0.815,0,0.834,0.0,0.218,73.5,0
gig_worker,28487.99,42,0.697,0.467,2,0.983,0.0,0.179,61.9,0
kirana_merchant,25482.22,48,0.947,0.517,13,0.377,0.675,0.286,90.9,0
gig_worker,40677.05,44,1.082,0.799,0,0.938,0.0,0.071,85.7,0
kirana_merchant,25539.85,58,0.692,0.105,0,0.979,0.028,0.252,43.4,0
kirana_merchant,11168.98,50,0.658,0.495,5,0.924,0.537,0.272,52.5,0
gig_worker,23728.71,34,0.794,0.601,4,0.313,0.0,0.346,73.4,0
kirana_merchant,16546.32,37,0.797,0.227,13,0.953,0.197,0.222,41.5,0
gig_worker,27995.24,44,1.003,0.155,1,0.806,0.0,0.105,96.0,0
freelancer,55110.11,40,0.834,0.528,4,0.489,0.0,0.299,39.5,1
kirana_merchant,11274.37,41,0.631,0.538,0,0.564,0.63,0.283,28.0,0
freelancer,18031.74,54,1.06,0.364,2,0.252,0.0,0.032,39.7,0
kirana_merchant,20407.41,42,0.787,0.806,4,0.53,0.5,0.27,45.7,0
gig_worker,22229.7,50,0.934,0.341,0,0.398,0.0,0.248,71.0,0
kirana_merchant,38951.12,45,0.934,0.513,5,0.776,0.468,0.099,50.1,0
freelancer,24667.15,35,0.628,0.249,1,0.652,0.0,0.215,32.3,0
kirana_merchant,33120.29,47,0.602,0.109,13,0.947,0.991,0.194,13.9,0
freelancer,19675.19,61,0.644,0.441,2,0.695,0.0,0.108,44.2,0
freelancer,30180.83,44,1.078,0.522,8,0.822,0.0,0.173,28.6,1
gig_worker,39691.76,45,0.997,0.712,0,0.85,0.0,0.084,69.7,0
gig_worker,18654.64,33,0.666,0.459,6,0.254,0.0,0.072,69.5,0
kirana_merchant,39762.48,54,0.907,0.323,0,0.857,0.658,0.33,53.4,0
kirana_merchant,27616.99,43,0.906,0.583,8,0.331,0.379,0.209,54.2,1
freelancer,45375.61,43,0.6,0.405,5,0.376,0.0,0.288,26.7,1
freelancer,24325.73,43,0.815,0.287,0,0.601,0.0,0.132,45.3,0
gig_worker,32552.92,53,0.956,0.828,0,0.573,0.0,0.132,61.6,0
gig_worker,26362.48,46,0.693,0.529,2,0.963,0.0,0.185,93.8,0
kirana_merchant,25639.61,42,1.025,0.26,0,0.557,0.657,0.302,26.0,0
gig_worker,30621.73,40,0.93,0.637,6,0.536,0.0,0.333,80.2,0
freelancer,35186.01,37,0.603,0.742,11,0.856,0.0,0.036,38.6,0
kirana_merchant,14403.37,56,1.027,0.707,5,0.435,0.009,0.174,56.3,0
kirana_merchant,55095.14,47,0.61,0.58,9,0.839,0.735,0.309,38.0,0
gig_worker,10616.54,36,1.044,0.516,3,0.396,0.0,0.201,93.6,0
kirana_merchant,19102.87,37,0.767,0.722,2,0.524,0.325,0.169,38.6,0
kirana_merchant,25664.54,29,0.949,0.666,3,0.931,0.315,0.07,60.7,0
kirana_merchant,33063.26,50,0.994,0.557,1,0.578,0.097,0.166,8.9,0
gig_worker,59165.05,45,0.741,0.626,1,0.945,0.0,0.264,69.7,0
kirana_merchant,10623.82,43,0.778,0.235,1,0.502,0.236,0.244,64.3,0
freelancer,20871.77,39,0.855,0.116,1,0.27,0.0,0.165,39.6,1
gig_worker,9288.97,50,0.891,0.845,5,0.81,0.0,0.273,99.0,0
gig_worker,27331.93,56,0.746,0.848,20,0.399,0.0,0.216,99.0,0
gig_worker,30817.62,45,1.096,0.73,1,0.799,0.0,0.111,52.7,1
kirana_merchant,59599.23,57,0.969,0.398,0,0.661,0.051,0.066,93.9,0
kirana_merchant,28575.85,52,0.737,0.221,4,0.98,0.418,0.24,57.8,0
kirana_merchant,45343.07,51,0.92,0.386,5,0.541,0.934,0.078,52.2,0
gig_worker,36023.2,49,0.818,0.681,1,0.916,0.0,0.09,50.8,0
gig_worker,21641.67,54,1.03,0.368,13,0.779,0.0,0.112,86.4,1
kirana_merchant,13300.0,38,0.764,0.737,7,0.316,0.675,0.333,62.2,0
kirana_merchant,30868.8,47,0.694,0.638,2,0.77,0.139,0.244,37.3,0
freelancer,12758.45,44,0.623,0.604,2,0.71,0.0,0.326,58.8,1
gig_worker,51410.8,51,1.092,0.844,8,0.982,0.0,0.101,53.6,0
kirana_merchant,24809.18,45,0.78,0.815,0,0.566,0.19,0.223,44.7,1
kirana_merchant,48902.74,51,0.71,0.669,2,0.644,0.023,0.242,67.3,1
kirana_merchant,21160.53,56,0.846,0.259,3,0.768,0.34,0.334,33.4,0
kirana_merchant,30774.0,50,0.746,0.851,1,0.686,0.497,0.174,38.3,0
kirana_merchant,29871.93,50,0.716,0.282,0,0.692,0.05,0.232,34.8,0
freelancer,26304.04,40,0.908,0.398,0,0.561,0.0,0.31,30.7,1
gig_worker,21669.7,54,0.637,0.761,1,0.817,0.0,0.067,70.7,1
gig_worker,32735.91,49,0.854,0.267,2,0.208,0.0,0.321,67.1,1
kirana_merchant,16931.28,55,0.794,0.611,2,0.326,0.88,0.128,84.9,0
kirana_merchant,14695.29,55,0.866,0.466,1,0.881,0.59,0.162,34.7,0
gig_worker,50081.82,50,0.76,0.599,1,0.945,0.0,0.187,68.9,0
gig_worker,38699.58,45,0.885,0.866,2,0.791,0.0,0.257,59.5,1
gig_worker,27804.3,56,0.641,0.747,13,0.326,0.0,0.072,53.6,0
freelancer,61856.42,58,0.788,0.337,2,0.664,0.0,0.246,43.2,0
gig_worker,23532.02,52,0.719,0.146,3,0.424,0.0,0.051,93.7,0
gig_worker,52122.48,47,0.819,0.874,3,0.649,0.0,0.146,99.0,0
gig_worker,29371.7,41,0.799,0.568,6,0.364,0.0,0.224,82.3,0
gig_worker,16116.92,50,0.916,0.238,3,0.31,0.0,0.066,72.3,0
gig_worker,67779.84,46,0.914,0.602,0,0.354,0.0,0.24,91.7,1
kirana_merchant,44150.32,33,0.807,0.134,2,0.914,0.599,0.335,42.6,0
gig_worker,25323.54,49,0.691,0.25,10,0.246,0.0,0.336,90.5,0
freelancer,38699.64,50,0.891,0.606,4,0.228,0.0,0.213,26.6,0
gig_worker,21985.72,52,1.083,0.422,4,0.352,0.0,0.191,95.3,0
kirana_merchant,40724.07,52,0.693,0.36,6,0.654,0.742,0.164,42.0,1
freelancer,8139.31,43,0.635,0.624,5,0.271,0.0,0.17,56.3,0
kirana_merchant,16156.85,54,0.732,0.793,4,0.616,0.862,0.207,72.5,0
kirana_merchant,43898.26,22,0.806,0.643,1,0.776,0.889,0.163,47.6,0
gig_worker,23746.07,41,0.753,0.471,5,0.632,0.0,0.161,72.7,0
gig_worker,29844.96,48,1.017,0.627,3,0.814,0.0,0.115,91.3,0
kirana_merchant,13719.96,48,0.847,0.657,3,0.616,0.273,0.244,56.1,1
freelancer,67773.97,42,0.723,0.72,0,0.273,0.0,0.308,55.9,0
kirana_merchant,48789.23,45,1.075,0.346,0,0.735,0.076,0.031,57.3,0
kirana_merchant,24334.67,35,0.663,0.192,1,0.462,0.824,0.338,50.0,0
kirana_merchant,21974.81,52,0.661,0.646,12,0.616,0.453,0.259,57.5,0
kirana_merchant,45017.3,40,0.723,0.197,3,0.996,0.258,0.023,47.2,0
gig_worker,72492.27,48,0.638,0.47,2,0.42,0.0,0.053,57.2,0
kirana_merchant,43342.12,49,0.976,0.285,5,0.857,0.001,0.328,51.2,0
freelancer,79690.16,49,0.756,0.366,1,0.651,0.0,0.241,29.1,0
gig_worker,16963.59,54,0.965,0.476,0,0.933,0.0,0.04,60.9,0
kirana_merchant,17859.78,47,0.981,0.817,2,0.929,0.212,0.131,39.7,0
gig_worker,14846.65,43,0.719,0.644,4,0.771,0.0,0.312,55.7,0
kirana_merchant,33552.96,55,0.859,0.237,1,0.444,0.165,0.302,5.0,0
gig_worker,29372.14,45,0.86,0.804,1,0.961,0.0,0.083,81.9,1
kirana_merchant,24934.92,64,1.036,0.5,0,0.868,0.496,0.16,34.9,0
kirana_merchant,40321.06,49,0.613,0.263,1,0.973,0.071,0.268,48.6,0
gig_worker,49819.63,51,0.758,0.522,8,0.976,0.0,0.247,69.8,0
kirana_merchant,12546.15,34,1.041,0.253,3,0.552,0.061,0.053,60.3,0
kirana_merchant,19960.57,40,0.718,0.394,5,0.278,0.767,0.216,36.5,0
freelancer,40541.11,48,0.668,0.744,0,0.605,0.0,0.028,17.1,0
gig_worker,21292.94,44,0.888,0.627,5,0.297,0.0,0.139,83.9,0
gig_worker,18049.93,46,0.753,0.482,0,0.592,0.0,0.191,38.7,0
gig_worker,44768.89,53,0.834,0.281,8,0.639,0.0,0.034,75.1,0
freelancer,14118.62,38,1.01,0.326,0,0.662,0.0,0.299,39.1,0
freelancer,23137.5,33,0.86,0.883,0,0.207,0.0,0.156,45.7,1
kirana_merchant,31707.93,31,0.858,0.374,4,0.885,0.177,0.154,82.5,0
freelancer,20192.97,40,0.739,0.593,1,0.567,0.0,0.056,30.3,1
kirana_merchant,39798.23,48,0.996,0.5,7,0.766,0.461,0.177,51.5,0
kirana_merchant,20242.94,41,0.97,0.118,7,0.288,0.1,0.049,54.3,0
gig_worker,54410.35,44,0.717,0.856,0,0.796,0.0,0.07,73.3,0
kirana_merchant,25263.78,47,0.76,0.17,9,0.553,0.861,0.296,30.8,0
gig_worker,37632.94,45,0.994,0.627,9,0.793,0.0,0.245,50.4,0
freelancer,39066.16,39,0.779,0.749,0,0.941,0.0,0.217,25.6,1
kirana_merchant,19657.81,37,0.802,0.699,5,0.785,0.474,0.187,21.9,1
kirana_merchant,9635.96,43,0.782,0.747,2,0.692,0.605,0.176,23.8,0
gig_worker,32221.13,56,0.681,0.692,1,0.765,0.0,0.334,72.8,0
gig_worker,27893.37,37,0.77,0.456,4,0.792,0.0,0.347,53.7,0
gig_worker,35522.2,52,1.001,0.817,10,0.602,0.0,0.147,80.6,0
gig_worker,24022.26,44,0.846,0.83,4,0.869,0.0,0.025,56.3,0
gig_worker,21693.89,47,0.829,0.45,2,0.644,0.0,0.32,83.6,0
freelancer,73440.92,46,0.678,0.488,11,0.706,0.0,0.126,21.6,1
kirana_merchant,12885.05,47,0.689,0.489,4,0.539,0.584,0.325,55.0,0
gig_worker,38831.04,43,0.621,0.323,1,0.962,0.0,0.196,74.8,0
gig_worker,20185.08,48,0.607,0.192,4,0.612,0.0,0.338,80.0,0
kirana_merchant,22745.23,44,0.844,0.31,2,0.371,0.192,0.189,37.4,0
kirana_merchant,22958.62,45,0.805,0.775,1,0.455,0.845,0.162,36.2,0
kirana_merchant,18002.81,41,0.738,0.534,10,0.318,0.057,0.324,71.9,1
freelancer,35796.74,44,1.095,0.78,11,0.3,0.0,0.257,20.9,1
kirana_merchant,53923.51,42,0.799,0.696,5,0.945,0.14,0.298,31.2,0
freelancer,34030.31,48,0.994,0.379,2,0.732,0.0,0.045,6.6,0
freelancer,28330.41,48,0.705,0.248,0,0.2,0.0,0.222,25.1,0
gig_worker,16428.61,50,0.724,0.554,0,0.85,0.0,0.24,51.3,0
freelancer,34836.21,46,0.884,0.849,6,0.625,0.0,0.064,60.9,0
gig_worker,79076.8,42,0.602,0.772,13,0.288,0.0,0.119,81.7,1
freelancer,22240.11,37,0.609,0.711,9,0.563,0.0,0.314,26.6,1
gig_worker,22292.56,46,0.671,0.711,5,0.493,0.0,0.096,83.3,0
freelancer,20321.92,42,0.712,0.522,3,0.456,0.0,0.277,5.0,1
freelancer,21063.41,58,0.864,0.236,11,0.571,0.0,0.028,19.5,0
freelancer,6818.2,37,0.943,0.328,4,0.712,0.0,0.08,46.9,0
kirana_merchant,32942.46,46,0.756,0.562,3,0.629,0.961,0.037,25.5,0
gig_worker,17627.65,42,0.72,0.353,2,0.426,0.0,0.154,62.9,0
gig_worker,12026.51,47,1.011,0.725,32,0.779,0.0,0.087,85.2,1
kirana_merchant,39206.39,49,0.681,0.399,2,0.991,0.696,0.106,50.2,0
gig_worker,15661.98,46,0.939,0.191,7,0.973,0.0,0.187,54.7,1
kirana_merchant,22712.38,41,1.066,0.726,1,0.997,0.693,0.191,38.2,0
gig_worker,56006.4,37,0.716,0.659,7,0.59,0.0,0.09,63.3,0
freelancer,13298.31,49,0.643,0.303,1,0.235,0.0,0.301,25.6,0
kirana_merchant,12502.71,34,1.09,0.885,0,0.783,0.878,0.131,34.4,0
freelancer,30781.01,37,0.735,0.423,1,0.731,0.0,0.145,54.4,0
gig_worker,47798.22,44,0.738,0.644,4,0.974,0.0,0.316,60.8,0
freelancer,12244.46,38,0.842,0.828,12,0.497,0.0,0.162,53.7,1
freelancer,32986.21,31,0.716,0.225,4,0.995,0.0,0.091,48.9,0
kirana_merchant,35972.13,47,1.096,0.803,0,0.253,0.925,0.048,59.4,0
kirana_merchant,9608.66,51,0.621,0.663,15,0.487,0.626,0.24,52.4,0
kirana_merchant,40104.77,52,0.826,0.234,12,0.792,0.757,0.083,52.5,0
gig_worker,41701.94,48,0.874,0.632,1,0.692,0.0,0.283,75.0,0
kirana_merchant,23019.74,40,0.833,0.8,2,0.365,0.429,0.315,35.7,1
gig_worker,50320.77,40,0.86,0.739,2,0.486,0.0,0.188,94.1,0
gig_worker,47487.78,56,1.094,0.708,3,0.33,0.0,0.213,66.2,1
gig_worker,28326.67,52,1.038,0.229,13,0.996,0.0,0.045,70.5,1
gig_worker,21467.11,36,0.754,0.252,0,0.612,0.0,0.237,81.4,0
gig_worker,16540.81,43,0.876,0.538,0,0.894,0.0,0.321,78.5,0
gig_worker,26402.61,51,0.6,0.564,6,0.515,0.0,0.02,54.1,0
freelancer,35770.52,37,0.805,0.855,1,0.395,0.0,0.091,33.4,1
kirana_merchant,22877.55,51,0.682,0.475,0,0.59,0.895,0.129,40.9,0
freelancer,8966.49,39,0.956,0.342,3,0.816,0.0,0.29,55.6,1
kirana_merchant,50734.27,57,0.711,0.253,0,0.928,0.236,0.056,51.6,0
gig_worker,29587.63,50,0.974,0.143,11,0.354,0.0,0.166,96.7,0
kirana_merchant,22252.01,41,0.757,0.155,1,0.302,0.073,0.081,42.6,0
kirana_merchant,41298.41,45,1.063,0.559,6,0.329,0.379,0.321,43.2,0
gig_worker,57660.02,43,0.823,0.241,5,0.443,0.0,0.089,70.9,0
kirana_merchant,6627.91,39,1.02,0.781,3,0.679,0.822,0.123,51.3,0
gig_worker,33427.42,51,0.914,0.577,3,0.79,0.0,0.202,99.0,0
kirana_merchant,13182.89,41,1.089,0.792,4,0.492,0.19,0.047,45.7,1
kirana_merchant,34529.01,51,0.971,0.442,5,0.935,0.209,0.161,29.8,0
gig_worker,28680.24,39,0.964,0.577,7,0.568,0.0,0.123,76.6,0
gig_worker,36970.04,49,0.732,0.52,0,0.591,0.0,0.307,62.6,1
kirana_merchant,20960.11,47,0.852,0.889,7,0.909,0.963,0.282,35.2,0
kirana_merchant,10544.71,43,0.745,0.737,1,0.25,0.841,0.326,47.1,1
gig_worker,21478.68,47,0.61,0.576,4,0.687,0.0,0.112,97.5,0
freelancer,32972.32,30,0.955,0.585,1,0.648,0.0,0.289,31.7,0
gig_worker,44698.54,48,0.718,0.299,4,0.521,0.0,0.291,76.2,1
kirana_merchant,14974.21,48,0.799,0.688,10,0.545,0.011,0.058,43.7,1
freelancer,44960.08,36,0.742,0.886,4,0.751,0.0,0.185,46.1,0
gig_worker,19458.98,47,0.7,0.204,8,0.655,0.0,0.341,40.0,1
gig_worker,32248.44,48,0.634,0.61,16,0.724,0.0,0.294,68.0,1
gig_worker,20848.83,39,0.769,0.514,20,0.552,0.0,0.237,70.2,0
gig_worker,29468.74,46,0.641,0.78,6,0.522,0.0,0.19,75.5,1
gig_worker,42021.59,44,0.87,0.1,1,0.615,0.0,0.254,82.8,0
kirana_merchant,14566.69,43,0.61,0.209,1,0.541,0.139,0.284,65.9,0
gig_worker,19149.79,26,1.07,0.13,1,0.876,0.0,0.183,73.4,1
kirana_merchant,29509.91,42,1.083,0.23,5,0.898,0.805,0.265,68.6,0
freelancer,89392.48,50,0.752,0.666,7,0.259,0.0,0.071,48.1,0
freelancer,17472.88,40,0.73,0.212,5,0.247,0.0,0.15,53.1,1
kirana_merchant,74612.77,42,0.652,0.598,1,0.431,0.845,0.039,50.8,0
gig_worker,73292.36,42,1.052,0.795,1,0.269,0.0,0.273,76.7,1
kirana_merchant,25625.53,53,0.893,0.128,4,0.632,0.077,0.09,66.1,0
kirana_merchant,23177.19,46,0.905,0.121,20,0.217,0.664,0.074,51.1,1
kirana_merchant,19033.72,46,1.048,0.892,0,0.828,0.691,0.164,52.5,0
gig_worker,26001.22,46,1.055,0.639,2,0.719,0.0,0.196,59.2,0
freelancer,13314.92,52,1.014,0.213,5,0.369,0.0,0.075,36.1,0
kirana_merchant,25896.95,52,0.987,0.345,5,0.464,0.802,0.14,38.8,0
gig_worker,56865.27,40,1.039,0.888,0,0.444,0.0,0.211,85.4,0
gig_worker,19820.21,45,1.038,0.282,0,0.938,0.0,0.05,79.6,0
kirana_merchant,23852.35,43,0.784,0.702,0,0.91,0.34,0.125,54.2,0
freelancer,11492.27,40,1.087,0.293,4,0.651,0.0,0.106,32.6,0
kirana_merchant,32436.22,53,0.955,0.419,0,0.491,0.053,0.258,37.4,0
kirana_merchant,30706.84,46,0.785,0.805,0,0.569,0.706,0.075,48.9,1
gig_worker,27773.88,34,0.821,0.123,4,0.654,0.0,0.183,89.0,0
kirana_merchant,24139.06,50,0.944,0.346,1,0.594,0.548,0.128,29.5,0
kirana_merchant,23239.79,44,0.781,0.49,3,0.25,0.681,0.258,36.5,0
gig_worker,34577.21,37,1.013,0.6,11,0.57,0.0,0.338,99.0,0
gig_worker,26518.34,36,0.674,0.123,8,0.936,0.0,0.305,57.5,0
kirana_merchant,31491.91,39,1.054,0.429,11,0.527,0.321,0.191,62.4,0
gig_worker,29956.19,47,0.751,0.375,2,0.761,0.0,0.303,48.6,1
kirana_merchant,47179.45,29,0.676,0.121,3,0.998,0.785,0.254,34.5,0
gig_worker,37740.8,46,1.029,0.384,2,0.642,0.0,0.083,83.4,0
gig_worker,29626.69,39,0.72,0.845,2,0.587,0.0,0.248,64.9,1
gig_worker,57481.07,45,1.022,0.32,9,0.416,0.0,0.213,67.0,1
freelancer,33194.33,44,0.748,0.568,6,0.383,0.0,0.087,10.6,1
freelancer,51662.18,36,1.067,0.338,1,0.645,0.0,0.341,22.2,0
freelancer,36441.78,41,0.71,0.185,4,0.741,0.0,0.289,12.8,0
kirana_merchant,10711.15,38,0.635,0.332,0,0.542,0.1,0.274,23.4,0
gig_worker,51658.88,50,1.068,0.477,1,0.201,0.0,0.342,82.2,0
kirana_merchant,28784.38,47,0.683,0.337,13,0.648,0.661,0.346,23.3,0
kirana_merchant,26213.31,48,1.072,0.599,0,0.657,0.836,0.177,48.6,0
freelancer,30966.9,42,1.012,0.859,2,0.258,0.0,0.187,34.3,1
gig_worker,22640.79,35,0.641,0.155,4,0.281,0.0,0.3,56.7,0
kirana_merchant,30137.17,48,0.823,0.674,7,0.444,0.874,0.229,25.1,0
gig_worker,20011.49,49,0.637,0.101,3,0.678,0.0,0.046,80.2,0
gig_worker,50875.47,48,0.765,0.101,2,0.341,0.0,0.248,81.2,0
kirana_merchant,25417.82,53,0.776,0.206,4,0.475,0.658,0.176,63.0,1
kirana_merchant,22219.11,43,0.9,0.484,7,0.318,0.368,0.04,41.3,0
gig_worker,16941.76,45,1.088,0.138,7,0.469,0.0,0.322,65.4,0
gig_worker,30772.84,40,0.685,0.678,1,0.783,0.0,0.097,46.4,1
kirana_merchant,29541.57,54,0.765,0.123,1,0.499,0.636,0.334,43.8,1
kirana_merchant,32669.99,56,0.894,0.496,2,0.854,0.727,0.186,21.7,0
freelancer,16096.77,45,0.686,0.641,2,0.942,0.0,0.233,27.4,1
freelancer,12081.24,55,0.955,0.29,4,0.446,0.0,0.107,31.0,0
kirana_merchant,36783.17,57,0.802,0.563,0,0.697,0.316,0.345,27.6,0
gig_worker,56518.37,38,1.075,0.309,0,0.41,0.0,0.035,91.3,0
kirana_merchant,16104.0,45,0.915,0.271,1,0.655,0.705,0.304,83.7,0
kirana_merchant,59558.88,57,0.782,0.755,1,0.295,0.601,0.042,67.4,0
gig_worker,31006.61,37,0.96,0.366,0,0.682,0.0,0.319,91.9,0
freelancer,26808.35,43,1.019,0.751,6,0.338,0.0,0.32,43.1,0
gig_worker,22053.48,41,1.0,0.274,0,0.515,0.0,0.141,85.4,0
freelancer,13463.55,52,0.731,0.385,14,0.389,0.0,0.218,48.0,0
kirana_merchant,44084.53,53,0.808,0.182,9,0.836,0.186,0.302,37.4,1
kirana_merchant,18255.05,43,0.826,0.497,2,0.345,0.47,0.125,63.6,0
kirana_merchant,18216.75,35,0.794,0.405,1,0.971,0.403,0.063,34.9,0
freelancer,44177.16,44,0.755,0.105,10,0.295,0.0,0.322,53.7,0
kirana_merchant,10493.47,41,0.976,0.472,5,0.531,0.805,0.045,57.9,0
kirana_merchant,12559.1,46,0.606,0.16,3,0.815,0.462,0.063,41.1,0
gig_worker,26660.35,50,0.747,0.77,1,0.294,0.0,0.079,55.9,0
kirana_merchant,31152.26,47,0.671,0.495,2,0.452,0.753,0.224,56.9,1
gig_worker,34281.71,43,0.664,0.652,1,0.562,0.0,0.125,59.0,0
kirana_merchant,23134.97,50,0.738,0.757,5,0.81,0.533,0.204,51.1,1
kirana_merchant,95338.1,38,0.981,0.141,14,0.83,0.851,0.277,49.5,0
kirana_merchant,24005.87,44,1.085,0.37,31,0.884,0.753,0.219,46.2,0
gig_worker,23971.16,44,0.857,0.12,5,0.445,0.0,0.321,75.6,1
gig_worker,18060.94,42,0.769,0.14,0,0.212,0.0,0.053,68.4,0
kirana_merchant,28622.64,41,1.015,0.13,15,0.776,0.78,0.325,30.1,0
gig_worker,36588.18,47,0.634,0.482,13,0.338,0.0,0.18,79.7,0
gig_worker,49108.58,50,0.647,0.461,2,0.512,0.0,0.039,99.0,0
gig_worker,12776.44,52,0.773,0.149,2,0.844,0.0,0.313,86.2,0
freelancer,23789.57,45,0.824,0.31,6,0.688,0.0,0.058,46.4,0
kirana_merchant,33635.99,39,0.999,0.296,0,0.899,0.663,0.242,36.7,0
gig_worker,36081.26,47,1.063,0.337,2,0.722,0.0,0.113,99.0,1
gig_worker,26991.42,44,0.866,0.613,1,0.506,0.0,0.055,79.8,0
gig_worker,35284.96,40,0.848,0.658,0,0.227,0.0,0.298,76.5,0
kirana_merchant,17953.1,31,0.707,0.371,5,0.212,0.652,0.161,56.7,0
kirana_merchant,58627.12,51,0.826,0.731,7,0.401,0.257,0.225,28.1,1
gig_worker,44192.66,52,1.062,0.434,7,0.717,0.0,0.253,75.4,0
gig_worker,13732.71,54,0.796,0.518,0,0.771,0.0,0.202,83.9,0
gig_worker,15716.22,36,0.705,0.216,11,0.475,0.0,0.277,73.2,0
kirana_merchant,15939.24,44,0.769,0.286,4,0.877,0.784,0.185,19.4,0
kirana_merchant,37759.22,52,0.857,0.682,6,0.955,0.418,0.157,56.1,0
gig_worker,14152.35,31,0.899,0.882,0,0.439,0.0,0.268,68.5,1
gig_worker,22799.36,48,0.816,0.664,2,0.481,0.0,0.089,89.4,0
gig_worker,33770.81,45,0.979,0.143,1,0.524,0.0,0.331,71.5,0
freelancer,26027.71,50,0.892,0.214,4,0.422,0.0,0.119,23.6,0
gig_worker,30621.07,58,0.933,0.457,0,0.717,0.0,0.033,74.7,0
kirana_merchant,15789.47,55,1.031,0.686,2,0.927,0.066,0.199,45.9,0
kirana_merchant,36222.19,43,1.033,0.233,2,0.542,0.242,0.12,59.3,0
gig_worker,19799.15,42,0.702,0.701,3,0.344,0.0,0.072,78.5,0
gig_worker,22872.49,39,0.912,0.545,8,0.356,0.0,0.278,61.8,1
gig_worker,30298.88,46,0.958,0.72,5,0.777,0.0,0.215,80.0,0
kirana_merchant,28326.11,58,0.673,0.546,1,0.787,0.14,0.216,58.7,1
kirana_merchant,27227.7,51,1.021,0.582,3,0.581,0.975,0.19,31.4,0
kirana_merchant,18484.48,52,0.69,0.299,1,0.809,0.474,0.233,47.2,0
kirana_merchant,23161.0,39,1.0,0.676,9,0.609,0.583,0.324,26.9,1
gig_worker,26932.57,49,0.681,0.775,0,0.444,0.0,0.129,92.3,0
freelancer,13527.2,44,0.971,0.797,3,0.312,0.0,0.23,51.2,0
kirana_merchant,21348.43,46,0.674,0.124,7,0.613,0.867,0.278,37.1,0
gig_worker,32657.83,44,0.789,0.6,2,0.869,0.0,0.087,65.0,0
freelancer,14204.04,46,0.672,0.892,1,0.941,0.0,0.262,35.4,0
kirana_merchant,47968.07,61,0.735,0.57,2,0.249,0.405,0.146,43.2,0
kirana_merchant,50757.09,54,1.092,0.237,0,0.935,0.955,0.298,40.7,0
kirana_merchant,14435.2,47,0.654,0.802,0,0.342,0.422,0.117,43.3,0
freelancer,53040.43,36,0.803,0.311,6,0.684,0.0,0.249,20.1,0
kirana_merchant,25039.48,43,0.938,0.136,7,0.549,0.086,0.189,26.5,0
gig_worker,33165.23,46,0.647,0.444,2,0.761,0.0,0.267,57.4,0
gig_worker,20987.34,67,0.655,0.18,5,0.624,0.0,0.288,74.9,1
freelancer,42681.57,43,0.672,0.192,3,0.512,0.0,0.06,52.1,0
gig_worker,32959.9,41,0.922,0.471,1,0.257,0.0,0.107,99.0,0
gig_worker,17906.58,51,1.055,0.59,5,0.221,0.0,0.105,94.4,0
kirana_merchant,15023.92,44,1.013,0.824,0,0.39,0.4,0.035,31.2,1
kirana_merchant,12962.93,44,1.092,0.664,2,0.797,0.843,0.336,63.2,0
kirana_merchant,29553.9,50,0.889,0.774,1,0.694,0.544,0.204,46.4,0
freelancer,35819.07,60,1.081,0.429,2,0.534,0.0,0.093,44.6,0
gig_worker,37252.82,33,0.752,0.355,1,0.628,0.0,0.207,94.6,0
gig_worker,25362.06,44,0.811,0.574,2,0.673,0.0,0.294,90.0,0
gig_worker,15085.69,41,0.798,0.656,1,0.256,0.0,0.073,63.5,0
freelancer,19129.03,59,0.624,0.555,4,0.458,0.0,0.234,31.5,0
kirana_merchant,47866.65,46,1.015,0.312,1,0.903,0.117,0.069,42.7,0
gig_worker,21113.88,51,0.612,0.396,19,0.787,0.0,0.301,74.5,0
freelancer,28903.24,44,0.965,0.459,4,0.269,0.0,0.099,42.3,1
freelancer,15711.92,43,0.804,0.111,0,0.421,0.0,0.22,58.8,0
freelancer,31834.04,49,0.603,0.804,4,0.362,0.0,0.026,34.3,1
freelancer,21400.25,56,0.745,0.509,1,0.505,0.0,0.02,30.5,0
gig_worker,45404.04,47,0.773,0.701,0,0.986,0.0,0.245,74.5,0
kirana_merchant,39607.7,33,1.082,0.238,2,0.662,0.37,0.039,35.1,0
kirana_merchant,20997.26,44,0.931,0.545,19,0.326,0.97,0.09,68.6,1
freelancer,25252.19,37,0.872,0.841,3,0.828,0.0,0.33,19.2,1
kirana_merchant,20423.51,48,0.664,0.271,0,0.669,0.805,0.233,10.6,0
kirana_merchant,13230.54,39,0.796,0.377,0,0.889,0.728,0.106,30.3,0
kirana_merchant,17523.16,47,0.618,0.411,2,0.589,0.956,0.242,10.8,0
gig_worker,29706.13,29,0.981,0.407,0,0.912,0.0,0.348,76.7,0
kirana_merchant,31654.31,41,0.681,0.58,8,0.885,0.457,0.164,23.7,0
freelancer,28977.47,32,0.897,0.415,1,0.251,0.0,0.188,67.3,1
freelancer,23135.73,41,0.95,0.639,3,0.86,0.0,0.196,39.2,0
gig_worker,42895.98,58,0.783,0.488,13,0.294,0.0,0.073,67.7,0
gig_worker,27771.65,45,0.916,0.226,4,0.288,0.0,0.196,55.1,1
gig_worker,38239.6,36,0.982,0.859,11,0.328,0.0,0.228,74.7,1
kirana_merchant,11082.39,43,0.692,0.292,7,0.936,0.868,0.182,72.3,0
freelancer,3785.0,33,0.9,0.55,8,0.596,0.0,0.172,7.4,1
gig_worker,31004.7,38,0.967,0.149,0,0.457,0.0,0.093,83.3,0
kirana_merchant,13195.32,47,0.779,0.835,7,0.244,0.663,0.212,30.5,1
freelancer,24191.92,43,0.681,0.842,8,0.293,0.0,0.201,53.1,1
kirana_merchant,23131.52,50,0.743,0.392,9,0.351,0.586,0.327,31.6,1
kirana_merchant,59498.14,42,1.067,0.197,5,0.349,0.362,0.141,68.4,0
kirana_merchant,32859.57,47,0.779,0.716,5,0.265,0.515,0.251,53.5,0
kirana_merchant,29229.38,41,0.654,0.31,0,0.264,0.526,0.279,27.7,0
gig_worker,40884.06,39,0.641,0.66,3,0.438,0.0,0.281,58.8,1
kirana_merchant,32346.1,41,0.69,0.832,2,0.638,0.447,0.207,40.5,0
kirana_merchant,21400.33,41,0.664,0.572,3,0.659,0.949,0.226,27.1,1
freelancer,45969.71,57,0.848,0.789,5,0.431,0.0,0.284,11.9,1
kirana_merchant,15446.3,51,0.774,0.28,7,0.264,0.321,0.03,63.7,0
kirana_merchant,31622.48,52,1.021,0.828,17,0.687,0.747,0.091,13.0,0
gig_worker,12409.47,34,1.041,0.281,1,0.725,0.0,0.193,94.6,0
kirana_merchant,29791.31,54,0.837,0.281,12,0.759,0.124,0.261,37.2,0
gig_worker,29628.58,46,1.044,0.804,9,0.942,0.0,0.08,78.4,0
gig_worker,62207.29,40,0.825,0.544,0,0.229,0.0,0.307,99.0,0
kirana_merchant,12301.95,49,0.921,0.74,5,0.368,0.584,0.189,54.9,0
freelancer,19921.53,53,0.681,0.742,10,0.658,0.0,0.145,26.3,0
gig_worker,40592.61,35,0.626,0.618,11,0.208,0.0,0.07,97.0,0
kirana_merchant,31813.9,61,0.68,0.251,1,0.24,0.316,0.205,14.5,0
freelancer,29441.26,55,0.726,0.654,0,0.515,0.0,0.28,39.3,1
gig_worker,16679.44,55,0.975,0.151,0,0.66,0.0,0.123,90.0,0
kirana_merchant,20022.08,49,0.687,0.261,2,0.746,0.065,0.184,36.5,0
kirana_merchant,50137.3,36,0.665,0.614,2,0.399,0.329,0.078,27.3,0
kirana_merchant,26219.15,56,1.064,0.826,3,0.696,0.389,0.106,24.1,1
gig_worker,32457.27,41,0.944,0.717,4,0.495,0.0,0.248,70.6,0
gig_worker,25397.5,45,0.837,0.366,0,0.645,0.0,0.339,44.1,0
kirana_merchant,14890.18,54,0.647,0.759,1,0.736,0.796,0.222,13.3,0
kirana_merchant,42911.93,49,1.026,0.873,17,0.401,0.48,0.228,33.6,1
gig_worker,34600.25,45,0.654,0.366,2,0.487,0.0,0.311,65.7,0
kirana_merchant,85205.26,33,0.906,0.249,0,0.642,0.854,0.08,49.1,0
gig_worker,16190.98,39,0.934,0.258,23,0.385,0.0,0.289,67.4,1
kirana_merchant,40590.38,50,0.8,0.42,2,0.952,0.431,0.303,33.0,0
gig_worker,13963.86,45,1.056,0.142,0,0.779,0.0,0.249,89.6,0
freelancer,29105.23,46,0.625,0.49,6,0.703,0.0,0.032,41.3,0
gig_worker,43837.87,45,1.009,0.686,6,0.783,0.0,0.326,98.0,0
gig_worker,9546.52,47,0.877,0.524,1,0.387,0.0,0.216,71.7,0
gig_worker,24283.05,42,0.906,0.876,1,0.205,0.0,0.093,49.0,0
gig_worker,20300.39,40,1.093,0.469,9,0.718,0.0,0.181,62.2,0
freelancer,18939.81,40,0.891,0.111,3,0.972,0.0,0.208,18.1,0
freelancer,32617.57,49,0.999,0.476,4,0.727,0.0,0.046,38.0,0
gig_worker,47114.82,37,0.677,0.844,2,0.339,0.0,0.216,74.2,0
kirana_merchant,25168.81,48,1.005,0.177,2,0.887,0.949,0.225,24.3,0
kirana_merchant,29814.29,31,0.981,0.278,0,0.663,0.458,0.283,40.3,0
freelancer,28485.61,43,1.084,0.672,1,0.694,0.0,0.324,42.6,0
kirana_merchant,26927.46,29,1.068,0.335,0,0.611,0.645,0.173,28.1,0
gig_worker,15604.72,61,0.707,0.712,3,0.787,0.0,0.112,99.0,0
kirana_merchant,46827.33,45,0.832,0.435,0,0.967,0.953,0.244,36.0,0
kirana_merchant,31182.04,47,1.056,0.737,0,0.5,0.069,0.069,40.9,0
gig_worker,32775.64,40,0.92,0.541,4,0.665,0.0,0.053,62.5,0
kirana_merchant,17975.14,37,0.832,0.166,9,0.883,0.145,0.278,21.7,1
gig_worker,21383.82,33,0.654,0.409,4,0.903,0.0,0.304,61.1,0
kirana_merchant,24635.23,53,0.776,0.367,3,0.858,0.152,0.289,35.2,0
gig_worker,12493.17,52,0.933,0.748,3,0.649,0.0,0.313,77.4,0
kirana_merchant,11567.83,45,0.988,0.6,7,0.949,0.107,0.111,45.5,0
kirana_merchant,19922.92,57,0.824,0.722,0,0.336,0.374,0.227,24.6,1
kirana_merchant,34935.56,49,0.628,0.398,26,0.363,0.31,0.222,51.3,1
gig_worker,19407.82,44,0.917,0.653,0,0.374,0.0,0.035,73.1,1
kirana_merchant,16164.9,44,1.061,0.152,4,0.522,0.611,0.028,63.5,0
kirana_merchant,17901.81,41,0.848,0.129,9,0.734,0.683,0.309,76.4,0
kirana_merchant,21425.32,41,1.064,0.33,2,0.537,0.491,0.026,54.4,0
kirana_merchant,22540.53,56,0.777,0.719,1,0.96,0.853,0.261,55.1,0
kirana_merchant,79440.27,46,1.043,0.527,0,0.393,0.354,0.162,31.7,0
freelancer,45583.92,45,0.993,0.427,6,0.852,0.0,0.033,33.9,0
gig_worker,44908.71,46,1.081,0.817,0,0.826,0.0,0.301,37.2,0
freelancer,48256.71,46,0.996,0.498,0,0.465,0.0,0.149,28.8,0
kirana_merchant,16327.23,47,0.761,0.591,12,0.577,0.452,0.263,52.1,0
gig_worker,14600.6,51,1.05,0.889,2,0.809,0.0,0.185,94.5,0
gig_worker,15468.56,51,0.935,0.518,0,0.883,0.0,0.307,68.4,0
gig_worker,52430.99,37,0.681,0.727,3,0.746,0.0,0.186,68.0,1
kirana_merchant,20463.62,41,0.623,0.431,0,0.938,0.501,0.269,37.2,0
kirana_merchant,14390.48,46,0.783,0.129,1,0.696,0.588,0.218,29.4,0
kirana_merchant,21687.73,48,0.993,0.768,9,0.525,0.845,0.278,28.6,0
kirana_merchant,23877.63,51,0.909,0.856,5,0.698,0.097,0.056,29.9,0
kirana_merchant,30767.27,41,0.864,0.448,0,0.69,0.828,0.137,64.1,0
gig_worker,30499.8,36,0.602,0.503,1,0.642,0.0,0.141,69.3,0
gig_worker,17781.43,31,0.818,0.439,2,0.445,0.0,0.057,56.1,0
kirana_merchant,37904.62,53,0.679,0.898,16,0.734,0.862,0.316,27.5,0
gig_worker,19543.6,48,0.827,0.823,0,0.841,0.0,0.108,44.9,0
gig_worker,24881.05,49,1.096,0.133,4,0.967,0.0,0.277,67.0,0
kirana_merchant,37925.81,47,1.04,0.723,9,0.598,0.048,0.181,33.5,1
kirana_merchant,19517.94,55,0.755,0.581,0,0.802,0.189,0.313,46.7,0
freelancer,20238.14,35,0.897,0.12,4,0.842,0.0,0.261,47.2,0
freelancer,36164.53,52,0.851,0.456,10,0.739,0.0,0.27,23.9,0
kirana_merchant,17520.61,37,0.665,0.22,3,0.503,0.709,0.181,40.3,0
kirana_merchant,22194.59,45,1.095,0.798,4,0.773,0.805,0.148,60.8,0
kirana_merchant,35520.71,42,0.813,0.11,1,0.982,0.247,0.175,32.9,0
kirana_merchant,75135.33,41,0.853,0.798,1,0.685,0.382,0.182,24.1,0
gig_worker,36413.77,41,0.924,0.853,0,0.791,0.0,0.039,77.9,0
kirana_merchant,34075.02,48,0.696,0.158,7,0.39,0.368,0.055,62.3,0
freelancer,35080.5,35,0.711,0.676,7,0.724,0.0,0.116,52.2,1
gig_worker,15731.26,49,0.696,0.539,5,0.227,0.0,0.156,62.1,1
kirana_merchant,28503.96,39,0.792,0.863,4,0.865,0.769,0.042,26.6,0
kirana_merchant,26505.74,43,0.7,0.739,8,0.377,0.94,0.178,40.0,1
gig_worker,31596.2,50,1.063,0.656,15,0.252,0.0,0.212,72.4,1
gig_worker,28516.95,35,0.957,0.84,5,0.342,0.0,0.337,71.7,0
gig_worker,32527.78,42,1.049,0.228,3,0.576,0.0,0.054,63.9,1
gig_worker,23023.4,51,1.024,0.401,3,0.234,0.0,0.287,88.4,0
gig_worker,27703.23,47,0.952,0.774,9,0.228,0.0,0.261,90.7,1
freelancer,14560.76,45,0.721,0.181,1,0.608,0.0,0.266,15.5,1
gig_worker,22926.45,45,0.908,0.848,5,0.655,0.0,0.299,58.6,1
kirana_merchant,53928.63,39,0.693,0.696,3,0.455,0.53,0.339,40.2,0
gig_worker,31552.38,36,0.666,0.451,0,0.213,0.0,0.231,70.4,0
freelancer,26623.23,43,0.916,0.371,4,0.568,0.0,0.312,43.3,0
gig_worker,69429.12,66,0.912,0.218,3,0.935,0.0,0.061,66.6,0
kirana_merchant,13623.92,55,0.678,0.175,3,0.587,0.399,0.099,40.5,0
freelancer,15448.58,45,0.776,0.439,6,0.563,0.0,0.145,5.0,1
freelancer,63345.28,46,0.633,0.774,0,0.647,0.0,0.046,54.2,0
gig_worker,27528.59,42,0.958,0.525,10,0.332,0.0,0.093,46.9,1
freelancer,23830.19,42,1.094,0.461,3,0.842,0.0,0.343,9.1,1
kirana_merchant,14770.66,30,0.97,0.355,3,0.227,0.531,0.265,18.5,0
kirana_merchant,33652.69,40,1.022,0.226,5,0.245,0.088,0.257,30.0,0
gig_worker,35320.89,34,0.838,0.892,1,0.245,0.0,0.196,86.2,0
gig_worker,15564.58,43,0.648,0.121,0,0.834,0.0,0.095,86.2,0
kirana_merchant,25080.91,39,0.963,0.349,1,0.495,0.243,0.06,35.3,0
kirana_merchant,22748.22,47,0.728,0.716,4,0.715,0.377,0.193,19.7,1
kirana_merchant,30576.55,44,0.794,0.516,6,0.264,0.652,0.238,49.4,0
kirana_merchant,15373.11,39,0.952,0.351,6,0.81,0.478,0.206,38.6,0
kirana_merchant,50310.73,61,1.052,0.894,1,0.468,0.603,0.172,57.4,0
gig_worker,42527.74,54,0.843,0.595,1,0.372,0.0,0.028,54.5,0
kirana_merchant,22435.78,58,1.081,0.336,4,0.772,0.695,0.217,39.0,0
gig_worker,24143.99,43,0.86,0.778,1,0.252,0.0,0.192,81.9,1
kirana_merchant,25129.28,49,0.661,0.22,18,0.589,0.653,0.113,59.0,0
kirana_merchant,18230.4,45,0.859,0.471,2,0.507,0.165,0.283,66.5,0
freelancer,21553.32,42,1.03,0.772,2,0.793,0.0,0.249,57.3,1
gig_worker,23502.56,46,0.869,0.887,5,0.711,0.0,0.341,69.8,0
gig_worker,60260.63,49,0.974,0.406,7,0.913,0.0,0.185,85.2,0
gig_worker,43187.62,51,0.874,0.21,1,0.781,0.0,0.042,86.0,0
gig_worker,42930.05,49,0.873,0.554,0,0.533,0.0,0.326,54.7,0
gig_worker,32369.21,50,0.742,0.855,15,0.348,0.0,0.171,80.4,1
freelancer,15387.9,44,0.701,0.632,7,0.56,0.0,0.348,32.7,0
gig_worker,26350.81,27,0.739,0.582,5,0.334,0.0,0.186,81.0,1
gig_worker,43706.16,47,0.82,0.347,7,0.291,0.0,0.158,78.8,0
kirana_merchant,14340.85,43,1.005,0.585,0,0.239,0.9,0.045,60.9,0
kirana_merchant,36985.33,45,1.014,0.808,0,0.634,0.215,0.061,54.1,0
kirana_merchant,85931.4,43,0.682,0.4,2,0.653,0.8,0.057,39.4,0
gig_worker,45748.23,45,0.876,0.294,0,0.724,0.0,0.231,74.8,0
kirana_merchant,54557.72,39,0.808,0.485,1,0.909,0.496,0.195,30.7,0
gig_worker,30006.5,49,0.885,0.401,0,0.93,0.0,0.345,90.1,0
gig_worker,43650.32,46,0.924,0.476,4,0.473,0.0,0.163,84.7,0
freelancer,18789.87,54,0.74,0.177,3,0.709,0.0,0.072,16.9,0
gig_worker,40051.92,41,1.06,0.369,1,0.57,0.0,0.113,76.7,0
kirana_merchant,37316.62,52,1.068,0.761,0,0.802,0.276,0.284,68.1,0
kirana_merchant,31099.77,56,0.653,0.42,5,0.773,0.071,0.292,56.1,0
gig_worker,51948.27,41,0.952,0.874,2,0.356,0.0,0.059,78.3,1
freelancer,20549.82,50,0.617,0.667,1,0.339,0.0,0.345,45.8,0
gig_worker,24501.05,33,0.623,0.393,3,0.291,0.0,0.136,74.0,1
kirana_merchant,28218.44,62,1.079,0.301,3,0.298,0.33,0.138,32.3,0
freelancer,16077.8,39,0.947,0.648,2,0.397,0.0,0.114,30.0,0
kirana_merchant,30135.71,39,0.762,0.342,1,0.48,0.985,0.273,33.1,0
freelancer,11390.5,56,0.935,0.842,1,0.697,0.0,0.329,41.9,1
gig_worker,45409.53,46,1.023,0.193,3,0.797,0.0,0.255,89.8,0
kirana_merchant,27537.9,40,1.035,0.123,20,0.311,0.839,0.051,61.8,0
gig_worker,20734.49,49,0.61,0.277,0,0.402,0.0,0.275,56.0,0
kirana_merchant,17726.45,44,1.009,0.585,0,0.673,0.833,0.277,30.3,0
freelancer,23925.75,41,1.027,0.768,5,0.807,0.0,0.234,27.3,0
gig_worker,37953.99,38,0.898,0.236,2,0.856,0.0,0.083,74.8,0
kirana_merchant,35378.85,27,0.84,0.568,0,0.507,0.319,0.185,29.8,0
gig_worker,18905.93,48,0.655,0.215,0,0.557,0.0,0.031,84.2,0
kirana_merchant,17623.35,33,0.72,0.551,3,0.742,0.446,0.104,23.6,1
kirana_merchant,37363.49,46,0.845,0.115,1,0.423,0.036,0.242,56.7,0
freelancer,18747.7,43,1.033,0.546,16,0.266,0.0,0.14,44.4,1
kirana_merchant,27721.26,37,1.002,0.517,2,0.555,0.482,0.073,23.5,0
gig_worker,28620.47,62,0.848,0.134,4,0.989,0.0,0.055,70.6,0
gig_worker,31446.13,45,0.993,0.652,0,0.499,0.0,0.272,65.1,0
gig_worker,41321.38,29,0.983,0.558,0,0.439,0.0,0.113,57.0,0
gig_worker,14307.2,52,0.89,0.598,4,0.858,0.0,0.338,81.3,0
gig_worker,10346.67,42,0.71,0.524,5,0.935,0.0,0.264,75.9,0
freelancer,20257.42,50,0.774,0.678,0,0.825,0.0,0.137,24.7,0
kirana_merchant,66221.75,36,0.682,0.52,9,0.619,0.574,0.133,71.6,0
kirana_merchant,73945.75,43,0.604,0.838,0,0.911,0.042,0.067,39.6,0
gig_worker,67210.76,45,0.64,0.855,2,0.672,0.0,0.256,59.8,0
freelancer,24428.59,45,0.98,0.681,2,0.436,0.0,0.183,38.4,0
kirana_merchant,11036.27,44,0.617,0.829,7,0.95,0.34,0.292,69.5,0
gig_worker,8337.18,31,0.8,0.839,0,0.725,0.0,0.111,56.4,1
kirana_merchant,19790.97,42,1.093,0.31,6,0.307,0.181,0.132,45.9,0
kirana_merchant,24366.47,58,0.998,0.895,4,0.469,0.338,0.178,40.9,1
gig_worker,51550.27,41,0.975,0.314,5,0.728,0.0,0.253,76.4,0
kirana_merchant,41518.85,42,0.737,0.115,8,0.87,0.966,0.304,29.3,0
kirana_merchant,30142.84,39,0.921,0.87,0,0.991,0.227,0.335,50.8,0
gig_worker,17241.55,30,0.849,0.279,6,0.362,0.0,0.036,76.7,0
freelancer,16640.76,39,0.912,0.567,0,0.844,0.0,0.299,48.4,1
freelancer,30548.29,49,0.818,0.877,4,0.295,0.0,0.062,42.6,0
kirana_merchant,38121.19,49,0.865,0.14,6,0.745,0.581,0.344,58.6,0
kirana_merchant,32726.51,56,1.094,0.315,0,0.286,0.567,0.035,50.6,0
kirana_merchant,16037.76,37,0.765,0.587,3,0.648,0.597,0.123,59.3,0
kirana_merchant,37247.27,42,0.708,0.71,9,0.618,0.339,0.35,56.0,1
kirana_merchant,33288.11,39,0.824,0.746,3,0.915,0.885,0.102,51.7,0
gig_worker,15751.12,45,0.862,0.807,6,0.63,0.0,0.302,80.2,0
kirana_merchant,18175.68,43,0.643,0.235,3,0.773,0.978,0.295,49.5,1
freelancer,37958.47,49,1.003,0.396,2,0.891,0.0,0.107,25.9,0
kirana_merchant,23926.6,40,0.811,0.671,4,0.313,0.363,0.186,45.7,0
gig_worker,59550.12,50,0.807,0.672,2,0.294,0.0,0.045,64.4,0
kirana_merchant,34563.89,47,0.929,0.346,0,0.297,0.467,0.065,52.3,0
gig_worker,21092.74,41,0.987,0.343,3,0.46,0.0,0.139,39.8,1
gig_worker,26766.25,58,1.093,0.357,5,0.512,0.0,0.319,67.6,1
gig_worker,27769.45,44,0.687,0.814,1,0.231,0.0,0.238,54.9,0
gig_worker,18691.14,52,0.773,0.828,7,0.399,0.0,0.219,71.7,1
kirana_merchant,17046.6,49,0.684,0.112,10,0.205,0.314,0.334,29.5,0
kirana_merchant,38203.98,38,1.04,0.36,5,0.353,0.644,0.277,71.4,0
gig_worker,41053.72,46,0.874,0.414,0,0.514,0.0,0.348,55.8,0
freelancer,36384.23,48,1.026,0.886,0,0.804,0.0,0.172,29.8,1
freelancer,57391.93,37,1.093,0.855,4,0.998,0.0,0.084,58.9,0
freelancer,20519.14,47,0.875,0.603,2,0.359,0.0,0.16,53.3,0
gig_worker,62139.39,53,0.659,0.137,1,0.761,0.0,0.16,87.8,0
kirana_merchant,17146.33,35,0.781,0.253,0,0.482,0.612,0.276,18.0,0
freelancer,16214.44,45,0.618,0.447,0,0.88,0.0,0.108,32.9,0
kirana_merchant,11159.21,43,1.025,0.867,1,0.467,0.326,0.195,28.2,1
gig_worker,21527.84,52,0.609,0.176,17,0.448,0.0,0.154,78.1,0
gig_worker,20913.26,40,0.896,0.733,0,0.628,0.0,0.17,81.8,1
kirana_merchant,34995.29,38,0.653,0.253,5,0.998,0.806,0.053,63.9,0
freelancer,30392.33,52,0.604,0.506,6,0.482,0.0,0.206,36.8,0
kirana_merchant,14816.75,51,0.728,0.714,1,0.362,0.955,0.229,34.1,0
kirana_merchant,22106.72,41,0.876,0.654,6,0.757,0.697,0.036,33.0,0
gig_worker,22343.01,44,0.638,0.721,1,0.915,0.0,0.063,72.1,0
kirana_merchant,11070.16,56,0.907,0.751,6,0.864,0.523,0.043,51.1,0
freelancer,16473.8,54,0.936,0.345,1,0.904,0.0,0.087,46.7,0
gig_worker,18298.84,33,1.085,0.391,4,0.227,0.0,0.043,75.7,0
kirana_merchant,55094.9,37,1.05,0.753,10,0.264,0.331,0.156,25.3,1
freelancer,29605.79,53,0.883,0.131,5,0.834,0.0,0.105,38.2,0
gig_worker,37462.08,35,0.997,0.512,1,0.53,0.0,0.264,77.0,0
kirana_merchant,12716.84,38,0.782,0.836,3,0.561,0.265,0.327,5.8,1
gig_worker,48879.2,42,0.893,0.808,0,0.518,0.0,0.194,74.8,0
kirana_merchant,51562.56,52,0.802,0.743,10,0.335,0.785,0.138,43.8,0
kirana_merchant,9905.32,48,0.769,0.117,7,0.951,0.066,0.204,56.0,0
kirana_merchant,18908.02,42,0.964,0.81,1,0.785,0.278,0.068,31.7,0
kirana_merchant,34471.31,51,0.748,0.829,1,0.458,0.111,0.286,42.6,0
gig_worker,37130.51,42,0.79,0.631,4,0.674,0.0,0.2,67.7,0
freelancer,19163.31,47,0.784,0.339,2,0.622,0.0,0.029,38.2,0
kirana_merchant,23092.2,44,1.035,0.492,4,0.581,0.959,0.184,29.8,0
gig_worker,19956.49,45,0.685,0.71,2,0.97,0.0,0.225,83.7,0
kirana_merchant,28430.25,37,0.791,0.75,5,0.56,0.529,0.069,20.7,0
kirana_merchant,48951.69,46,1.044,0.375,11,0.691,0.223,0.147,51.1,1
gig_worker,18296.75,48,0.608,0.361,7,0.408,0.0,0.111,99.0,0
freelancer,44374.06,47,1.074,0.689,2,0.493,0.0,0.18,32.9,1
freelancer,18199.77,31,1.049,0.649,1,0.659,0.0,0.176,53.6,0
gig_worker,17609.37,50,0.809,0.511,3,0.941,0.0,0.31,65.8,1
freelancer,40509.72,47,0.927,0.436,7,0.978,0.0,0.312,59.1,0
gig_worker,42657.92,38,1.096,0.626,0,0.847,0.0,0.11,69.4,0
gig_worker,41179.88,49,0.877,0.126,2,0.857,0.0,0.265,73.4,0
gig_worker,13934.2,53,0.648,0.161,0,0.297,0.0,0.064,73.5,0
freelancer,21311.98,52,1.027,0.558,8,0.924,0.0,0.142,17.6,1
kirana_merchant,40598.82,34,0.667,0.268,1,0.959,0.023,0.142,52.9,0
gig_worker,27467.83,38,0.729,0.72,4,0.385,0.0,0.299,71.2,1
kirana_merchant,15727.3,43,1.037,0.718,0,0.606,0.747,0.044,41.4,0
kirana_merchant,33831.88,41,0.728,0.668,5,0.516,0.355,0.19,12.0,1
gig_worker,18818.51,41,0.973,0.823,6,0.797,0.0,0.163,95.2,0
freelancer,65990.26,44,0.824,0.213,5,0.321,0.0,0.217,70.2,0
freelancer,58245.42,53,0.98,0.307,0,0.787,0.0,0.307,5.0,1
kirana_merchant,36389.98,43,0.716,0.302,3,0.878,0.358,0.044,46.0,0
freelancer,53130.34,41,0.81,0.726,6,0.296,0.0,0.344,38.3,0
kirana_merchant,27789.0,48,0.759,0.517,3,0.385,0.929,0.238,72.6,0
freelancer,39447.22,52,0.725,0.302,0,0.299,0.0,0.272,25.3,1
kirana_merchant,56323.11,37,0.757,0.209,5,0.846,0.187,0.151,67.0,0
kirana_merchant,30416.77,47,0.761,0.814,2,0.217,0.702,0.331,30.7,0
gig_worker,23680.48,51,1.078,0.654,14,0.915,0.0,0.13,71.0,0
freelancer,11472.28,33,0.867,0.523,6,0.63,0.0,0.275,51.7,0
kirana_merchant,25807.83,34,0.831,0.872,1,0.373,0.51,0.291,52.2,1
gig_worker,40607.64,44,0.852,0.78,13,0.321,0.0,0.246,72.7,1
gig_worker,43166.36,54,1.098,0.242,17,0.323,0.0,0.27,76.3,1
kirana_merchant,34619.85,49,0.927,0.507,9,0.414,0.643,0.068,61.7,0
kirana_merchant,20524.0,42,0.952,0.489,12,0.264,0.75,0.057,42.4,0
kirana_merchant,10012.5,37,0.757,0.775,4,0.838,0.848,0.205,49.7,0
freelancer,21002.41,49,0.836,0.219,4,0.419,0.0,0.132,55.2,0
gig_worker,23105.54,48,0.692,0.461,2,0.212,0.0,0.304,73.3,0
kirana_merchant,23006.58,48,0.943,0.609,0,0.838,0.897,0.094,36.8,0
gig_worker,36654.01,51,0.772,0.856,10,0.669,0.0,0.24,82.0,0
freelancer,72608.57,46,0.974,0.819,0,0.225,0.0,0.1,54.2,1
freelancer,28617.24,52,0.707,0.527,4,0.38,0.0,0.076,54.1,0
kirana_merchant,24140.21,44,0.802,0.585,6,0.458,0.715,0.084,55.2,0
kirana_merchant,23632.76,41,0.836,0.782,5,0.951,0.977,0.115,69.2,0
gig_worker,28629.48,45,0.683,0.696,3,0.541,0.0,0.291,74.4,0
kirana_merchant,17780.42,35,0.635,0.803,2,0.753,0.931,0.349,36.6,0
freelancer,28569.62,53,0.759,0.817,0,0.821,0.0,0.192,15.2,0
kirana_merchant,33705.16,37,0.872,0.766,9,0.619,0.815,0.06,28.2,0
gig_worker,29876.96,39,0.926,0.108,3,0.281,0.0,0.283,78.5,0
kirana_merchant,33818.76,58,0.813,0.349,2,0.948,0.73,0.06,51.5,0
freelancer,33418.8,40,0.85,0.423,0,0.56,0.0,0.101,57.8,0
gig_worker,11092.8,32,0.872,0.642,5,0.336,0.0,0.334,81.3,0
gig_worker,36991.19,34,0.856,0.345,3,0.815,0.0,0.091,77.9,0
kirana_merchant,19235.11,49,0.645,0.359,1,0.906,0.882,0.208,35.0,0
freelancer,15554.11,31,0.803,0.42,3,0.786,0.0,0.319,53.7,0
gig_worker,15487.28,41,0.702,0.864,9,0.557,0.0,0.255,99.0,1
gig_worker,33415.36,42,0.867,0.45,3,0.987,0.0,0.274,67.6,0
gig_worker,24069.78,48,0.979,0.213,0,0.28,0.0,0.102,61.7,0
gig_worker,11602.96,44,0.89,0.105,6,0.318,0.0,0.296,62.6,0
kirana_merchant,34167.11,37,0.711,0.289,6,0.42,0.384,0.12,70.3,0
kirana_merchant,13097.75,37,0.704,0.851,13,0.306,0.528,0.188,56.1,1
kirana_merchant,28851.31,35,0.618,0.864,0,0.558,0.986,0.178,45.4,0
kirana_merchant,30310.5,51,0.813,0.523,14,0.677,0.383,0.181,53.1,1
gig_worker,41889.42,46,0.816,0.617,2,0.442,0.0,0.288,49.5,0
freelancer,65567.96,52,0.718,0.737,8,0.224,0.0,0.159,61.8,0
kirana_merchant,13597.78,46,0.982,0.145,0,0.648,0.175,0.296,55.3,0
freelancer,26206.51,50,0.793,0.399,0,0.649,0.0,0.321,48.7,0
kirana_merchant,23431.4,38,0.935,0.614,5,0.897,0.879,0.307,36.8,0
gig_worker,33418.83,53,0.92,0.819,7,0.283,0.0,0.322,55.1,1
kirana_merchant,29966.47,43,0.902,0.681,4,0.497,0.768,0.087,47.2,0
gig_worker,22555.33,57,1.054,0.38,3,0.385,0.0,0.273,79.4,0
kirana_merchant,21580.58,44,0.608,0.828,6,0.282,0.207,0.167,46.7,0
gig_worker,15394.64,45,0.634,0.632,3,0.441,0.0,0.286,84.8,0
gig_worker,44087.47,41,0.961,0.764,0,0.844,0.0,0.148,59.8,0
freelancer,33846.88,56,0.777,0.408,16,0.388,0.0,0.218,22.8,1
gig_worker,42569.11,50,1.093,0.102,6,0.931,0.0,0.058,60.9,0
freelancer,23035.73,38,0.708,0.233,6,0.754,0.0,0.189,19.5,0
gig_worker,19371.97,49,0.692,0.842,4,0.277,0.0,0.113,66.2,0
kirana_merchant,15691.0,50,0.894,0.126,1,0.377,0.757,0.18,38.5,0
kirana_merchant,32191.53,45,0.74,0.577,3,0.227,0.824,0.28,46.7,0
kirana_merchant,15996.15,42,0.77,0.427,1,0.293,0.116,0.114,58.4,0
gig_worker,67800.95,45,1.061,0.444,5,0.777,0.0,0.285,77.2,1
gig_worker,13991.13,51,0.613,0.421,1,0.324,0.0,0.288,52.0,1
gig_worker,30848.09,47,0.866,0.154,2,0.434,0.0,0.304,83.3,0
gig_worker,58890.05,43,0.767,0.198,2,0.747,0.0,0.049,56.4,0
kirana_merchant,36298.98,48,0.773,0.15,1,0.711,0.534,0.022,10.4,0
freelancer,29373.17,44,0.724,0.143,0,0.918,0.0,0.23,48.4,0
freelancer,16576.78,47,0.667,0.168,7,0.467,0.0,0.037,51.2,0
kirana_merchant,13482.06,45,0.617,0.657,3,0.494,0.319,0.156,65.8,0
kirana_merchant,39538.3,39,1.094,0.191,2,0.276,0.517,0.318,48.3,0
kirana_merchant,57129.37,55,0.93,0.309,2,0.427,0.145,0.105,67.6,0
gig_worker,21602.73,47,0.989,0.626,2,0.876,0.0,0.108,49.4,0
freelancer,15221.58,51,0.633,0.19,2,0.311,0.0,0.212,30.6,1
kirana_merchant,7870.8,38,0.607,0.828,1,0.497,0.858,0.345,58.6,0
kirana_merchant,16475.3,46,0.9,0.482,9,0.875,0.543,0.054,43.9,1
gig_worker,25416.95,44,0.962,0.87,2,0.376,0.0,0.337,79.0,0
kirana_merchant,59847.9,41,0.797,0.254,6,0.326,0.827,0.231,51.7,0
kirana_merchant,37668.02,39,0.794,0.124,9,0.206,0.553,0.27,58.3,1
freelancer,31336.62,53,0.792,0.572,16,0.934,0.0,0.079,65.0,1
kirana_merchant,22025.15,52,0.676,0.363,4,0.896,0.503,0.218,51.9,0
gig_worker,20098.84,26,0.977,0.558,5,0.351,0.0,0.071,80.6,1
freelancer,54329.56,50,0.708,0.479,0,0.83,0.0,0.18,22.4,0
gig_worker,29743.6,48,0.762,0.466,2,0.979,0.0,0.161,65.8,0
kirana_merchant,9402.21,42,0.936,0.781,2,0.444,0.9,0.268,46.6,0
gig_worker,19210.84,43,0.6,0.253,1,0.735,0.0,0.142,69.8,0
kirana_merchant,17516.38,41,0.983,0.5,0,0.364,0.531,0.045,25.5,1
freelancer,20473.12,42,1.05,0.433,8,0.67,0.0,0.332,51.0,0
gig_worker,35648.25,54,0.626,0.639,4,0.462,0.0,0.068,64.9,0
freelancer,25496.02,44,0.896,0.14,4,0.693,0.0,0.146,35.7,0
gig_worker,25888.84,56,0.804,0.524,1,0.734,0.0,0.192,54.4,0
freelancer,51882.49,44,0.639,0.483,9,0.774,0.0,0.313,46.0,0
kirana_merchant,18991.93,42,0.941,0.879,2,0.923,0.171,0.052,40.5,1
freelancer,68329.7,55,0.906,0.705,2,0.288,0.0,0.243,45.0,0
gig_worker,19232.3,40,0.921,0.224,3,0.42,0.0,0.162,33.7,1
freelancer,28130.2,42,1.007,0.507,4,0.336,0.0,0.28,24.6,1
kirana_merchant,23374.44,45,0.743,0.727,6,0.549,0.415,0.307,57.9,0
gig_worker,28615.66,49,0.939,0.52,4,0.545,0.0,0.09,71.2,0
freelancer,33600.49,48,0.972,0.385,16,0.468,0.0,0.223,68.1,1
gig_worker,33420.26,45,0.684,0.401,7,0.99,0.0,0.193,76.4,0
freelancer,18461.47,43,1.079,0.394,1,0.809,0.0,0.211,49.2,0
gig_worker,15344.96,48,0.77,0.116,3,0.273,0.0,0.302,81.7,1
kirana_merchant,94050.38,41,0.957,0.684,1,0.522,0.588,0.118,33.1,0
kirana_merchant,21120.68,37,0.977,0.589,1,0.889,0.651,0.119,39.5,0
gig_worker,38162.41,39,0.852,0.315,3,0.333,0.0,0.257,81.4,1
gig_worker,12042.28,40,0.664,0.604,3,0.571,0.0,0.187,78.2,0
gig_worker,23393.04,49,0.738,0.347,6,0.819,0.0,0.219,47.6,1
kirana_merchant,25245.43,47,0.717,0.295,3,0.269,0.672,0.276,60.1,0
gig_worker,34078.01,34,0.859,0.693,4,0.854,0.0,0.143,74.2,0
kirana_merchant,6896.52,41,0.731,0.747,1,0.289,0.994,0.125,13.4,1
gig_worker,29233.49,46,0.873,0.601,3,0.571,0.0,0.157,63.3,0
gig_worker,15140.51,52,0.744,0.727,12,0.966,0.0,0.028,81.5,0
kirana_merchant,31639.86,35,0.6,0.393,5,0.607,0.188,0.29,34.0,0
gig_worker,16023.88,47,0.782,0.157,1,0.921,0.0,0.148,64.2,0
freelancer,17540.34,40,0.903,0.584,0,0.935,0.0,0.158,47.1,1
freelancer,23463.15,60,0.987,0.305,1,0.543,0.0,0.279,25.6,1
kirana_merchant,15896.2,50,0.614,0.722,15,0.947,0.36,0.087,54.8,1
kirana_merchant,21210.1,32,0.729,0.386,9,0.272,0.681,0.069,24.6,0
freelancer,14813.77,39,1.093,0.637,4,0.477,0.0,0.32,48.0,1
gig_worker,10758.11,40,0.731,0.542,2,0.908,0.0,0.325,87.9,0
gig_worker,44755.9,39,0.989,0.754,2,0.625,0.0,0.282,74.4,0
gig_worker,14072.47,53,0.855,0.766,5,0.773,0.0,0.07,72.0,0
kirana_merchant,24603.88,32,0.661,0.155,3,0.234,0.761,0.293,27.1,1
gig_worker,39200.53,53,0.922,0.336,6,0.732,0.0,0.328,85.3,1
kirana_merchant,19782.0,37,1.083,0.797,1,0.88,0.563,0.302,46.0,0
freelancer,17808.25,40,1.043,0.423,1,0.744,0.0,0.152,53.1,0
freelancer,30125.25,46,0.945,0.512,0,0.962,0.0,0.05,44.4,0
kirana_merchant,47050.04,37,0.856,0.247,3,0.755,0.951,0.146,66.7,0
gig_worker,14993.05,43,0.76,0.542,0,0.453,0.0,0.021,84.3,0
freelancer,24957.41,35,0.778,0.312,0,0.403,0.0,0.191,50.5,1
kirana_merchant,11313.51,44,0.773,0.763,1,0.704,0.684,0.024,48.5,0
gig_worker,22101.47,39,1.061,0.26,14,0.277,0.0,0.205,67.5,1
gig_worker,27367.25,53,0.706,0.388,3,0.508,0.0,0.168,71.5,0
freelancer,17547.87,46,0.789,0.176,1,0.548,0.0,0.133,29.9,0
kirana_merchant,21407.66,49,0.816,0.57,1,0.681,0.632,0.119,52.6,0
freelancer,13304.89,43,0.804,0.854,0,0.386,0.0,0.294,13.1,0
freelancer,27960.25,49,0.602,0.239,0,0.942,0.0,0.189,41.2,0
kirana_merchant,45608.4,47,0.735,0.116,7,0.954,0.578,0.115,47.2,0
kirana_merchant,15543.97,36,0.849,0.438,0,0.678,0.986,0.245,46.5,1
kirana_merchant,19705.72,42,0.98,0.699,1,0.738,0.693,0.218,31.4,0
gig_worker,34588.38,43,0.885,0.88,3,0.446,0.0,0.125,53.9,0
kirana_merchant,49318.05,47,0.792,0.141,13,0.405,0.713,0.346,31.9,0
kirana_merchant,12751.51,35,0.933,0.729,2,0.416,0.372,0.277,43.1,1
kirana_merchant,24725.93,43,0.933,0.395,10,0.525,0.907,0.248,42.6,0
freelancer,30994.51,51,0.724,0.223,0,0.943,0.0,0.052,33.3,0
kirana_merchant,25564.8,56,0.652,0.254,1,0.447,0.691,0.066,43.8,0
kirana_merchant,7797.85,41,1.002,0.839,7,0.431,0.541,0.21,29.6,1
kirana_merchant,34563.21,40,0.865,0.747,2,0.461,0.362,0.322,47.1,0
kirana_merchant,57507.36,45,0.688,0.349,1,0.388,0.45,0.174,13.6,1
kirana_merchant,28519.14,35,0.731,0.852,1,0.782,0.31,0.066,62.7,1
gig_worker,16065.78,39,0.983,0.184,6,0.523,0.0,0.197,67.3,0
kirana_merchant,20815.15,45,0.927,0.358,6,0.574,0.329,0.331,67.7,0
gig_worker,65183.17,40,1.073,0.622,1,0.772,0.0,0.208,69.7,0
gig_worker,42403.29,52,0.832,0.9,12,0.72,0.0,0.298,77.8,1
kirana_merchant,37049.62,53,0.626,0.473,8,0.524,0.837,0.304,71.3,0
kirana_merchant,32151.24,41,0.95,0.749,4,0.219,0.251,0.088,49.1,1
freelancer,19330.35,39,0.727,0.833,1,0.914,0.0,0.197,25.6,1
kirana_merchant,24336.06,53,0.762,0.108,7,0.292,0.897,0.043,59.3,0
kirana_merchant,25875.16,38,0.698,0.331,2,0.874,0.699,0.066,49.0,0
kirana_merchant,35411.33,43,0.754,0.18,3,0.799,0.919,0.154,25.8,0
kirana_merchant,57208.6,55,1.015,0.721,0,0.867,0.621,0.042,21.7,1
gig_worker,47059.55,39,0.888,0.554,7,0.915,0.0,0.061,61.4,0
gig_worker,13230.87,51,0.655,0.176,2,0.237,0.0,0.094,93.4,0
gig_worker,30091.48,45,0.893,0.437,9,0.55,0.0,0.256,74.1,0
kirana_merchant,38885.69,34,0.917,0.511,3,0.246,0.066,0.058,43.1,1
gig_worker,36659.58,45,1.042,0.658,4,0.454,0.0,0.276,89.2,0
gig_worker,19641.17,46,1.03,0.724,0,0.313,0.0,0.205,97.5,0
gig_worker,115503.33,46,0.631,0.17,1,0.663,0.0,0.345,72.7,0
freelancer,14206.54,43,1.033,0.49,4,0.693,0.0,0.045,46.2,0
gig_worker,15652.81,40,0.625,0.229,2,0.655,0.0,0.284,81.8,1
kirana_merchant,30236.27,40,0.677,0.703,3,0.379,0.176,0.175,62.1,0
gig_worker,77528.55,41,0.656,0.626,6,0.396,0.0,0.034,70.7,0
kirana_merchant,17710.32,36,0.691,0.678,8,0.446,0.257,0.295,63.7,0
gig_worker,23554.82,39,1.002,0.16,8,0.325,0.0,0.191,49.4,1
gig_worker,46103.62,37,0.943,0.508,0,0.546,0.0,0.159,77.3,0
kirana_merchant,26663.98,47,0.943,0.772,0,0.764,0.516,0.234,29.5,0
gig_worker,22758.59,43,1.061,0.671,2,0.843,0.0,0.148,64.5,0
gig_worker,35696.8,39,0.796,0.789,3,0.218,0.0,0.174,93.0,0
gig_worker,30830.48,47,0.602,0.265,4,0.236,0.0,0.126,67.0,0
gig_worker,45036.09,37,0.92,0.33,6,0.699,0.0,0.112,72.1,0
gig_worker,51314.8,39,1.034,0.453,1,0.566,0.0,0.168,68.7,0
gig_worker,31366.68,44,1.088,0.519,0,0.475,0.0,0.163,73.8,0
freelancer,31128.1,51,0.782,0.302,1,0.824,0.0,0.053,51.7,0
kirana_merchant,29943.14,68,1.011,0.405,3,0.593,0.884,0.112,42.2,0
kirana_merchant,34357.14,51,1.025,0.65,3,0.671,0.96,0.069,60.1,0
gig_worker,27655.65,54,0.672,0.616,3,0.469,0.0,0.126,80.1,0
freelancer,26895.0,42,0.916,0.188,2,0.438,0.0,0.188,17.6,0
gig_worker,48938.2,38,0.687,0.889,0,0.959,0.0,0.207,78.1,0
gig_worker,57414.84,46,0.823,0.55,1,0.759,0.0,0.294,89.3,0
kirana_merchant,12660.26,44,1.04,0.487,3,0.464,0.388,0.181,44.8,1
gig_worker,27038.32,39,0.995,0.874,14,0.999,0.0,0.085,75.7,0
gig_worker,19065.83,45,0.885,0.212,0,0.243,0.0,0.172,79.3,0
kirana_merchant,23029.11,44,1.004,0.535,5,0.544,0.303,0.335,61.7,1
freelancer,32900.99,41,0.676,0.744,0,0.985,0.0,0.304,58.0,0
kirana_merchant,37598.49,55,0.697,0.419,17,0.92,0.433,0.253,59.3,0
kirana_merchant,25436.41,50,0.704,0.689,0,0.563,0.776,0.153,46.6,0
freelancer,10335.4,44,0.988,0.819,4,0.771,0.0,0.112,47.5,1
gig_worker,16605.3,49,1.045,0.309,10,0.496,0.0,0.171,85.2,1
gig_worker,42118.82,41,0.881,0.293,9,0.583,0.0,0.24,58.0,0
gig_worker,6834.83,49,1.079,0.389,5,0.717,0.0,0.312,39.0,0
kirana_merchant,48713.6,48,0.964,0.435,15,0.499,0.295,0.332,16.4,1
kirana_merchant,34913.02,47,0.882,0.189,2,0.82,0.918,0.274,40.6,0
freelancer,51952.65,35,0.906,0.285,5,0.478,0.0,0.228,39.7,0
kirana_merchant,24360.43,44,1.025,0.799,0,0.364,0.336,0.042,27.6,0
kirana_merchant,9597.88,42,0.645,0.553,3,0.403,0.206,0.23,49.9,0
gig_worker,33362.28,48,0.684,0.314,1,0.923,0.0,0.267,73.8,0
freelancer,50885.16,52,0.733,0.855,4,0.803,0.0,0.298,27.9,1
freelancer,42717.37,47,1.047,0.719,9,0.919,0.0,0.164,46.6,0
freelancer,19315.33,50,1.072,0.39,12,0.944,0.0,0.029,15.1,0
gig_worker,28095.94,46,0.778,0.712,19,0.21,0.0,0.072,74.1,0
kirana_merchant,20611.03,40,1.062,0.577,0,0.354,0.363,0.145,68.9,0
gig_worker,17860.86,37,0.873,0.647,2,0.513,0.0,0.246,69.2,0
gig_worker,43377.42,49,0.837,0.357,3,0.367,0.0,0.187,82.8,0
gig_worker,14783.01,42,1.016,0.268,1,0.244,0.0,0.234,82.3,0
kirana_merchant,17207.35,43,0.873,0.303,8,0.943,0.038,0.208,38.2,0
kirana_merchant,15490.58,49,0.827,0.167,1,0.911,0.427,0.33,22.1,0
gig_worker,12770.28,47,0.608,0.477,1,0.352,0.0,0.28,63.5,0
gig_worker,28946.57,50,0.606,0.425,0,0.593,0.0,0.289,76.4,0
kirana_merchant,48086.25,49,0.914,0.102,5,0.982,0.15,0.25,60.9,0
gig_worker,24527.78,40,0.637,0.785,6,0.673,0.0,0.047,49.4,0
gig_worker,12671.7,43,0.968,0.645,12,0.633,0.0,0.343,60.9,1
kirana_merchant,40944.48,59,0.911,0.457,3,0.54,0.314,0.043,44.4,0
kirana_merchant,62495.57,42,0.829,0.874,8,0.302,0.444,0.138,30.6,0
gig_worker,19474.84,45,0.955,0.852,19,0.292,0.0,0.286,92.2,1
gig_worker,21178.1,36,1.097,0.176,0,0.9,0.0,0.123,70.0,0
gig_worker,34815.93,45,0.723,0.592,2,0.394,0.0,0.228,75.8,1
freelancer,60532.57,41,0.879,0.754,3,0.417,0.0,0.315,23.5,1
kirana_merchant,20745.46,43,1.021,0.238,3,0.309,0.288,0.289,55.5,0
kirana_merchant,13818.66,48,0.608,0.202,4,0.514,0.303,0.206,29.3,0
gig_worker,36890.5,40,0.702,0.308,0,0.701,0.0,0.19,78.3,0
kirana_merchant,40116.14,59,0.86,0.324,0,0.632,0.629,0.09,69.6,0
gig_worker,26985.79,46,0.876,0.872,2,0.227,0.0,0.216,83.6,1
kirana_merchant,20351.98,52,0.643,0.724,0,0.575,0.588,0.249,47.1,0
freelancer,44231.36,40,0.804,0.148,5,0.535,0.0,0.221,24.2,1
kirana_merchant,35032.03,47,0.86,0.729,8,0.41,0.346,0.099,32.6,1
freelancer,18320.62,61,0.811,0.236,7,0.719,0.0,0.305,42.6,0
kirana_merchant,27571.76,45,0.95,0.386,3,0.952,0.389,0.197,46.3,0
gig_worker,13686.24,32,0.986,0.355,2,0.76,0.0,0.052,84.7,0
freelancer,37909.05,41,0.83,0.318,0,0.344,0.0,0.069,35.4,0
gig_worker,23597.2,39,0.813,0.347,14,0.721,0.0,0.303,79.5,1
kirana_merchant,21636.66,42,0.953,0.703,11,0.321,0.225,0.122,45.6,1
gig_worker,26464.59,44,0.878,0.313,1,0.637,0.0,0.205,81.1,0
gig_worker,27450.89,47,1.035,0.741,8,0.969,0.0,0.174,67.7,1
kirana_merchant,42085.77,49,0.841,0.173,38,0.977,0.447,0.19,20.6,1
gig_worker,36154.09,42,0.887,0.576,13,0.907,0.0,0.254,85.9,1
kirana_merchant,24879.4,40,0.664,0.79,3,0.494,0.173,0.272,41.8,1
kirana_merchant,39412.33,54,1.018,0.163,0,0.764,0.453,0.34,65.7,0
gig_worker,32871.74,34,0.811,0.608,0,0.336,0.0,0.252,73.5,0
gig_worker,21735.46,37,0.96,0.509,0,0.944,0.0,0.124,72.4,0
kirana_merchant,25276.77,44,0.815,0.366,6,0.564,0.107,0.234,65.3,1
gig_worker,24981.44,41,0.601,0.181,1,0.655,0.0,0.213,62.9,0
kirana_merchant,34635.37,43,0.8,0.641,6,0.508,0.397,0.197,37.0,0
kirana_merchant,22392.66,56,0.674,0.348,2,0.532,0.766,0.023,51.0,0
freelancer,22132.35,39,0.799,0.371,2,0.5,0.0,0.287,23.3,0
kirana_merchant,71996.92,52,0.761,0.674,4,0.581,0.913,0.328,72.7,0
kirana_merchant,43039.25,40,0.701,0.856,0,0.888,0.702,0.111,39.0,0
kirana_merchant,18392.53,41,0.662,0.367,7,0.876,0.341,0.042,41.0,0
gig_worker,35791.67,41,0.964,0.697,2,0.47,0.0,0.079,91.0,0
gig_worker,28543.23,52,0.977,0.865,2,0.291,0.0,0.349,72.9,1
kirana_merchant,32721.11,42,0.732,0.178,2,0.56,0.076,0.231,30.8,0
kirana_merchant,28815.56,48,0.848,0.523,5,0.204,0.555,0.144,59.6,1
kirana_merchant,48767.59,41,0.832,0.109,0,0.798,0.731,0.11,57.8,0
freelancer,31978.22,43,0.778,0.76,3,0.202,0.0,0.346,19.2,0
freelancer,26080.83,37,0.739,0.33,3,0.365,0.0,0.082,25.6,0
freelancer,45301.49,43,0.693,0.366,0,0.32,0.0,0.083,21.1,1
kirana_merchant,30231.59,46,1.036,0.65,1,0.899,0.878,0.163,5.0,0
gig_worker,28587.91,35,1.017,0.731,5,1.0,0.0,0.142,99.0,0
kirana_merchant,31476.97,43,0.809,0.42,2,0.317,0.388,0.075,21.5,0
gig_worker,25673.01,48,0.961,0.632,5,0.655,0.0,0.26,60.4,0
kirana_merchant,27027.59,60,0.849,0.865,7,0.861,0.454,0.343,51.9,1
kirana_merchant,20063.4,45,0.643,0.81,1,0.482,0.2,0.1,49.4,1
kirana_merchant,18479.48,42,1.011,0.661,2,0.404,0.141,0.219,54.5,1
gig_worker,16329.28,47,0.71,0.854,26,0.433,0.0,0.097,76.0,1
gig_worker,13413.38,44,0.953,0.801,4,0.458,0.0,0.182,93.4,0
kirana_merchant,17329.08,34,0.864,0.683,0,0.405,0.15,0.285,34.7,0
gig_worker,24658.24,47,0.945,0.834,5,0.253,0.0,0.181,96.6,1
freelancer,28326.66,43,0.836,0.754,7,0.935,0.0,0.294,29.9,1
gig_worker,23490.51,34,0.951,0.502,7,0.92,0.0,0.209,54.3,0
gig_worker,8284.56,55,0.616,0.502,27,0.882,0.0,0.344,66.6,0
gig_worker,59118.15,52,0.62,0.107,0,0.814,0.0,0.197,79.2,0
kirana_merchant,46315.88,45,1.048,0.124,7,0.799,0.111,0.263,64.3,0
kirana_merchant,33620.12,49,0.975,0.697,10,0.765,0.405,0.091,54.9,1
gig_worker,69824.86,44,1.014,0.544,5,0.882,0.0,0.093,55.4,0
gig_worker,16503.34,44,0.828,0.709,3,0.244,0.0,0.138,59.9,0
kirana_merchant,69134.73,47,0.83,0.86,3,0.816,0.291,0.093,34.9,0
gig_worker,16603.9,37,0.867,0.462,3,0.895,0.0,0.025,75.7,0
kirana_merchant,30314.12,51,0.722,0.171,0,0.719,0.31,0.091,60.4,0
kirana_merchant,14229.62,38,0.967,0.601,1,0.879,0.567,0.182,46.5,0
gig_worker,27101.57,46,1.015,0.18,0,0.438,0.0,0.241,49.2,0
gig_worker,32633.13,56,1.054,0.597,0,0.489,0.0,0.203,91.0,0
freelancer,24900.79,48,0.859,0.522,0,0.688,0.0,0.083,26.5,0
kirana_merchant,38443.26,43,0.807,0.67,0,0.313,0.417,0.063,64.3,0
kirana_merchant,28268.61,39,1.015,0.381,16,0.353,0.968,0.293,38.7,1
gig_worker,20718.71,37,0.976,0.215,0,0.995,0.0,0.277,69.2,0
kirana_merchant,20263.84,45,1.034,0.289,2,0.83,0.09,0.1,49.6,0
gig_worker,40354.45,39,0.928,0.647,2,0.29,0.0,0.192,84.7,0
kirana_merchant,19401.95,38,1.042,0.483,5,0.293,0.088,0.242,78.9,0
freelancer,42518.79,34,0.645,0.533,0,0.514,0.0,0.249,30.0,0
gig_worker,49580.65,45,0.94,0.358,2,0.998,0.0,0.17,69.7,0
gig_worker,11680.11,60,0.644,0.769,7,0.98,0.0,0.179,59.5,0
gig_worker,47404.06,37,0.974,0.9,12,0.578,0.0,0.179,60.3,1
gig_worker,75373.52,39,0.914,0.35,2,0.554,0.0,0.207,69.2,0
gig_worker,30515.86,41,0.608,0.675,1,0.671,0.0,0.174,86.0,0
gig_worker,36298.88,48,0.9,0.237,11,0.73,0.0,0.18,64.1,0
kirana_merchant,45184.2,49,0.673,0.694,1,0.412,0.271,0.29,59.8,0
kirana_merchant,23441.4,35,0.671,0.445,1,0.337,0.12,0.088,37.9,0
gig_worker,29470.35,38,0.675,0.584,2,0.853,0.0,0.173,87.5,0
freelancer,13945.33,45,0.842,0.29,0,0.483,0.0,0.247,5.0,0
gig_worker,28834.2,50,0.658,0.781,0,0.231,0.0,0.201,63.1,1
freelancer,34511.78,31,0.663,0.239,2,0.886,0.0,0.118,51.3,0
gig_worker,34824.68,46,0.728,0.843,3,0.788,0.0,0.053,78.4,0
freelancer,45830.83,45,0.6,0.149,7,0.777,0.0,0.24,34.1,0
kirana_merchant,18262.39,42,0.738,0.33,0,0.721,0.378,0.255,49.0,0
freelancer,20613.4,59,0.909,0.55,7,0.531,0.0,0.041,42.9,0
freelancer,69407.74,32,0.901,0.787,0,0.91,0.0,0.259,35.5,1
gig_worker,24955.16,53,1.085,0.562,2,0.492,0.0,0.292,67.8,1
freelancer,29733.12,51,0.66,0.273,3,0.414,0.0,0.315,49.8,0
gig_worker,26016.73,52,1.033,0.787,0,0.632,0.0,0.345,84.2,0
gig_worker,17839.31,38,0.796,0.577,6,0.571,0.0,0.214,86.7,0
gig_worker,60582.7,46,0.794,0.286,7,0.227,0.0,0.344,99.0,0
kirana_merchant,20664.02,46,0.774,0.549,2,0.43,0.806,0.201,49.0,0
gig_worker,15311.47,47,0.662,0.64,8,0.505,0.0,0.242,99.0,1
kirana_merchant,21474.68,38,0.839,0.644,0,0.833,0.844,0.247,69.8,0
kirana_merchant,9888.69,53,0.994,0.679,0,0.518,0.103,0.264,70.4,0
kirana_merchant,19425.78,47,1.038,0.817,1,0.952,0.665,0.274,51.8,0
freelancer,16579.72,43,1.081,0.76,5,0.793,0.0,0.206,51.0,1
kirana_merchant,36633.35,47,0.993,0.586,8,0.855,0.642,0.274,71.3,1
gig_worker,19212.05,38,0.912,0.126,0,0.912,0.0,0.104,57.1,0
gig_worker,41936.09,40,0.849,0.7,4,0.357,0.0,0.19,71.6,1
gig_worker,54135.31,47,1.037,0.88,18,0.842,0.0,0.078,76.0,0
gig_worker,39758.85,28,0.97,0.344,5,0.355,0.0,0.161,89.0,0
gig_worker,24156.43,46,0.681,0.586,5,0.64,0.0,0.148,82.2,0
gig_worker,28869.97,48,0.941,0.715,12,0.445,0.0,0.029,85.1,0
freelancer,12550.4,48,0.816,0.611,10,0.598,0.0,0.113,43.8,0
kirana_merchant,25162.51,53,0.898,0.838,3,0.369,0.159,0.252,48.6,1
gig_worker,17496.93,41,1.049,0.479,2,0.969,0.0,0.169,49.8,0
kirana_merchant,38069.29,45,0.926,0.525,6,0.733,0.596,0.325,37.3,0
gig_worker,97380.01,33,1.069,0.131,3,0.401,0.0,0.154,84.5,0
kirana_merchant,34541.29,48,1.033,0.82,4,0.389,0.919,0.172,44.5,0
kirana_merchant,9941.07,34,0.664,0.31,1,0.326,0.3,0.276,20.3,0
kirana_merchant,22457.61,39,0.606,0.883,15,0.822,0.228,0.048,36.1,1
kirana_merchant,28602.39,46,0.792,0.262,0,0.584,0.637,0.325,76.3,0
freelancer,28104.32,46,1.033,0.303,0,0.915,0.0,0.183,14.0,0
freelancer,18668.51,40,0.715,0.488,1,0.201,0.0,0.264,5.0,1
kirana_merchant,30413.62,39,0.946,0.628,3,0.597,0.022,0.253,62.2,0
kirana_merchant,14454.33,37,0.838,0.453,8,0.59,0.863,0.121,42.1,0
kirana_merchant,16773.33,43,0.973,0.381,6,0.986,0.297,0.35,53.2,0
gig_worker,37156.68,46,0.682,0.532,1,0.78,0.0,0.033,84.4,0
gig_worker,16190.31,52,0.72,0.867,0,0.631,0.0,0.327,53.8,1
gig_worker,35210.72,52,0.721,0.87,4,0.665,0.0,0.052,84.6,0
kirana_merchant,13565.27,48,0.874,0.362,5,0.759,0.281,0.122,10.5,0
kirana_merchant,65017.58,55,0.745,0.644,9,0.935,0.226,0.317,49.4,0
gig_worker,18267.25,47,1.006,0.678,1,0.251,0.0,0.091,83.3,1
freelancer,24056.65,43,0.773,0.623,3,0.251,0.0,0.041,38.3,1
freelancer,31739.16,50,0.93,0.19,4,0.364,0.0,0.259,16.6,0
kirana_merchant,20278.67,52,1.074,0.532,5,0.553,0.309,0.115,44.0,0
kirana_merchant,28903.07,47,0.903,0.711,0,0.479,0.003,0.152,70.0,1
freelancer,35870.78,53,0.721,0.261,4,0.242,0.0,0.168,44.3,1
gig_worker,43490.88,50,1.015,0.379,3,0.679,0.0,0.243,63.7,0
kirana_merchant,39964.58,53,0.606,0.263,5,0.875,0.529,0.262,43.7,0
gig_worker,24688.55,51,0.728,0.81,0,0.245,0.0,0.13,85.5,1
kirana_merchant,25001.33,47,0.794,0.787,2,0.618,0.915,0.318,69.1,0
gig_worker,87077.54,47,0.698,0.235,0,0.985,0.0,0.091,47.3,0
freelancer,43258.31,56,0.902,0.708,1,0.24,0.0,0.271,53.2,1
freelancer,16968.06,39,0.879,0.391,0,0.436,0.0,0.259,51.1,1
gig_worker,28282.37,36,0.803,0.649,9,0.554,0.0,0.192,59.0,0
kirana_merchant,22752.46,54,0.747,0.495,10,0.339,0.128,0.341,52.0,1
freelancer,25142.95,53,0.817,0.478,1,0.641,0.0,0.174,32.2,0
kirana_merchant,14548.63,45,0.746,0.805,0,0.882,0.987,0.303,29.9,0
freelancer,21895.54,43,0.711,0.61,0,0.493,0.0,0.041,34.0,0
kirana_merchant,66554.6,38,0.776,0.289,1,0.207,0.304,0.152,21.5,0
gig_worker,35937.56,34,0.901,0.189,0,0.691,0.0,0.091,73.1,0
gig_worker,7742.03,51,0.924,0.847,0,0.906,0.0,0.303,65.6,0
gig_worker,49432.42,45,0.749,0.223,1,0.835,0.0,0.161,68.2,0
kirana_merchant,46388.87,61,1.074,0.687,2,0.721,0.155,0.194,39.0,0
gig_worker,22479.46,46,0.731,0.497,2,0.82,0.0,0.24,69.5,1
kirana_merchant,38508.4,43,0.956,0.212,8,0.458,0.999,0.154,32.2,0
kirana_merchant,17506.03,48,0.641,0.721,17,0.589,0.045,0.139,5.0,1
kirana_merchant,21266.16,45,0.932,0.824,7,0.508,0.649,0.131,75.3,0
freelancer,56912.67,44,0.83,0.197,5,0.232,0.0,0.274,61.9,0
freelancer,23485.42,41,0.885,0.154,1,0.396,0.0,0.346,47.0,1
kirana_merchant,10563.23,36,0.692,0.78,2,0.597,0.124,0.127,37.7,1
freelancer,26064.99,46,0.817,0.501,5,0.716,0.0,0.242,47.8,1
kirana_merchant,25866.55,40,0.983,0.64,8,0.215,0.588,0.31,16.0,1
kirana_merchant,48980.83,52,0.984,0.453,6,0.941,0.246,0.345,58.8,0
freelancer,27096.73,39,0.719,0.43,5,0.678,0.0,0.211,28.1,0
gig_worker,21790.05,38,0.776,0.34,6,0.868,0.0,0.08,53.4,0
gig_worker,45366.45,51,0.602,0.55,1,0.348,0.0,0.199,88.3,0
freelancer,28578.08,52,0.645,0.228,4,0.702,0.0,0.236,43.6,0
kirana_merchant,18490.06,50,0.663,0.674,3,0.265,0.208,0.178,36.2,0
freelancer,47930.09,48,0.747,0.54,9,0.562,0.0,0.122,35.3,1
freelancer,29638.54,29,0.98,0.778,0,0.758,0.0,0.123,22.1,1
gig_worker,26942.57,36,0.855,0.837,1,0.729,0.0,0.284,79.3,0
freelancer,29406.01,41,0.996,0.82,4,0.387,0.0,0.339,43.1,1
kirana_merchant,15751.11,44,0.977,0.581,2,0.289,0.31,0.247,49.9,0
kirana_merchant,20664.51,49,0.894,0.355,2,0.484,0.173,0.17,9.6,1
kirana_merchant,26951.42,42,0.85,0.386,4,0.688,0.256,0.125,47.8,1
freelancer,24408.05,51,1.066,0.622,2,0.272,0.0,0.073,19.2,1
gig_worker,50828.59,37,0.885,0.67,2,0.87,0.0,0.119,84.5,0
kirana_merchant,29992.51,42,0.841,0.229,4,0.603,0.149,0.026,43.0,0
kirana_merchant,41251.88,48,1.035,0.898,0,0.886,0.988,0.131,79.0,0
kirana_merchant,27029.87,38,0.636,0.186,0,0.719,0.3,0.079,35.1,0
kirana_merchant,45621.95,42,0.928,0.586,5,0.979,0.742,0.028,21.5,0
gig_worker,32819.03,47,0.657,0.525,1,0.593,0.0,0.059,60.1,0
gig_worker,27084.32,38,1.01,0.573,3,0.781,0.0,0.318,72.1,1
gig_worker,26725.1,47,0.996,0.527,0,0.592,0.0,0.11,56.8,1
freelancer,16693.6,37,0.852,0.146,1,0.335,0.0,0.198,5.0,0
gig_worker,34664.03,46,0.931,0.897,0,0.272,0.0,0.102,81.0,0
gig_worker,26367.77,39,0.986,0.885,13,0.389,0.0,0.236,99.0,1
freelancer,20931.36,40,0.842,0.519,1,0.663,0.0,0.073,56.8,0
gig_worker,46780.93,45,1.053,0.267,3,0.866,0.0,0.168,67.0,0
freelancer,14398.68,51,0.819,0.246,14,0.313,0.0,0.094,27.4,0
kirana_merchant,21780.1,55,1.046,0.146,0,0.939,0.619,0.2,43.2,0
freelancer,44974.88,42,0.891,0.589,3,0.583,0.0,0.053,53.1,0
gig_worker,31500.59,40,0.813,0.483,0,0.603,0.0,0.214,63.9,0
gig_worker,26267.05,46,0.602,0.433,11,0.225,0.0,0.261,69.1,0
kirana_merchant,30500.6,56,0.748,0.52,11,0.976,0.397,0.168,79.9,0
freelancer,29428.15,40,1.034,0.798,5,0.249,0.0,0.334,38.1,1
kirana_merchant,12602.73,40,0.814,0.157,1,0.432,0.549,0.09,66.7,0
gig_worker,22592.4,47,0.811,0.535,5,0.706,0.0,0.053,76.6,1
kirana_merchant,60370.8,50,0.845,0.661,9,0.713,0.472,0.048,43.2,0
kirana_merchant,19347.88,47,0.743,0.877,2,0.542,0.097,0.13,43.6,0
kirana_merchant,22944.87,42,0.846,0.692,11,0.895,0.557,0.068,20.7,1
kirana_merchant,20520.7,46,0.788,0.538,12,0.466,0.327,0.023,50.9,0
freelancer,25757.79,47,1.055,0.713,8,0.324,0.0,0.095,43.6,1
kirana_merchant,20099.27,42,0.882,0.898,0,0.233,0.086,0.098,26.7,1
gig_worker,34316.13,48,1.017,0.811,8,0.309,0.0,0.062,88.2,0
kirana_merchant,29692.71,48,0.943,0.171,6,0.964,0.735,0.148,45.8,0
gig_worker,39607.5,29,0.706,0.56,0,0.448,0.0,0.336,68.3,0
kirana_merchant,15907.24,43,1.034,0.729,0,0.725,0.407,0.322,68.3,0
kirana_merchant,22693.41,51,0.644,0.638,4,0.975,0.954,0.026,20.6,0
gig_worker,24031.93,55,0.824,0.434,6,0.909,0.0,0.291,78.3,0
gig_worker,33786.73,46,0.72,0.358,0,0.604,0.0,0.094,81.1,0
gig_worker,18094.97,49,0.869,0.602,8,0.268,0.0,0.197,75.9,0
freelancer,42524.13,53,0.75,0.43,4,0.775,0.0,0.174,27.8,0
freelancer,48688.97,40,0.961,0.414,1,0.305,0.0,0.344,68.9,1
gig_worker,16408.65,41,1.068,0.769,9,0.318,0.0,0.219,82.1,1
freelancer,21048.06,43,0.955,0.353,0,0.904,0.0,0.228,22.1,0
kirana_merchant,20620.36,39,0.778,0.616,0,0.734,0.541,0.329,33.8,0
gig_worker,100327.3,42,0.9,0.799,1,0.944,0.0,0.073,46.5,1
gig_worker,21699.62,46,1.044,0.597,2,0.967,0.0,0.183,69.8,0
kirana_merchant,62243.71,35,0.735,0.494,7,0.568,0.045,0.06,77.1,1
kirana_merchant,14280.98,51,0.659,0.128,2,0.735,0.302,0.056,21.3,0
kirana_merchant,16402.26,37,0.665,0.645,0,0.724,0.93,0.255,49.0,0
gig_worker,19085.76,48,0.847,0.898,9,0.29,0.0,0.219,67.1,1
gig_worker,17626.44,41,0.966,0.747,1,0.695,0.0,0.057,76.5,0
kirana_merchant,23530.45,45,0.929,0.608,7,0.289,0.748,0.192,49.9,0
gig_worker,18875.33,40,0.827,0.475,1,0.885,0.0,0.333,74.5,0
gig_worker,17860.18,38,0.965,0.279,5,0.943,0.0,0.066,52.0,0
gig_worker,48013.43,49,0.917,0.654,2,0.511,0.0,0.075,60.3,0
freelancer,49607.48,56,0.914,0.242,3,0.755,0.0,0.241,29.9,0
freelancer,43245.49,39,0.701,0.81,2,0.76,0.0,0.095,37.7,0
kirana_merchant,34961.39,46,0.756,0.383,0,0.24,0.294,0.27,65.7,1
freelancer,28180.11,42,0.772,0.42,4,0.331,0.0,0.324,68.5,0
gig_worker,20983.35,41,1.004,0.273,1,0.909,0.0,0.023,70.3,0
kirana_merchant,16704.3,48,0.988,0.485,5,0.358,0.588,0.126,37.0,1
gig_worker,32257.24,43,0.726,0.644,3,0.807,0.0,0.212,74.1,0
kirana_merchant,14960.74,40,0.628,0.342,21,0.674,0.938,0.19,48.5,0
freelancer,16367.28,40,0.984,0.661,3,0.771,0.0,0.2,63.8,0
kirana_merchant,47880.17,46,0.805,0.596,0,0.319,0.58,0.248,20.9,0
gig_worker,69586.41,43,0.71,0.398,0,0.844,0.0,0.286,81.9,0
kirana_merchant,32749.65,54,0.659,0.35,0,0.493,0.457,0.112,62.5,0
gig_worker,46780.82,47,0.606,0.789,2,0.991,0.0,0.267,59.2,0
freelancer,23791.31,50,0.814,0.11,0,0.546,0.0,0.045,55.5,0
kirana_merchant,13782.61,45,0.77,0.673,0,0.454,0.478,0.252,27.9,0
kirana_merchant,36537.19,44,0.948,0.434,6,0.314,0.857,0.295,20.3,0
kirana_merchant,35762.13,43,1.088,0.674,2,0.256,0.95,0.328,40.3,0
kirana_merchant,27884.72,51,0.703,0.506,2,0.905,0.434,0.232,56.3,0
gig_worker,23832.66,56,0.722,0.167,6,0.298,0.0,0.124,45.3,0
kirana_merchant,43525.63,55,0.769,0.886,3,0.904,0.634,0.236,16.2,0
gig_worker,16434.42,44,0.833,0.169,2,0.64,0.0,0.078,87.0,0
kirana_merchant,18271.72,48,0.949,0.227,2,0.73,0.04,0.25,41.5,0
freelancer,16251.6,49,0.776,0.436,0,0.846,0.0,0.309,41.6,0
freelancer,28070.84,40,0.652,0.856,6,0.633,0.0,0.335,44.8,0
kirana_merchant,15616.03,39,0.965,0.334,7,0.594,0.98,0.081,20.5,0
kirana_merchant,19108.32,43,0.997,0.555,6,0.826,0.826,0.224,34.7,0
gig_worker,18903.88,45,0.724,0.517,0,0.533,0.0,0.344,71.4,0
kirana_merchant,23616.38,49,0.668,0.364,7,0.263,0.783,0.227,29.7,0
gig_worker,12788.64,43,0.864,0.657,4,0.704,0.0,0.331,66.5,0
kirana_merchant,28102.18,42,0.704,0.501,4,0.228,0.59,0.165,58.9,0
gig_worker,50194.05,43,0.787,0.563,5,0.68,0.0,0.281,43.2,0
gig_worker,28788.91,40,0.989,0.268,4,0.609,0.0,0.048,74.3,0
kirana_merchant,58142.99,32,0.71,0.841,2,0.444,0.767,0.089,27.3,0
gig_worker,52417.67,44,1.003,0.188,1,0.476,0.0,0.059,68.0,0
kirana_merchant,39690.52,46,0.937,0.652,3,0.564,0.729,0.039,39.9,1
gig_worker,27926.82,50,0.71,0.809,5,0.593,0.0,0.166,73.5,0
gig_worker,27207.56,45,0.863,0.167,2,0.54,0.0,0.302,71.0,0
kirana_merchant,39414.93,58,0.907,0.123,2,0.514,0.901,0.112,48.8,0
gig_worker,22118.39,37,0.7,0.367,6,0.459,0.0,0.098,80.6,0
gig_worker,10495.9,47,0.672,0.732,4,0.718,0.0,0.27,50.0,0
kirana_merchant,34406.54,49,0.866,0.674,2,0.527,0.594,0.107,38.4,0
gig_worker,15282.53,45,0.947,0.758,0,0.454,0.0,0.221,61.0,0
freelancer,16629.43,45,0.833,0.418,0,0.922,0.0,0.073,10.0,0
gig_worker,26906.2,35,0.635,0.895,0,0.345,0.0,0.153,58.2,0
gig_worker,25653.56,49,1.063,0.393,1,0.316,0.0,0.2,86.3,1
kirana_merchant,13279.31,45,0.947,0.744,0,0.821,0.566,0.349,39.9,0
gig_worker,29224.01,46,0.911,0.381,0,0.293,0.0,0.302,79.2,1
gig_worker,43611.22,35,0.922,0.275,11,0.417,0.0,0.025,78.0,0
gig_worker,15303.38,47,0.799,0.369,1,0.481,0.0,0.23,59.3,0
gig_worker,50829.98,44,1.092,0.254,0,0.429,0.0,0.233,79.5,0
freelancer,12331.53,47,0.666,0.203,5,0.788,0.0,0.202,19.4,0
gig_worker,77548.75,55,0.97,0.391,5,0.358,0.0,0.029,82.1,0
kirana_merchant,21902.8,36,0.81,0.217,1,0.752,0.297,0.112,34.5,0
freelancer,28935.04,49,1.041,0.502,1,0.433,0.0,0.087,16.0,1
kirana_merchant,10446.09,42,0.959,0.128,2,0.885,0.499,0.032,46.2,0
freelancer,26080.21,37,0.881,0.445,5,0.901,0.0,0.312,25.4,0
gig_worker,30159.07,48,1.069,0.866,2,0.423,0.0,0.214,80.8,0
freelancer,25768.78,24,1.056,0.387,2,0.677,0.0,0.106,46.7,0
gig_worker,20301.69,32,0.626,0.21,6,0.849,0.0,0.312,30.2,0
kirana_merchant,16759.45,47,0.696,0.344,11,0.258,0.658,0.3,99.0,0
kirana_merchant,47347.22,44,0.938,0.733,2,0.655,0.259,0.095,23.5,0
gig_worker,27320.8,39,1.061,0.351,3,0.981,0.0,0.097,82.0,0
kirana_merchant,58126.46,35,0.815,0.407,0,0.49,0.838,0.08,36.8,0
kirana_merchant,20676.62,49,0.619,0.731,12,0.783,0.473,0.082,49.3,0
gig_worker,21646.58,40,0.922,0.308,2,0.837,0.0,0.262,63.3,0
gig_worker,40449.0,38,0.697,0.483,2,0.795,0.0,0.099,92.6,0
kirana_merchant,11950.31,42,0.876,0.151,1,0.96,0.979,0.294,21.1,0
kirana_merchant,14665.72,45,0.792,0.239,4,0.814,0.805,0.339,60.5,0
freelancer,46571.43,45,0.879,0.268,6,0.947,0.0,0.038,7.3,1
kirana_merchant,14973.44,42,1.066,0.471,9,0.385,0.951,0.195,45.5,0
freelancer,10834.32,33,0.843,0.757,9,0.673,0.0,0.032,15.2,0
kirana_merchant,68477.71,48,0.617,0.384,3,0.503,0.448,0.129,55.4,0
gig_worker,13401.09,46,0.89,0.404,8,0.778,0.0,0.329,76.8,0
gig_worker,29497.47,39,0.763,0.341,5,0.321,0.0,0.141,79.4,0
kirana_merchant,27848.73,50,0.989,0.356,13,0.343,0.045,0.247,39.7,0
kirana_merchant,6599.08,40,0.835,0.423,4,0.304,0.328,0.197,39.8,1
gig_worker,23537.3,50,0.971,0.82,2,0.415,0.0,0.214,70.1,1
gig_worker,33664.75,54,1.054,0.12,2,0.349,0.0,0.348,55.6,0
freelancer,32117.45,42,0.781,0.6,7,0.819,0.0,0.291,74.6,0
kirana_merchant,42266.93,50,1.095,0.81,6,0.67,0.501,0.323,31.3,1
kirana_merchant,22164.66,44,0.675,0.434,3,0.497,0.586,0.24,37.6,0
kirana_merchant,38416.88,46,0.922,0.621,4,0.364,0.459,0.153,49.1,0
gig_worker,19059.78,46,0.617,0.569,2,0.842,0.0,0.145,65.7,0
gig_worker,13289.99,43,0.707,0.371,0,0.904,0.0,0.34,76.0,0
gig_worker,14060.66,51,0.917,0.21,1,0.882,0.0,0.118,46.1,0
gig_worker,12951.21,35,0.623,0.276,12,0.94,0.0,0.081,71.5,1
kirana_merchant,44568.96,42,0.651,0.146,2,0.846,0.065,0.063,29.0,0
kirana_merchant,12615.9,47,0.746,0.712,4,0.706,0.065,0.2,50.4,0
freelancer,30853.93,38,0.888,0.526,5,0.544,0.0,0.253,58.9,0
freelancer,23553.69,51,0.608,0.729,6,0.432,0.0,0.182,64.4,1
gig_worker,25557.23,46,0.841,0.332,0,0.205,0.0,0.318,65.7,0
kirana_merchant,53199.47,41,0.913,0.744,6,0.866,0.706,0.263,5.0,1
kirana_merchant,21607.3,44,0.801,0.347,15,0.549,0.597,0.077,49.2,0
freelancer,36526.77,44,0.634,0.197,9,0.898,0.0,0.335,30.4,1
gig_worker,27413.25,43,0.905,0.527,2,0.457,0.0,0.236,58.9,1
kirana_merchant,24934.07,42,0.903,0.856,9,0.47,0.457,0.077,48.1,1
kirana_merchant,84964.14,46,0.853,0.432,6,0.217,0.383,0.165,47.4,1
gig_worker,13086.4,50,0.947,0.512,2,0.588,0.0,0.171,82.0,0
gig_worker,51254.87,45,0.704,0.461,0,0.591,0.0,0.228,64.9,0
kirana_merchant,37354.3,47,0.939,0.466,2,0.724,0.273,0.335,34.4,1
kirana_merchant,21167.82,36,0.681,0.271,1,0.8,0.635,0.149,33.9,0
gig_worker,60758.32,42,0.796,0.438,0,0.478,0.0,0.213,62.5,0
kirana_merchant,10678.04,53,0.634,0.498,9,0.942,0.312,0.148,54.8,0
gig_worker,20725.43,37,1.01,0.696,0,0.565,0.0,0.318,60.8,0
kirana_merchant,14702.3,55,0.869,0.212,6,0.659,0.332,0.336,21.1,0
gig_worker,33058.76,41,1.086,0.557,1,0.675,0.0,0.264,78.9,0
freelancer,15420.73,43,1.071,0.63,1,0.901,0.0,0.106,42.7,0
gig_worker,33407.38,37,1.099,0.406,1,0.754,0.0,0.224,98.8,0
gig_worker,24508.66,60,0.651,0.539,0,0.483,0.0,0.103,99.0,0
gig_worker,21169.63,38,0.903,0.669,2,0.765,0.0,0.21,93.3,0
gig_worker,32673.63,54,0.804,0.472,0,0.914,0.0,0.149,81.4,0
kirana_merchant,23521.95,54,0.866,0.367,3,0.858,0.663,0.272,43.7,1
gig_worker,15610.24,47,0.754,0.76,4,0.238,0.0,0.316,61.3,1
freelancer,109172.72,43,0.624,0.891,0,0.253,0.0,0.025,69.4,0
gig_worker,21087.09,42,0.954,0.273,0,0.743,0.0,0.322,77.5,0
gig_worker,8876.79,38,1.083,0.812,0,0.985,0.0,0.105,92.3,0
gig_worker,17658.11,41,0.866,0.536,0,0.68,0.0,0.259,71.3,0
gig_worker,14276.38,50,0.765,0.458,15,0.548,0.0,0.094,79.2,1
gig_worker,40662.96,36,1.069,0.815,5,0.665,0.0,0.134,74.7,0
kirana_merchant,31597.28,53,0.782,0.828,3,0.564,0.783,0.223,33.3,0
kirana_merchant,32838.48,43,1.057,0.318,2,0.371,0.93,0.072,52.8,0
kirana_merchant,22359.1,40,1.028,0.387,7,0.424,0.806,0.097,80.1,0
kirana_merchant,23396.11,39,0.864,0.782,1,0.439,0.977,0.178,35.6,0
kirana_merchant,22348.95,53,0.938,0.493,6,0.679,0.527,0.059,40.6,0
gig_worker,25832.88,52,0.95,0.33,2,0.865,0.0,0.064,46.3,0
kirana_merchant,40850.19,43,0.921,0.87,3,0.241,0.881,0.241,53.9,1
freelancer,31825.96,54,0.68,0.274,15,0.618,0.0,0.35,45.0,0
kirana_merchant,34546.32,53,0.946,0.588,5,0.624,0.081,0.346,53.1,0
kirana_merchant,34536.76,45,0.602,0.442,13,0.969,0.055,0.184,39.7,1
gig_worker,41865.66,54,0.955,0.461,3,0.854,0.0,0.271,66.5,0
kirana_merchant,31072.39,43,0.877,0.185,7,0.513,0.002,0.226,47.1,1
kirana_merchant,32190.42,41,0.73,0.306,2,0.688,0.317,0.022,52.3,0
kirana_merchant,48747.2,34,1.002,0.234,1,0.725,0.851,0.318,43.8,0
freelancer,19292.6,49,0.803,0.7,0,0.736,0.0,0.279,28.9,0
gig_worker,17538.06,40,0.843,0.658,2,0.927,0.0,0.096,49.8,0
gig_worker,14869.08,34,0.614,0.735,0,0.665,0.0,0.34,85.6,0
kirana_merchant,29479.7,41,0.801,0.659,3,0.376,0.035,0.145,46.2,0
freelancer,10648.07,42,0.684,0.203,0,0.714,0.0,0.149,14.7,0
gig_worker,33896.84,46,0.738,0.883,2,0.388,0.0,0.24,80.7,1
gig_worker,25473.74,39,0.726,0.251,2,0.293,0.0,0.236,81.3,0
gig_worker,47444.69,36,0.623,0.38,0,0.687,0.0,0.242,65.2,0
gig_worker,19226.43,47,0.83,0.666,1,0.425,0.0,0.028,57.4,0
kirana_merchant,24302.65,46,0.861,0.212,9,0.703,0.123,0.13,60.7,0
kirana_merchant,47150.58,30,0.886,0.236,0,0.856,0.498,0.024,36.2,0
gig_worker,53721.46,44,0.831,0.801,11,0.317,0.0,0.132,39.0,1
gig_worker,19147.43,48,1.035,0.366,0,0.247,0.0,0.298,71.0,1
gig_worker,29463.0,48,0.619,0.632,1,0.268,0.0,0.107,74.0,0
gig_worker,31169.94,44,0.907,0.787,1,0.974,0.0,0.078,73.6,0
kirana_merchant,32429.59,42,1.033,0.879,2,0.271,0.875,0.325,32.5,1
freelancer,23593.16,54,0.621,0.268,3,0.939,0.0,0.095,36.9,0
freelancer,51056.68,41,0.848,0.198,2,0.98,0.0,0.177,46.6,0
gig_worker,10458.27,49,0.895,0.693,2,0.257,0.0,0.131,42.1,0
freelancer,21794.98,38,0.695,0.251,0,0.629,0.0,0.048,44.2,0
kirana_merchant,33656.63,36,0.726,0.564,0,0.759,0.366,0.095,57.6,0
kirana_merchant,33813.4,41,0.993,0.526,16,0.23,0.511,0.227,38.6,1
kirana_merchant,52911.69,44,0.884,0.548,0,0.614,0.368,0.047,22.6,0
gig_worker,48977.32,43,0.758,0.62,3,0.536,0.0,0.033,84.6,0
gig_worker,23323.79,41,0.982,0.781,3,0.607,0.0,0.073,90.0,1
gig_worker,51530.83,36,0.973,0.317,1,0.638,0.0,0.116,56.3,0
gig_worker,18825.72,31,0.773,0.544,3,0.773,0.0,0.255,69.6,0
gig_worker,42849.26,39,0.844,0.369,3,0.3,0.0,0.181,58.2,1
kirana_merchant,66520.22,43,0.932,0.355,2,0.995,0.676,0.184,34.0,0
kirana_merchant,49388.46,46,0.772,0.116,2,0.422,0.341,0.143,43.2,1
kirana_merchant,28364.26,35,0.915,0.58,2,0.984,0.446,0.279,58.8,0
gig_worker,22790.76,46,0.726,0.878,12,0.749,0.0,0.034,80.6,1
freelancer,12527.79,45,0.746,0.709,1,0.747,0.0,0.214,38.1,0
freelancer,31422.2,45,0.755,0.294,1,0.938,0.0,0.336,69.1,0
kirana_merchant,15404.14,45,1.068,0.673,0,0.909,0.942,0.209,23.2,0
freelancer,18095.76,50,1.017,0.338,3,0.382,0.0,0.264,27.5,0
kirana_merchant,14833.26,47,0.883,0.703,10,0.757,0.466,0.069,45.7,0
freelancer,21371.29,42,0.882,0.784,1,0.604,0.0,0.21,31.3,1
gig_worker,26529.57,26,0.628,0.367,0,0.594,0.0,0.124,69.1,0
gig_worker,30847.39,39,0.925,0.102,3,0.212,0.0,0.254,84.1,0
gig_worker,19925.32,54,0.764,0.344,5,0.621,0.0,0.079,59.6,0
gig_worker,45919.35,39,0.906,0.265,7,0.276,0.0,0.21,96.9,0
gig_worker,24243.34,29,1.02,0.595,7,0.415,0.0,0.19,59.2,1
kirana_merchant,18144.79,51,0.623,0.332,0,0.209,0.441,0.261,32.2,0
kirana_merchant,30126.07,45,0.904,0.129,2,0.521,0.655,0.241,62.2,1
kirana_merchant,71809.81,45,0.882,0.525,4,0.94,0.584,0.265,63.4,1
gig_worker,31811.41,36,0.703,0.8,0,0.842,0.0,0.325,67.5,0
freelancer,22439.37,40,0.923,0.461,13,0.246,0.0,0.209,54.7,0
kirana_merchant,12534.87,48,0.877,0.401,0,0.77,0.056,0.152,29.5,0
gig_worker,24107.88,40,0.984,0.243,7,0.782,0.0,0.185,45.3,0
kirana_merchant,30256.43,53,0.655,0.41,5,0.823,0.262,0.249,59.9,1
gig_worker,22163.67,38,0.822,0.365,2,0.726,0.0,0.098,50.8,1
gig_worker,11699.57,52,1.099,0.896,9,0.253,0.0,0.083,71.8,1
freelancer,17583.52,48,0.945,0.124,3,0.722,0.0,0.049,64.6,0
gig_worker,55674.04,32,0.942,0.291,1,0.372,0.0,0.152,58.8,0
kirana_merchant,55105.26,43,0.759,0.155,1,0.675,0.699,0.046,23.3,0
freelancer,17269.21,47,0.647,0.786,4,0.743,0.0,0.058,21.7,1
kirana_merchant,37660.93,43,1.075,0.434,0,0.285,0.855,0.31,24.3,1
gig_worker,14923.82,42,0.653,0.737,12,0.573,0.0,0.218,56.5,1
gig_worker,54293.41,42,1.096,0.654,5,0.386,0.0,0.334,50.5,1
gig_worker,30412.77,39,0.663,0.842,7,0.846,0.0,0.141,85.6,0
kirana_merchant,43252.95,53,0.685,0.119,0,0.945,0.049,0.139,17.1,0
kirana_merchant,11412.37,45,0.754,0.266,9,0.613,0.908,0.302,54.4,0
gig_worker,37752.94,46,0.856,0.662,3,0.644,0.0,0.211,48.9,0
freelancer,26800.16,48,0.995,0.568,2,0.263,0.0,0.207,38.3,1
kirana_merchant,41190.57,42,1.086,0.656,10,0.511,0.273,0.205,58.2,0
gig_worker,42507.42,48,0.779,0.56,3,0.316,0.0,0.288,71.5,0
kirana_merchant,27802.81,47,0.61,0.565,11,0.764,0.204,0.242,24.6,1
kirana_merchant,19922.1,40,0.908,0.846,4,0.967,0.285,0.082,43.3,1
gig_worker,39729.45,54,0.955,0.837,2,0.846,0.0,0.252,64.5,0
gig_worker,26106.06,48,0.799,0.13,0,0.51,0.0,0.199,69.4,0
freelancer,17389.25,43,0.692,0.431,3,0.731,0.0,0.059,16.7,0
kirana_merchant,16982.25,49,0.753,0.508,0,0.998,0.908,0.125,49.7,0
kirana_merchant,12854.1,38,0.928,0.386,0,0.233,0.147,0.272,39.6,0
kirana_merchant,20844.69,53,0.847,0.14,21,0.422,0.211,0.327,56.2,1
gig_worker,46692.84,42,0.972,0.478,0,0.263,0.0,0.176,86.5,0
gig_worker,29404.85,33,0.709,0.881,4,0.71,0.0,0.256,76.9,0
kirana_merchant,20642.68,36,1.021,0.158,0,0.874,0.687,0.036,38.8,0
gig_worker,40232.4,34,0.678,0.753,4,0.491,0.0,0.19,61.2,0
gig_worker,17743.27,47,0.765,0.257,3,0.515,0.0,0.187,59.8,0
freelancer,28216.87,49,0.896,0.561,3,0.435,0.0,0.348,41.0,0
freelancer,24592.21,39,0.968,0.41,12,0.651,0.0,0.349,43.8,1
kirana_merchant,39718.22,39,0.733,0.379,4,0.301,0.121,0.177,41.8,0
freelancer,12226.8,48,1.074,0.796,5,0.351,0.0,0.073,35.8,1
gig_worker,17586.75,40,0.953,0.879,4,0.265,0.0,0.188,52.6,0
freelancer,11859.41,35,0.709,0.409,1,0.315,0.0,0.244,38.1,0
gig_worker,23628.33,29,0.963,0.612,0,0.875,0.0,0.264,65.5,0
freelancer,49301.7,35,0.948,0.545,1,0.344,0.0,0.081,53.4,0
freelancer,20895.23,55,0.976,0.162,6,0.587,0.0,0.269,40.8,0
kirana_merchant,20840.59,48,1.058,0.133,3,0.759,0.872,0.334,39.1,0
freelancer,41600.28,43,0.956,0.719,3,0.351,0.0,0.077,41.9,1
kirana_merchant,45902.5,39,0.776,0.416,5,0.559,0.9,0.178,74.1,0
gig_worker,25737.76,48,0.995,0.346,0,0.371,0.0,0.305,84.2,0
kirana_merchant,37886.78,46,0.948,0.888,4,0.932,0.059,0.12,34.9,1
kirana_merchant,15701.68,42,0.887,0.168,1,0.229,0.531,0.042,52.2,0
gig_worker,53583.0,46,0.777,0.315,0,0.67,0.0,0.341,99.0,0
kirana_merchant,78775.17,39,1.061,0.785,6,0.905,0.462,0.257,58.0,0
freelancer,34912.77,41,0.856,0.432,1,0.829,0.0,0.069,34.1,0
gig_worker,9488.48,35,0.914,0.567,0,0.387,0.0,0.171,89.4,0
kirana_merchant,20350.99,44,0.808,0.139,2,0.63,0.541,0.214,15.3,0
freelancer,36549.13,43,0.99,0.836,5,0.25,0.0,0.323,20.2,1
freelancer,21791.13,32,0.771,0.21,0,0.423,0.0,0.116,7.8,0
freelancer,50822.75,46,1.005,0.271,9,0.508,0.0,0.29,12.3,0
kirana_merchant,36101.1,40,0.654,0.225,2,0.26,0.612,0.02,44.2,0
freelancer,18897.07,33,0.954,0.498,5,0.334,0.0,0.309,15.3,1
kirana_merchant,27340.72,46,0.838,0.753,3,0.875,0.504,0.271,27.9,0
gig_worker,17207.2,41,0.949,0.314,1,0.574,0.0,0.331,48.0,0
kirana_merchant,24555.9,48,0.866,0.214,6,0.954,0.7,0.151,51.4,0
kirana_merchant,20388.03,39,0.667,0.428,2,0.325,0.445,0.339,24.4,1
gig_worker,48406.09,46,0.838,0.885,3,0.736,0.0,0.283,84.2,0
kirana_merchant,77497.89,30,1.082,0.109,0,0.811,0.383,0.067,41.8,0
kirana_merchant,13153.01,38,0.977,0.503,16,0.821,0.317,0.096,66.3,0
gig_worker,10284.49,39,0.75,0.635,2,0.809,0.0,0.285,67.0,0
kirana_merchant,23799.36,48,1.072,0.745,3,0.334,0.449,0.171,57.9,0
kirana_merchant,12591.69,47,0.989,0.697,0,0.557,0.95,0.271,47.3,0
kirana_merchant,27532.04,43,0.782,0.16,1,0.913,0.979,0.171,53.7,0
gig_worker,39123.09,43,0.902,0.469,3,0.656,0.0,0.226,85.3,0
gig_worker,56787.47,51,0.813,0.163,4,0.499,0.0,0.132,74.6,0
gig_worker,29753.36,28,0.648,0.596,15,0.211,0.0,0.176,77.3,1
freelancer,24426.46,43,1.003,0.162,4,0.686,0.0,0.3,44.4,0
gig_worker,10004.67,40,0.696,0.139,0,0.916,0.0,0.185,49.4,0
kirana_merchant,27257.73,49,0.829,0.345,0,0.363,0.618,0.247,49.9,0
gig_worker,27879.41,49,0.951,0.851,0,0.996,0.0,0.088,83.7,0
gig_worker,37029.8,49,1.066,0.668,3,0.368,0.0,0.247,70.9,0
freelancer,18878.07,44,0.631,0.103,2,0.656,0.0,0.054,15.7,0
kirana_merchant,21643.79,28,0.797,0.328,4,0.584,0.711,0.222,52.0,0
gig_worker,12848.71,37,0.907,0.114,10,0.816,0.0,0.199,52.4,0
kirana_merchant,8555.71,48,0.99,0.335,6,0.592,0.485,0.158,17.1,0
gig_worker,15455.98,45,1.06,0.648,0,0.469,0.0,0.293,88.3,1
kirana_merchant,12269.07,53,0.6,0.708,2,0.968,0.701,0.211,52.4,0
kirana_merchant,31836.1,40,0.914,0.743,0,0.655,0.648,0.104,31.2,0
gig_worker,20763.11,40,0.603,0.828,3,0.235,0.0,0.189,77.9,1
gig_worker,20555.45,46,0.994,0.393,9,0.554,0.0,0.283,69.2,0
gig_worker,16445.27,30,0.675,0.79,4,0.601,0.0,0.303,83.3,0
freelancer,5343.93,47,1.047,0.682,3,0.227,0.0,0.122,81.8,1
freelancer,57191.2,53,0.678,0.53,1,0.746,0.0,0.046,22.7,0
gig_worker,16315.4,47,0.982,0.864,6,0.587,0.0,0.104,67.1,1
kirana_merchant,21890.1,38,0.745,0.858,1,0.291,0.309,0.314,25.1,1
gig_worker,12998.04,41,0.879,0.818,2,0.468,0.0,0.239,86.6,0
gig_worker,43737.68,45,0.904,0.262,17,0.601,0.0,0.338,68.8,1
kirana_merchant,28903.4,52,0.703,0.266,8,0.898,0.868,0.034,40.4,0
freelancer,17797.57,45,0.749,0.821,2,0.569,0.0,0.136,29.6,0
freelancer,22112.21,45,0.654,0.418,3,0.923,0.0,0.155,27.2,0
kirana_merchant,62260.97,44,0.603,0.738,7,0.805,0.436,0.13,35.6,0
gig_worker,25939.32,51,0.72,0.65,4,0.717,0.0,0.104,66.6,0
kirana_merchant,24566.36,46,0.858,0.71,9,0.698,0.372,0.171,56.6,0
gig_worker,16802.94,45,0.957,0.121,5,0.784,0.0,0.244,85.0,0
kirana_merchant,10432.79,53,0.997,0.444,2,0.555,0.842,0.08,46.5,1
gig_worker,24834.29,46,0.635,0.786,2,0.538,0.0,0.281,92.2,0
kirana_merchant,31657.89,53,0.736,0.492,3,0.375,0.946,0.091,54.1,0
gig_worker,46620.34,39,0.985,0.652,1,0.647,0.0,0.34,63.2,0
gig_worker,8740.75,58,0.84,0.705,7,0.755,0.0,0.278,84.3,0
freelancer,15328.24,48,0.691,0.197,2,0.413,0.0,0.127,50.0,0
gig_worker,20123.22,41,0.796,0.225,8,0.385,0.0,0.213,74.4,1
kirana_merchant,26856.4,44,0.735,0.68,11,0.349,0.569,0.146,39.5,0
gig_worker,25021.31,50,0.625,0.144,2,0.248,0.0,0.349,53.1,0
gig_worker,25315.08,49,0.982,0.374,1,0.933,0.0,0.178,65.4,0
gig_worker,32992.91,41,0.746,0.834,2,0.927,0.0,0.244,46.0,0
gig_worker,17126.01,55,1.073,0.559,11,0.322,0.0,0.23,67.1,1
freelancer,42919.04,41,1.044,0.828,3,0.853,0.0,0.12,36.7,0
gig_worker,33413.87,39,0.958,0.348,4,0.518,0.0,0.147,87.2,1
freelancer,22927.31,37,0.763,0.609,2,0.66,0.0,0.186,28.1,0
kirana_merchant,59901.33,39,0.74,0.329,1,0.633,0.64,0.102,48.0,0
kirana_merchant,58583.48,44,0.838,0.189,1,0.757,0.337,0.086,62.3,0
kirana_merchant,42892.3,51,0.777,0.893,6,0.685,0.384,0.339,25.8,1
kirana_merchant,5947.47,52,1.051,0.241,11,0.408,0.138,0.113,53.1,1
kirana_merchant,59247.13,49,0.662,0.251,4,0.504,0.82,0.133,17.5,0
gig_worker,40029.79,55,0.962,0.774,2,0.491,0.0,0.291,58.6,1
gig_worker,73365.15,42,0.905,0.742,7,0.945,0.0,0.279,59.9,1
freelancer,49947.73,36,1.003,0.882,1,0.236,0.0,0.071,25.6,1
freelancer,59229.28,46,0.871,0.157,4,0.826,0.0,0.073,25.3,0
freelancer,41744.69,44,0.915,0.175,7,0.557,0.0,0.076,41.1,1
kirana_merchant,52804.23,61,1.081,0.459,13,0.787,0.619,0.207,40.7,1
kirana_merchant,72915.89,32,0.646,0.573,0,0.445,0.149,0.291,27.4,0
kirana_merchant,29979.75,47,0.652,0.13,3,0.279,0.141,0.263,19.7,1
kirana_merchant,12257.4,37,0.797,0.227,3,0.844,0.955,0.147,54.9,0
gig_worker,23069.57,41,0.836,0.663,3,0.283,0.0,0.212,85.4,0
kirana_merchant,32694.85,43,0.7,0.635,1,0.851,0.026,0.252,43.8,0
gig_worker,27929.64,34,0.641,0.172,0,0.628,0.0,0.024,32.8,0
gig_worker,14425.01,42,0.611,0.845,0,0.744,0.0,0.292,64.9,0
freelancer,11902.05,36,0.982,0.304,4,0.413,0.0,0.279,25.8,0
gig_worker,18572.15,50,0.843,0.81,7,0.743,0.0,0.264,64.7,0
gig_worker,40290.45,40,1.022,0.838,16,0.914,0.0,0.338,90.4,1
gig_worker,59288.46,42,0.78,0.492,6,0.344,0.0,0.023,81.4,0
freelancer,42543.56,43,0.952,0.43,9,0.856,0.0,0.292,47.9,0
kirana_merchant,45647.93,48,0.844,0.323,0,0.663,0.212,0.175,61.0,0
kirana_merchant,25837.76,45,0.906,0.746,8,0.371,0.693,0.27,37.7,1
freelancer,11259.4,48,0.785,0.257,8,0.869,0.0,0.03,30.9,0
freelancer,21426.63,42,0.641,0.598,6,0.38,0.0,0.039,37.3,0
gig_worker,23638.16,40,1.074,0.554,2,0.904,0.0,0.062,64.0,0
kirana_merchant,20983.12,42,1.018,0.299,9,0.486,0.603,0.081,34.6,0
kirana_merchant,27649.07,43,0.756,0.886,4,0.76,0.898,0.067,57.5,0
kirana_merchant,33547.24,33,1.079,0.777,2,0.784,0.52,0.132,53.3,0
gig_worker,41212.94,46,0.75,0.116,0,0.597,0.0,0.122,42.9,0
freelancer,23410.5,43,0.821,0.438,2,0.87,0.0,0.091,33.2,1
kirana_merchant,10385.03,40,0.978,0.387,13,0.496,0.571,0.071,62.8,0
gig_worker,21132.37,55,0.755,0.806,0,0.882,0.0,0.243,83.0,0
kirana_merchant,27497.63,51,0.762,0.312,4,0.656,0.13,0.177,45.7,0
gig_worker,49583.03,45,0.805,0.899,10,0.233,0.0,0.334,93.4,0
gig_worker,20253.77,40,0.834,0.26,0,0.561,0.0,0.292,66.3,0
kirana_merchant,34761.71,41,0.662,0.295,4,0.854,0.246,0.268,40.2,0
gig_worker,31102.51,43,0.609,0.633,3,0.412,0.0,0.048,43.1,0
kirana_merchant,27500.25,40,1.06,0.229,3,0.77,0.99,0.32,43.8,0
kirana_merchant,42841.68,31,0.777,0.811,5,0.561,0.03,0.341,73.9,0
gig_worker,19333.21,45,0.651,0.188,4,0.448,0.0,0.044,71.8,0
freelancer,20179.18,43,0.98,0.887,10,0.912,0.0,0.297,39.2,0
gig_worker,26743.58,44,0.748,0.8,3,0.584,0.0,0.159,69.5,0
gig_worker,19534.29,45,0.691,0.772,5,0.804,0.0,0.125,78.4,0
gig_worker,34683.04,54,1.081,0.426,3,0.571,0.0,0.244,62.7,0
gig_worker,18833.71,43,1.06,0.511,2,0.444,0.0,0.124,96.9,0
gig_worker,30126.25,35,0.653,0.465,1,0.936,0.0,0.056,87.2,0
kirana_merchant,25588.89,52,1.05,0.89,2,0.308,0.803,0.25,55.3,0
freelancer,29955.34,40,1.045,0.128,10,0.664,0.0,0.237,53.6,0
gig_worker,21378.25,57,0.917,0.405,5,0.357,0.0,0.28,71.6,1
kirana_merchant,22707.62,40,0.865,0.875,2,0.292,0.143,0.205,33.4,0
kirana_merchant,28226.16,40,0.709,0.396,7,0.276,0.578,0.283,49.9,1
freelancer,29763.48,38,0.661,0.419,4,0.814,0.0,0.022,53.9,0
kirana_merchant,26846.72,53,0.903,0.605,2,0.409,0.464,0.274,39.5,0
gig_worker,63112.95,36,1.011,0.826,14,0.655,0.0,0.164,67.8,1
gig_worker,16393.36,46,0.944,0.336,14,0.594,0.0,0.209,73.7,0
kirana_merchant,26053.26,46,0.69,0.858,13,0.895,0.945,0.314,12.4,0
freelancer,12248.83,45,0.745,0.326,9,0.813,0.0,0.276,20.4,0
gig_worker,32404.12,56,0.873,0.752,7,0.756,0.0,0.235,64.0,0
gig_worker,15403.91,48,0.912,0.321,2,0.921,0.0,0.068,88.5,0
freelancer,23408.28,40,0.636,0.158,0,0.668,0.0,0.103,42.1,0
freelancer,22336.29,53,0.907,0.75,7,0.85,0.0,0.135,20.3,1
freelancer,30959.82,55,0.968,0.46,7,0.883,0.0,0.328,41.1,1
kirana_merchant,20406.41,43,0.691,0.413,10,0.843,0.223,0.275,45.6,0
gig_worker,19977.2,43,0.723,0.444,0,0.502,0.0,0.185,64.8,0
kirana_merchant,55156.41,45,0.729,0.589,6,0.844,0.564,0.27,34.2,0
kirana_merchant,31016.77,45,1.07,0.31,2,0.619,0.829,0.107,81.9,0
gig_worker,20322.31,50,0.804,0.29,2,0.474,0.0,0.069,47.1,0
kirana_merchant,23732.08,53,0.865,0.487,1,0.363,0.237,0.214,35.1,0
kirana_merchant,61247.45,58,0.962,0.129,0,0.754,0.849,0.16,57.0,0
gig_worker,23918.74,33,0.786,0.614,1,0.444,0.0,0.171,59.9,0
kirana_merchant,19060.28,47,0.653,0.758,13,0.411,0.749,0.076,35.2,1
kirana_merchant,19101.11,37,0.927,0.682,0,0.673,0.033,0.14,25.0,0
freelancer,20443.84,46,0.934,0.475,0,0.405,0.0,0.342,39.8,0
gig_worker,19985.28,54,0.73,0.552,11,0.455,0.0,0.046,77.1,0
gig_worker,14188.34,51,0.618,0.121,1,0.762,0.0,0.345,56.9,0
kirana_merchant,15335.11,30,0.933,0.83,5,0.738,0.601,0.22,67.1,0
gig_worker,17771.3,42,0.952,0.546,0,0.944,0.0,0.156,58.5,1
kirana_merchant,36162.77,48,0.613,0.353,2,0.839,0.207,0.021,51.3,0
kirana_merchant,22234.08,35,0.947,0.335,4,0.473,0.802,0.164,23.5,0
gig_worker,24256.0,48,1.069,0.628,2,0.571,0.0,0.168,79.8,1
kirana_merchant,50769.14,48,0.689,0.567,3,0.654,0.402,0.098,52.3,0
kirana_merchant,51405.66,49,0.861,0.25,2,0.519,0.751,0.303,32.3,0
gig_worker,23363.67,43,0.948,0.428,5,0.988,0.0,0.144,77.3,0
freelancer,19625.17,52,0.715,0.641,0,0.227,0.0,0.057,41.2,1
freelancer,17462.04,57,0.976,0.338,0,0.717,0.0,0.298,32.6,0
kirana_merchant,38039.79,57,1.034,0.507,5,0.693,0.559,0.237,57.2,0
kirana_merchant,24285.78,51,1.007,0.304,14,0.946,0.576,0.037,29.8,0
kirana_merchant,22175.7,40,0.729,0.157,1,0.921,0.088,0.044,63.8,0
freelancer,17910.95,59,1.002,0.411,7,0.935,0.0,0.342,44.2,0
kirana_merchant,18309.34,48,0.807,0.686,0,0.991,0.636,0.306,23.6,0
kirana_merchant,31572.1,54,0.733,0.271,2,0.462,0.098,0.311,52.9,0
freelancer,13936.7,46,0.684,0.704,2,0.592,0.0,0.052,32.8,0
gig_worker,44242.2,50,1.054,0.636,2,0.35,0.0,0.061,63.8,1
freelancer,20600.65,35,0.813,0.506,0,0.852,0.0,0.346,47.5,0
gig_worker,24963.8,42,1.033,0.877,4,0.659,0.0,0.347,86.6,0
gig_worker,13787.41,42,0.68,0.807,11,0.751,0.0,0.174,39.4,1
gig_worker,26737.36,46,0.983,0.551,12,0.249,0.0,0.261,71.2,0
freelancer,22830.2,36,0.655,0.546,6,0.247,0.0,0.263,34.0,0
freelancer,26237.89,30,0.609,0.322,7,0.26,0.0,0.347,28.1,0
kirana_merchant,56154.07,47,1.098,0.836,4,0.771,0.632,0.277,47.1,0
kirana_merchant,29402.91,50,0.637,0.817,2,0.495,0.607,0.126,60.7,0
kirana_merchant,18081.97,56,0.831,0.694,0,0.798,0.803,0.237,23.3,0
freelancer,18851.35,50,1.039,0.202,7,0.614,0.0,0.18,24.8,0
kirana_merchant,36227.2,55,1.01,0.663,0,0.353,0.301,0.166,32.3,1
gig_worker,51500.49,55,0.836,0.302,16,0.292,0.0,0.177,80.0,0
gig_worker,30975.72,48,0.905,0.251,9,0.942,0.0,0.317,64.0,0
kirana_merchant,37962.59,50,0.915,0.707,7,0.726,0.882,0.132,56.2,0
kirana_merchant,36492.75,41,0.655,0.868,1,0.684,0.493,0.238,58.7,0
gig_worker,54695.25,53,0.742,0.187,3,0.69,0.0,0.341,69.0,0
gig_worker,10149.76,60,0.75,0.231,16,0.488,0.0,0.129,74.6,0
freelancer,37556.79,43,0.789,0.275,2,0.282,0.0,0.25,34.0,1
gig_worker,43996.62,53,0.737,0.87,7,0.903,0.0,0.066,99.0,0
kirana_merchant,13775.38,42,0.726,0.657,14,0.938,0.432,0.303,28.7,0
freelancer,17277.6,38,0.777,0.643,3,0.574,0.0,0.295,13.4,0
kirana_merchant,17581.61,42,0.79,0.504,2,0.54,0.098,0.089,5.0,0
gig_worker,18687.4,54,0.844,0.53,14,0.376,0.0,0.053,75.0,0
kirana_merchant,21144.63,40,0.687,0.332,13,0.207,0.278,0.062,47.8,0
freelancer,30372.76,45,0.994,0.224,9,0.761,0.0,0.316,19.0,1
kirana_merchant,41474.64,49,1.03,0.724,3,0.6,0.859,0.18,31.8,1
freelancer,46196.46,40,0.724,0.477,3,0.96,0.0,0.267,50.8,0
gig_worker,17695.9,43,0.662,0.305,10,0.235,0.0,0.181,83.5,0
kirana_merchant,17635.14,39,0.961,0.606,1,0.47,0.916,0.308,40.2,1
kirana_merchant,51943.45,49,1.062,0.268,1,0.988,0.199,0.174,36.7,0
freelancer,37174.26,45,0.618,0.491,0,0.697,0.0,0.306,28.6,0
gig_worker,28041.26,33,0.607,0.252,8,0.481,0.0,0.109,77.0,0
freelancer,34086.9,45,0.692,0.708,0,0.359,0.0,0.041,41.6,0
kirana_merchant,26505.25,34,0.942,0.357,4,0.252,0.714,0.115,56.7,0
gig_worker,34971.63,42,1.082,0.453,0,0.938,0.0,0.224,81.5,0
gig_worker,22741.95,36,0.975,0.704,3,0.521,0.0,0.305,61.0,0
freelancer,30773.29,40,0.887,0.628,8,0.956,0.0,0.11,37.7,0
gig_worker,12641.33,41,0.95,0.42,18,0.481,0.0,0.046,78.7,0
gig_worker,19074.5,49,0.715,0.157,16,0.954,0.0,0.163,64.5,0
gig_worker,19177.53,41,0.944,0.837,4,0.848,0.0,0.327,71.8,0
freelancer,22310.33,39,0.761,0.106,7,0.462,0.0,0.163,26.2,0
kirana_merchant,16928.32,40,0.711,0.688,2,0.54,0.147,0.126,30.3,1
kirana_merchant,20603.75,49,0.718,0.856,5,0.955,0.812,0.249,24.1,0
gig_worker,12616.91,44,0.934,0.345,19,0.795,0.0,0.158,55.8,0
kirana_merchant,35395.86,51,0.984,0.16,1,0.844,0.619,0.251,37.7,0
kirana_merchant,25815.83,42,0.891,0.3,8,0.702,0.538,0.06,34.0,0
freelancer,11468.92,37,0.632,0.351,0,0.248,0.0,0.171,49.3,1
freelancer,17722.41,38,0.619,0.461,4,0.888,0.0,0.047,25.0,0
gig_worker,31834.34,51,0.709,0.52,1,0.822,0.0,0.25,69.8,0
kirana_merchant,20506.33,56,0.743,0.68,2,0.657,0.298,0.271,47.2,0
gig_worker,18987.37,44,0.802,0.821,1,0.756,0.0,0.067,60.2,0
kirana_merchant,25918.28,35,0.638,0.472,2,0.385,0.101,0.041,37.9,0
gig_worker,31945.89,40,0.963,0.697,3,0.941,0.0,0.155,34.1,1
gig_worker,13119.09,47,0.956,0.202,0,0.371,0.0,0.295,87.0,0
gig_worker,35421.15,46,0.773,0.363,5,0.738,0.0,0.095,76.2,0
kirana_merchant,18031.1,51,0.882,0.194,9,0.58,0.341,0.21,88.9,0
gig_worker,26663.1,52,0.65,0.653,0,0.641,0.0,0.082,70.2,0
kirana_merchant,26430.92,38,0.808,0.826,0,0.364,0.272,0.235,54.3,1
kirana_merchant,20670.58,40,1.029,0.811,6,0.345,0.02,0.084,59.4,1
gig_worker,16125.71,40,0.93,0.361,0,0.463,0.0,0.139,74.6,0
kirana_merchant,23322.1,48,0.652,0.287,3,0.224,0.876,0.259,20.1,0
gig_worker,60637.28,48,1.024,0.319,2,0.297,0.0,0.233,99.0,1
kirana_merchant,13618.2,51,0.94,0.33,0,0.491,0.912,0.164,40.6,0
kirana_merchant,62702.49,46,0.827,0.166,3,0.686,0.664,0.136,38.3,0
gig_worker,23626.86,45,0.946,0.207,9,0.482,0.0,0.314,74.1,0
gig_worker,27383.22,50,0.686,0.272,2,0.259,0.0,0.069,95.4,0
gig_worker,15625.27,44,0.875,0.107,1,0.841,0.0,0.177,84.0,0
freelancer,18294.67,43,0.909,0.138,5,0.326,0.0,0.184,49.5,0
kirana_merchant,20921.76,57,1.064,0.659,0,0.245,0.681,0.13,40.6,0
kirana_merchant,15949.02,38,0.633,0.595,2,0.482,0.016,0.305,68.3,0
kirana_merchant,24234.71,53,0.787,0.856,1,0.571,0.962,0.023,40.3,0
gig_worker,21949.33,56,1.068,0.421,2,0.914,0.0,0.297,52.8,1
kirana_merchant,67872.8,37,0.709,0.455,9,0.398,0.149,0.101,42.9,0
kirana_merchant,15018.12,58,1.007,0.154,10,0.67,0.728,0.025,43.9,0
gig_worker,28320.61,32,0.601,0.222,7,0.421,0.0,0.191,58.2,0
gig_worker,30452.49,42,0.613,0.653,4,0.296,0.0,0.109,63.7,1
gig_worker,15753.84,50,0.764,0.288,13,0.71,0.0,0.167,62.2,0
kirana_merchant,37926.82,39,0.984,0.719,1,0.799,0.702,0.123,64.1,0
freelancer,22044.9,32,0.652,0.665,2,0.635,0.0,0.121,29.5,0
gig_worker,7737.28,48,0.791,0.698,2,0.469,0.0,0.266,80.9,1
kirana_merchant,37418.66,41,0.666,0.652,6,0.99,0.62,0.289,56.0,0
gig_worker,15390.87,35,0.712,0.666,1,0.227,0.0,0.262,84.8,0
freelancer,15932.44,43,0.851,0.537,1,0.642,0.0,0.195,45.9,0
gig_worker,37947.2,42,0.76,0.643,10,0.735,0.0,0.227,76.4,1
kirana_merchant,22616.14,36,0.706,0.521,8,0.539,0.762,0.342,5.7,1
kirana_merchant,42569.19,40,0.797,0.265,2,0.307,0.153,0.115,15.4,1
kirana_merchant,49270.61,39,0.951,0.274,2,0.343,0.223,0.05,30.3,0
kirana_merchant,19487.64,53,0.66,0.424,0,0.957,0.128,0.263,34.5,0
gig_worker,39999.86,37,0.84,0.111,10,0.924,0.0,0.129,62.7,0
gig_worker,18439.85,48,0.737,0.811,1,0.34,0.0,0.133,74.2,0
gig_worker,82171.02,44,0.789,0.315,1,0.247,0.0,0.331,74.0,0
gig_worker,19025.23,44,1.011,0.141,9,0.338,0.0,0.11,51.2,1
kirana_merchant,44938.21,37,1.065,0.44,8,0.903,0.584,0.028,57.6,0
gig_worker,41023.28,50,0.721,0.752,12,0.28,0.0,0.047,76.4,1
gig_worker,31509.49,43,0.915,0.418,0,0.33,0.0,0.279,68.0,0
kirana_merchant,19239.65,48,0.938,0.31,3,0.765,0.793,0.292,44.2,0
freelancer,24941.82,63,1.021,0.536,1,0.855,0.0,0.167,53.6,0
kirana_merchant,9165.54,47,1.05,0.56,2,0.636,0.474,0.092,45.7,0
gig_worker,30097.88,52,0.834,0.707,6,0.356,0.0,0.269,80.0,1
gig_worker,32042.16,49,1.091,0.74,7,0.846,0.0,0.069,53.1,0
freelancer,28760.26,44,1.085,0.665,5,0.498,0.0,0.065,34.3,1
gig_worker,6083.57,60,0.853,0.104,15,0.739,0.0,0.047,65.6,0
gig_worker,14288.09,42,0.871,0.102,3,0.398,0.0,0.045,64.1,0
kirana_merchant,18507.93,48,0.934,0.882,9,0.643,0.022,0.17,41.1,1
kirana_merchant,31126.96,60,0.787,0.311,7,0.469,0.345,0.09,48.4,0
kirana_merchant,31090.87,44,0.931,0.326,1,0.387,0.596,0.108,47.3,0
gig_worker,24708.14,51,0.857,0.686,2,0.783,0.0,0.197,76.6,1
gig_worker,36961.15,39,0.618,0.565,0,0.894,0.0,0.168,38.3,0
freelancer,16104.9,41,1.026,0.471,6,0.9,0.0,0.113,41.0,0
gig_worker,36501.82,48,1.07,0.193,3,0.553,0.0,0.341,80.0,0
kirana_merchant,34110.86,66,0.613,0.165,8,0.927,0.57,0.068,25.4,0
kirana_merchant,32492.92,28,0.995,0.663,10,0.616,0.548,0.224,53.8,0
kirana_merchant,24562.59,44,0.793,0.2,1,0.483,0.365,0.321,60.7,0
gig_worker,67196.2,45,0.893,0.449,2,0.807,0.0,0.032,74.4,0
gig_worker,34427.05,42,0.85,0.689,5,0.421,0.0,0.231,68.8,0
kirana_merchant,16578.0,37,0.876,0.839,9,0.525,0.164,0.301,43.9,1
freelancer,30459.49,47,0.848,0.799,17,0.838,0.0,0.034,21.2,0
freelancer,39192.54,52,1.027,0.791,2,0.593,0.0,0.256,29.8,0
gig_worker,20049.22,46,0.942,0.387,1,0.303,0.0,0.279,76.4,0
gig_worker,46380.58,46,0.806,0.842,11,0.963,0.0,0.042,91.9,1
freelancer,32565.76,49,0.944,0.647,3,0.21,0.0,0.036,48.2,0
kirana_merchant,8339.52,52,1.083,0.809,0,0.396,0.531,0.18,13.9,0
freelancer,31251.92,36,0.64,0.171,1,0.845,0.0,0.254,21.2,0
gig_worker,21960.17,36,0.794,0.132,7,0.877,0.0,0.151,64.2,0
kirana_merchant,35192.56,42,1.035,0.444,3,0.741,0.232,0.292,51.3,1
kirana_merchant,43135.75,44,0.97,0.762,19,0.69,0.833,0.293,44.9,1
kirana_merchant,29660.78,46,1.067,0.427,9,0.866,0.723,0.073,89.6,0
kirana_merchant,61859.82,43,0.62,0.808,0,0.796,0.16,0.043,54.5,0
gig_worker,24603.56,50,1.031,0.288,4,0.984,0.0,0.123,78.4,0
kirana_merchant,36768.95,45,0.996,0.131,3,0.569,0.748,0.084,53.2,0
gig_worker,40234.14,50,1.008,0.709,9,0.416,0.0,0.284,74.7,1
kirana_merchant,25625.08,55,0.899,0.601,3,0.204,0.538,0.196,62.8,1
freelancer,39711.14,50,0.626,0.452,1,0.464,0.0,0.238,32.6,0
gig_worker,19983.53,40,0.87,0.776,1,0.861,0.0,0.27,56.3,0
freelancer,21779.31,49,0.804,0.759,1,0.227,0.0,0.306,42.8,1
gig_worker,13957.27,54,0.864,0.36,16,0.753,0.0,0.21,86.9,0
kirana_merchant,30354.64,41,0.97,0.77,2,0.236,0.525,0.218,46.7,1
freelancer,31654.19,36,0.898,0.376,5,0.581,0.0,0.243,30.9,0
gig_worker,48515.16,50,0.746,0.598,1,0.538,0.0,0.226,99.0,0
gig_worker,39957.43,45,0.9,0.254,9,0.949,0.0,0.316,54.9,1
kirana_merchant,23332.49,29,0.642,0.311,3,0.456,0.848,0.045,44.1,0
gig_worker,14926.75,49,0.603,0.458,2,0.628,0.0,0.116,81.8,1
kirana_merchant,33403.81,46,0.801,0.352,5,0.696,0.535,0.029,42.3,0
freelancer,46881.41,38,0.979,0.203,3,0.432,0.0,0.307,37.4,0
kirana_merchant,39245.52,35,1.011,0.486,3,0.398,0.705,0.183,39.4,0
gig_worker,46269.52,42,0.875,0.509,3,0.429,0.0,0.293,80.5,0
kirana_merchant,24198.73,50,1.034,0.227,4,0.303,0.23,0.213,47.4,0
kirana_merchant,21304.86,53,0.663,0.239,1,0.293,0.01,0.057,49.5,0
gig_worker,18611.77,51,1.082,0.123,3,0.674,0.0,0.045,62.6,0
kirana_merchant,26161.7,52,1.061,0.124,0,0.28,0.108,0.033,51.8,0
kirana_merchant,25866.52,36,0.9,0.387,0,0.355,0.415,0.114,17.3,0
kirana_merchant,29832.06,58,0.629,0.217,1,0.336,0.632,0.325,53.7,0
gig_worker,25218.96,56,0.827,0.835,8,0.311,0.0,0.268,99.0,0
kirana_merchant,25164.41,57,0.69,0.26,10,0.313,0.69,0.122,51.7,0
gig_worker,18245.12,41,0.914,0.153,0,0.838,0.0,0.138,71.6,0
gig_worker,43079.8,49,0.695,0.423,0,0.394,0.0,0.21,80.7,0
freelancer,27952.42,50,0.841,0.254,15,0.375,0.0,0.309,37.1,1
kirana_merchant,24656.06,45,0.703,0.149,2,0.303,0.184,0.272,70.9,0
gig_worker,18514.05,41,0.691,0.702,2,0.76,0.0,0.312,89.2,0
gig_worker,13822.37,53,0.724,0.546,1,0.313,0.0,0.025,69.3,0
gig_worker,51739.77,45,0.615,0.146,0,0.245,0.0,0.342,58.8,0
gig_worker,35501.11,39,0.958,0.474,0,0.998,0.0,0.1,75.1,0
gig_worker,11944.68,60,0.753,0.131,2,0.655,0.0,0.127,75.1,0
gig_worker,39401.97,46,0.949,0.383,0,0.759,0.0,0.233,77.7,0
kirana_merchant,42669.54,53,0.927,0.391,9,0.903,0.6,0.29,61.5,0
kirana_merchant,28629.36,52,0.633,0.758,4,0.202,0.826,0.133,73.3,0
kirana_merchant,59817.61,45,0.756,0.688,4,0.843,0.978,0.249,38.2,0
kirana_merchant,29982.22,43,0.883,0.818,1,0.752,0.94,0.325,22.1,0
gig_worker,13247.82,39,1.059,0.212,3,0.466,0.0,0.198,57.6,0
freelancer,32292.31,46,0.801,0.527,0,0.245,0.0,0.202,25.8,0
freelancer,30407.62,38,0.852,0.116,1,0.643,0.0,0.253,52.0,0
freelancer,19897.54,47,0.975,0.76,1,0.446,0.0,0.062,8.8,0
freelancer,35838.55,31,1.002,0.393,5,0.23,0.0,0.255,38.2,1
freelancer,11686.24,51,1.062,0.155,7,0.947,0.0,0.073,17.8,0
kirana_merchant,44147.14,42,0.849,0.36,1,0.238,0.006,0.337,41.1,0
gig_worker,17342.91,48,0.697,0.33,0,0.599,0.0,0.08,65.3,0
kirana_merchant,16440.89,48,0.982,0.713,4,0.773,0.393,0.171,16.0,0
kirana_merchant,25414.82,45,0.663,0.201,5,0.617,0.708,0.282,53.5,0
kirana_merchant,33405.86,55,0.809,0.545,12,0.987,0.09,0.125,28.7,0
kirana_merchant,29201.11,56,0.914,0.735,5,0.684,0.442,0.193,48.3,0
gig_worker,18558.26,55,0.946,0.692,3,0.668,0.0,0.043,98.2,0
gig_worker,20888.53,54,0.967,0.849,1,0.704,0.0,0.263,58.6,0
freelancer,15267.46,48,0.697,0.101,3,0.979,0.0,0.055,44.6,0
kirana_merchant,24044.46,38,1.091,0.383,11,0.461,0.978,0.26,32.1,1
kirana_merchant,46051.27,52,0.689,0.396,1,0.869,0.092,0.06,19.0,0
gig_worker,26845.9,43,0.648,0.127,2,0.269,0.0,0.063,94.6,0
gig_worker,41345.01,45,0.932,0.754,14,0.726,0.0,0.26,74.5,0
freelancer,55698.06,35,1.055,0.651,2,0.661,0.0,0.127,41.7,0
kirana_merchant,20050.13,40,0.88,0.522,4,0.706,0.858,0.117,21.5,0
kirana_merchant,24506.98,50,0.898,0.424,31,0.555,0.641,0.116,32.8,1
kirana_merchant,79665.86,51,0.869,0.816,2,0.764,0.258,0.214,36.5,0
kirana_merchant,55390.96,45,0.621,0.312,1,0.731,0.123,0.187,43.0,0
gig_worker,11658.58,53,0.941,0.368,0,0.882,0.0,0.046,84.0,0
kirana_merchant,32649.15,54,0.779,0.862,0,0.931,0.148,0.235,51.7,0
kirana_merchant,26910.72,49,1.068,0.152,2,0.365,0.162,0.269,36.7,0
kirana_merchant,40669.21,52,0.693,0.724,2,0.794,0.558,0.072,31.3,0
kirana_merchant,18536.75,46,0.751,0.674,3,0.636,0.097,0.096,37.8,1
freelancer,17680.11,48,0.852,0.822,1,0.436,0.0,0.282,33.3,0
gig_worker,19186.55,61,0.839,0.172,5,0.353,0.0,0.176,65.4,0
freelancer,20212.08,55,0.8,0.876,1,0.393,0.0,0.128,32.6,0
gig_worker,40443.54,37,0.757,0.123,2,0.523,0.0,0.127,88.0,0
kirana_merchant,14904.22,45,0.674,0.37,11,0.587,0.155,0.34,35.3,0
gig_worker,19706.29,49,1.01,0.168,6,0.453,0.0,0.156,59.8,0
gig_worker,10998.28,53,0.824,0.141,3,0.501,0.0,0.259,77.0,0
kirana_merchant,44513.99,46,0.886,0.872,0,0.93,0.246,0.099,31.9,0
gig_worker,50793.06,44,0.873,0.676,3,0.353,0.0,0.176,68.9,1
kirana_merchant,22844.45,36,0.888,0.505,16,0.235,0.13,0.325,23.5,1
freelancer,23179.54,48,0.952,0.187,6,0.794,0.0,0.043,37.3,0
gig_worker,33745.79,40,0.915,0.521,6,0.469,0.0,0.049,68.3,1
kirana_merchant,56231.99,39,0.737,0.356,7,0.405,0.58,0.24,29.6,0
kirana_merchant,33001.4,54,0.877,0.317,12,0.958,0.842,0.039,35.0,0
kirana_merchant,18981.67,39,0.722,0.594,1,0.495,0.069,0.17,39.0,0
gig_worker,11975.15,42,0.894,0.733,3,0.535,0.0,0.169,98.1,1
gig_worker,15404.84,40,0.816,0.455,5,0.687,0.0,0.097,65.3,0
gig_worker,27906.36,41,0.62,0.495,4,0.515,0.0,0.209,98.0,0
gig_worker,19386.58,52,0.967,0.621,7,0.861,0.0,0.223,76.3,1
gig_worker,29657.9,41,0.737,0.2,1,0.558,0.0,0.048,55.7,0
kirana_merchant,20405.06,45,1.06,0.763,0,0.508,0.407,0.237,47.4,1
freelancer,15850.03,42,0.74,0.77,0,0.658,0.0,0.305,40.2,0
freelancer,14935.32,43,1.098,0.533,1,0.943,0.0,0.151,52.9,0
kirana_merchant,58757.69,43,0.831,0.25,7,0.628,0.841,0.024,39.2,0
gig_worker,41960.92,52,0.613,0.501,1,0.448,0.0,0.188,87.0,0
gig_worker,63911.78,39,0.638,0.185,19,0.473,0.0,0.027,85.3,0
gig_worker,35241.35,51,0.641,0.711,2,0.358,0.0,0.319,56.1,0
gig_worker,21698.63,43,0.628,0.349,0,0.702,0.0,0.167,56.5,1
kirana_merchant,52139.1,47,0.734,0.349,12,0.223,0.291,0.026,16.6,1
kirana_merchant,26462.03,32,0.762,0.856,7,0.75,0.533,0.177,58.7,1
gig_worker,30044.08,40,0.656,0.437,0,0.918,0.0,0.21,53.8,0
gig_worker,26333.25,44,0.819,0.732,0,0.721,0.0,0.319,88.3,0
freelancer,6164.41,48,0.783,0.61,7,0.874,0.0,0.094,56.5,0
kirana_merchant,60016.06,40,0.918,0.353,15,0.268,0.619,0.209,78.6,0
gig_worker,34389.34,37,0.698,0.199,21,0.788,0.0,0.196,80.8,0
freelancer,31726.63,42,1.057,0.738,0,0.807,0.0,0.056,47.5,1
freelancer,26084.9,40,0.858,0.71,2,0.473,0.0,0.337,35.5,1
gig_worker,29193.87,48,0.912,0.235,14,0.762,0.0,0.122,51.2,0
gig_worker,19957.5,33,0.62,0.299,0,0.547,0.0,0.259,55.8,0
kirana_merchant,36617.8,44,0.88,0.713,4,0.776,0.229,0.279,35.3,0
freelancer,13994.94,44,0.784,0.887,5,0.758,0.0,0.248,44.7,1
freelancer,29526.23,46,1.062,0.775,3,0.441,0.0,0.059,29.2,1
gig_worker,35624.42,45,1.043,0.647,1,0.222,0.0,0.145,64.3,1
gig_worker,24359.21,42,0.919,0.832,6,0.823,0.0,0.293,96.4,0
kirana_merchant,32384.46,46,0.984,0.328,7,0.435,0.578,0.291,32.4,1
kirana_merchant,16388.46,39,0.922,0.108,0,0.66,0.022,0.101,25.1,0
gig_worker,16598.82,51,0.608,0.357,2,0.7,0.0,0.198,85.6,0
freelancer,30283.51,43,0.952,0.878,2,0.908,0.0,0.291,51.0,0
kirana_merchant,37770.17,52,0.689,0.806,5,0.223,0.264,0.222,60.4,1
freelancer,10536.15,49,0.941,0.14,1,0.626,0.0,0.09,27.1,0
freelancer,34926.82,42,0.605,0.502,14,0.707,0.0,0.284,27.5,1
kirana_merchant,20504.49,38,0.755,0.163,2,0.689,0.646,0.294,68.1,0
kirana_merchant,24430.73,53,0.858,0.731,9,0.807,0.057,0.323,38.7,0
kirana_merchant,13769.91,54,0.767,0.398,4,0.249,0.547,0.296,47.2,0
gig_worker,17574.27,44,0.947,0.83,4,0.383,0.0,0.229,93.4,0
kirana_merchant,43610.91,39,0.861,0.144,4,0.712,0.379,0.174,33.0,0
gig_worker,27348.9,44,1.08,0.687,3,0.47,0.0,0.349,62.9,1
kirana_merchant,22216.95,36,0.779,0.419,0,0.408,0.678,0.344,39.5,0
gig_worker,25380.99,42,0.961,0.315,2,0.502,0.0,0.178,76.6,0
gig_worker,34358.54,39,1.018,0.514,4,0.893,0.0,0.27,56.0,0
gig_worker,33531.72,39,0.727,0.488,11,0.37,0.0,0.131,55.3,0
gig_worker,25912.65,48,0.977,0.379,3,0.84,0.0,0.084,65.6,0
kirana_merchant,46466.16,46,0.797,0.619,1,0.488,0.39,0.32,55.0,1
kirana_merchant,43705.59,47,0.664,0.629,1,0.736,0.067,0.034,51.0,0
kirana_merchant,33080.06,53,0.602,0.162,11,0.316,0.83,0.265,38.5,0
gig_worker,27647.92,57,0.972,0.576,0,0.334,0.0,0.298,79.6,0
gig_worker,37371.38,53,0.693,0.669,7,0.305,0.0,0.258,55.5,0
gig_worker,31480.82,39,0.626,0.161,0,0.875,0.0,0.311,72.9,0
gig_worker,45724.98,47,0.849,0.627,7,0.76,0.0,0.111,71.8,0
freelancer,42183.34,41,0.773,0.743,12,0.905,0.0,0.279,55.8,0
gig_worker,16169.35,30,0.946,0.766,19,0.7,0.0,0.256,77.3,1
gig_worker,15631.11,48,0.654,0.133,15,0.714,0.0,0.345,44.0,1
gig_worker,18946.51,51,0.666,0.658,2,0.622,0.0,0.321,54.3,1
gig_worker,43829.81,55,0.802,0.738,4,0.247,0.0,0.041,77.4,0
kirana_merchant,12232.43,35,0.86,0.417,2,0.228,0.528,0.063,13.0,0
kirana_merchant,32773.6,52,1.012,0.534,4,0.595,0.658,0.35,43.1,0
gig_worker,32249.94,49,0.893,0.312,0,0.597,0.0,0.223,64.5,0
gig_worker,48113.79,35,1.051,0.348,7,0.379,0.0,0.051,71.4,0
gig_worker,29441.76,38,0.709,0.501,5,0.671,0.0,0.128,62.8,0
gig_worker,13744.52,39,0.898,0.221,13,0.92,0.0,0.146,84.6,0
gig_worker,16652.61,30,0.928,0.396,0,0.826,0.0,0.044,66.6,0
freelancer,14898.3,47,0.963,0.341,6,0.653,0.0,0.225,42.9,0
kirana_merchant,20558.46,48,1.094,0.291,0,0.41,0.448,0.333,51.0,0
kirana_merchant,24552.02,33,0.834,0.487,1,0.391,0.67,0.252,24.4,0
kirana_merchant,15022.12,48,0.785,0.771,1,0.865,0.818,0.303,48.5,0
kirana_merchant,56124.68,44,1.026,0.294,5,0.494,0.882,0.325,34.9,0
kirana_merchant,13868.28,42,0.688,0.628,7,0.691,0.722,0.344,50.3,0
kirana_merchant,52735.9,58,0.619,0.303,0,0.908,0.09,0.288,26.6,0
kirana_merchant,48658.49,46,0.822,0.214,2,0.495,0.224,0.19,39.0,0
gig_worker,42156.8,37,0.724,0.855,6,0.762,0.0,0.043,77.5,0
kirana_merchant,19017.53,50,0.798,0.607,0,0.841,0.723,0.037,49.2,0
kirana_merchant,31927.58,39,1.093,0.184,20,0.319,0.892,0.272,29.3,0
freelancer,14204.5,43,0.774,0.606,4,0.262,0.0,0.104,40.3,1
kirana_merchant,42423.32,46,0.954,0.241,0,0.86,0.1,0.154,50.6,0
kirana_merchant,25926.16,41,0.725,0.81,3,0.922,0.142,0.285,21.4,1
gig_worker,21924.06,44,0.752,0.298,12,0.523,0.0,0.223,48.4,1
kirana_merchant,14590.52,37,0.722,0.745,4,0.59,0.342,0.284,53.6,0
gig_worker,7795.07,50,0.886,0.259,1,0.789,0.0,0.202,55.5,0
gig_worker,16006.17,44,0.713,0.547,8,0.355,0.0,0.087,73.4,0
gig_worker,46929.38,49,0.959,0.83,7,0.212,0.0,0.278,69.7,1
kirana_merchant,21995.28,37,0.94,0.337,0,0.883,0.014,0.253,35.6,0
gig_worker,24719.2,44,0.811,0.165,8,0.725,0.0,0.187,93.9,0
gig_worker,37338.39,51,0.613,0.542,4,0.745,0.0,0.204,57.5,0
freelancer,66358.98,50,0.611,0.238,1,0.663,0.0,0.038,23.7,0
gig_worker,52182.49,42,0.866,0.683,18,0.649,0.0,0.254,81.1,0
kirana_merchant,16544.89,51,1.02,0.573,1,0.98,0.515,0.266,49.0,0
kirana_merchant,10185.44,33,0.899,0.377,12,0.704,0.225,0.24,46.2,0
gig_worker,87536.15,47,0.818,0.665,13,0.312,0.0,0.167,75.9,1
kirana_merchant,83658.29,40,1.041,0.291,2,0.414,0.016,0.028,34.8,0
gig_worker,29561.46,39,0.698,0.834,1,0.422,0.0,0.234,57.1,0
kirana_merchant,14253.47,45,0.78,0.378,4,0.367,0.388,0.27,69.0,0
kirana_merchant,43547.75,46,0.883,0.71,2,0.891,0.512,0.143,25.8,1
kirana_merchant,25489.15,37,0.746,0.307,0,0.617,0.117,0.155,12.2,0
kirana_merchant,25425.54,33,1.099,0.672,0,0.583,0.555,0.076,32.3,0
gig_worker,42075.86,49,0.826,0.125,3,0.99,0.0,0.233,83.3,0
gig_worker,31798.91,45,0.626,0.336,1,0.232,0.0,0.276,43.8,1
kirana_merchant,14869.87,41,0.688,0.174,3,0.56,0.597,0.218,30.5,0
kirana_merchant,22871.09,47,0.866,0.461,1,0.371,0.063,0.232,58.5,0
freelancer,37443.05,51,0.875,0.448,9,0.542,0.0,0.308,17.1,1
freelancer,34721.91,40,1.092,0.387,0,0.33,0.0,0.323,38.7,0
freelancer,30669.02,63,0.9,0.885,0,0.315,0.0,0.244,36.1,1
kirana_merchant,42903.62,38,0.933,0.295,8,0.414,0.489,0.076,45.0,0
gig_worker,22452.15,48,0.707,0.733,0,0.3,0.0,0.058,80.6,0
kirana_merchant,29417.2,58,0.653,0.458,3,0.958,0.487,0.296,23.8,0
kirana_merchant,4975.15,54,0.901,0.368,7,0.3,0.406,0.235,58.6,0
gig_worker,21486.39,52,1.032,0.263,13,0.573,0.0,0.092,55.2,0
freelancer,39416.96,40,0.894,0.607,0,0.824,0.0,0.089,28.8,0
freelancer,22132.51,46,0.821,0.367,2,0.876,0.0,0.038,30.7,0
kirana_merchant,21309.03,50,0.889,0.75,9,0.969,0.957,0.187,50.7,0
gig_worker,15982.88,37,0.834,0.875,0,0.645,0.0,0.059,50.0,1
gig_worker,44430.57,43,0.671,0.282,2,0.45,0.0,0.147,94.7,0
freelancer,35391.67,44,0.971,0.203,8,0.711,0.0,0.086,31.8,1
freelancer,40648.1,41,0.867,0.352,5,0.675,0.0,0.261,47.9,1
gig_worker,11349.09,62,0.8,0.474,3,0.672,0.0,0.022,54.8,1
gig_worker,24829.18,47,0.88,0.341,3,0.485,0.0,0.145,64.6,0
freelancer,23387.21,50,0.721,0.876,0,0.903,0.0,0.035,5.0,0
gig_worker,23381.82,50,0.814,0.723,1,0.644,0.0,0.036,83.7,0
kirana_merchant,19771.29,46,0.911,0.873,0,0.683,0.455,0.052,27.6,0
freelancer,22628.1,34,0.713,0.399,6,0.546,0.0,0.111,18.6,0
gig_worker,41143.55,52,0.974,0.344,0,0.386,0.0,0.278,79.6,0
kirana_merchant,10337.92,43,0.861,0.426,0,0.38,0.513,0.2,5.0,0
gig_worker,65424.19,57,1.031,0.518,2,0.705,0.0,0.066,68.9,0
gig_worker,34266.4,50,1.024,0.693,2,0.21,0.0,0.149,97.0,0
freelancer,26339.74,37,0.847,0.805,3,0.946,0.0,0.321,20.9,0
kirana_merchant,42337.02,40,0.698,0.471,0,0.549,0.116,0.159,29.8,1
freelancer,13017.93,52,0.968,0.331,0,0.888,0.0,0.333,49.9,1
kirana_merchant,19295.93,47,0.809,0.355,1,0.545,0.46,0.323,25.0,0
gig_worker,25322.85,41,0.897,0.658,10,0.294,0.0,0.151,91.9,1
gig_worker,53251.44,45,0.654,0.554,2,0.285,0.0,0.234,87.3,0
gig_worker,26284.95,51,0.916,0.489,2,0.201,0.0,0.28,79.3,0
gig_worker,33692.39,32,0.787,0.262,10,0.432,0.0,0.079,58.5,0
gig_worker,20034.49,52,0.767,0.8,1,0.546,0.0,0.195,70.6,1
gig_worker,34317.85,43,1.09,0.725,0,0.219,0.0,0.054,68.2,1
kirana_merchant,62231.7,56,0.816,0.213,4,0.563,0.358,0.186,45.4,0
kirana_merchant,44256.76,39,0.939,0.394,8,0.304,0.414,0.062,49.0,0
kirana_merchant,25829.49,47,0.914,0.534,2,0.632,0.055,0.276,35.5,0
kirana_merchant,37712.44,47,0.652,0.463,0,0.692,0.63,0.223,35.4,0
gig_worker,35909.55,54,0.974,0.418,8,0.606,0.0,0.234,82.1,1
gig_worker,34658.35,45,0.762,0.675,0,0.614,0.0,0.101,99.0,0
kirana_merchant,46909.56,47,0.999,0.144,3,0.33,0.18,0.221,24.5,0
kirana_merchant,46734.54,54,0.904,0.477,14,0.679,0.743,0.267,56.0,1
gig_worker,25245.94,49,0.759,0.31,1,0.981,0.0,0.122,79.4,0
freelancer,37083.95,36,0.778,0.168,7,0.981,0.0,0.333,43.0,0
kirana_merchant,22213.43,46,0.966,0.472,2,0.479,0.197,0.144,47.8,0
kirana_merchant,16957.47,54,0.875,0.237,1,0.783,0.227,0.138,35.2,0
gig_worker,23511.69,33,0.934,0.307,0,0.553,0.0,0.147,74.0,0
kirana_merchant,25896.44,48,0.679,0.506,5,0.31,0.474,0.318,39.3,1
kirana_merchant,11721.85,48,0.993,0.879,1,0.792,0.929,0.121,52.9,0
kirana_merchant,41364.0,39,0.76,0.647,4,0.475,0.991,0.223,51.3,0
kirana_merchant,6743.52,34,0.91,0.324,1,0.809,0.51,0.107,5.4,0
freelancer,104548.72,34,0.657,0.406,0,0.504,0.0,0.276,38.8,0
kirana_merchant,57007.58,43,0.761,0.425,0,0.34,0.811,0.346,47.7,0
gig_worker,23611.65,41,0.924,0.223,1,0.882,0.0,0.341,86.8,0
kirana_merchant,27030.28,43,0.737,0.229,1,0.241,0.074,0.059,44.2,0
kirana_merchant,31303.52,49,1.04,0.219,0,0.492,0.489,0.288,37.4,0
kirana_merchant,20038.68,60,0.931,0.517,2,0.738,0.662,0.234,59.0,0
gig_worker,29623.1,36,1.035,0.639,0,0.909,0.0,0.27,61.6,1
gig_worker,25034.25,40,0.798,0.573,12,0.329,0.0,0.146,50.6,0
freelancer,25664.49,41,0.617,0.882,0,0.277,0.0,0.135,45.4,0
kirana_merchant,29458.29,40,0.888,0.201,3,0.442,0.141,0.163,64.9,0
freelancer,13950.02,43,0.77,0.889,2,0.405,0.0,0.349,30.7,0
kirana_merchant,27440.76,51,0.824,0.473,15,0.755,0.008,0.074,32.0,1
kirana_merchant,29194.16,62,0.941,0.275,3,0.39,0.437,0.323,63.3,1
kirana_merchant,28693.47,58,0.95,0.855,4,0.699,0.207,0.198,52.2,0
freelancer,24151.09,42,0.614,0.475,2,0.725,0.0,0.238,31.9,0
kirana_merchant,47521.09,37,0.985,0.378,0,0.844,0.231,0.049,48.0,0
kirana_merchant,22542.86,50,0.847,0.271,1,0.683,0.759,0.293,28.2,0
gig_worker,30141.64,58,0.878,0.314,4,0.937,0.0,0.05,76.6,0
kirana_merchant,51464.56,32,0.749,0.883,3,0.754,0.38,0.246,12.4,0
kirana_merchant,25856.36,51,0.81,0.343,5,0.394,0.001,0.23,30.2,0
gig_worker,29948.41,37,0.955,0.882,5,0.952,0.0,0.346,69.7,0
gig_worker,25637.4,46,0.988,0.364,8,0.352,0.0,0.309,74.2,0
gig_worker,49945.36,47,0.794,0.285,7,0.349,0.0,0.147,66.4,0
gig_worker,23650.46,45,0.946,0.247,9,0.794,0.0,0.319,85.6,0
gig_worker,51107.03,40,0.729,0.429,8,0.615,0.0,0.046,74.5,0
kirana_merchant,25545.23,60,1.016,0.289,4,0.328,0.62,0.11,36.4,0
freelancer,17505.5,46,0.905,0.658,2,0.291,0.0,0.327,32.9,1
kirana_merchant,37785.72,43,0.988,0.292,2,0.336,0.224,0.195,54.3,1
gig_worker,23101.81,52,0.839,0.768,5,0.941,0.0,0.12,77.4,0
gig_worker,36689.67,48,0.715,0.767,0,0.669,0.0,0.082,67.6,0
kirana_merchant,6872.6,39,0.815,0.328,10,0.783,0.571,0.155,67.3,0
gig_worker,26973.3,50,0.791,0.703,10,0.302,0.0,0.326,59.0,1
freelancer,21379.7,51,0.766,0.786,6,0.503,0.0,0.327,58.7,0
kirana_merchant,15809.57,50,0.706,0.572,0,0.646,0.192,0.224,21.0,0
kirana_merchant,20401.82,40,0.98,0.393,0,0.608,0.822,0.049,24.1,0
gig_worker,20194.15,38,0.643,0.453,16,0.498,0.0,0.161,56.2,1
kirana_merchant,26265.38,45,1.044,0.729,3,0.277,0.483,0.204,63.1,1
gig_worker,13579.77,47,0.688,0.335,2,0.746,0.0,0.264,63.8,0
freelancer,31512.42,34,1.09,0.368,6,0.678,0.0,0.321,31.6,0
kirana_merchant,53268.87,53,1.094,0.229,4,0.536,0.816,0.349,21.7,0
gig_worker,30960.4,28,0.799,0.419,1,0.942,0.0,0.156,64.8,0
gig_worker,40315.62,44,1.094,0.169,6,0.805,0.0,0.312,68.6,0
gig_worker,46503.42,45,1.035,0.357,0,0.492,0.0,0.293,80.2,0
kirana_merchant,49923.38,44,0.641,0.399,4,0.242,0.638,0.213,49.6,0
gig_worker,68532.91,61,1.074,0.304,5,0.84,0.0,0.208,62.7,0
kirana_merchant,20960.58,51,0.621,0.181,2,0.552,0.565,0.344,22.4,0
gig_worker,18783.95,43,0.691,0.517,4,0.578,0.0,0.144,68.4,0
kirana_merchant,39804.4,39,0.892,0.792,5,0.67,0.179,0.164,72.9,0
freelancer,38335.56,38,0.64,0.369,1,0.728,0.0,0.186,40.7,0
kirana_merchant,39649.66,42,0.681,0.289,4,0.687,0.652,0.257,26.2,0
kirana_merchant,69192.05,44,1.077,0.328,0,0.425,0.467,0.193,19.2,1
gig_worker,27056.57,37,1.097,0.79,0,0.342,0.0,0.218,58.1,0
gig_worker,33292.2,54,0.999,0.522,4,0.222,0.0,0.146,67.7,0
kirana_merchant,16478.4,38,0.858,0.205,0,0.21,0.959,0.041,63.3,0
gig_worker,78249.72,38,1.05,0.667,0,0.911,0.0,0.221,34.9,0
kirana_merchant,22736.52,47,0.656,0.223,4,0.996,0.191,0.225,48.5,0
gig_worker,23060.86,41,1.071,0.148,4,0.486,0.0,0.122,58.4,1
gig_worker,22620.8,38,0.776,0.305,7,0.37,0.0,0.224,81.7,1
gig_worker,19487.96,45,1.031,0.234,0,0.519,0.0,0.224,75.2,0
freelancer,18681.36,37,0.934,0.584,2,0.283,0.0,0.139,67.9,0
gig_worker,20705.36,44,1.08,0.488,0,0.704,0.0,0.261,73.8,0
kirana_merchant,13590.17,49,1.032,0.679,4,0.38,0.664,0.214,69.5,0
gig_worker,18166.62,38,1.044,0.509,1,0.454,0.0,0.054,60.0,0
kirana_merchant,71287.88,58,0.916,0.435,0,0.884,0.802,0.175,39.3,0
gig_worker,38864.15,48,1.017,0.521,2,0.655,0.0,0.31,44.5,0
freelancer,42742.63,49,0.979,0.448,12,0.308,0.0,0.272,38.4,1
freelancer,48465.35,37,0.681,0.13,4,0.276,0.0,0.067,32.1,0
gig_worker,67310.21,49,0.924,0.645,7,0.723,0.0,0.334,77.7,0
freelancer,11095.43,49,0.674,0.87,0,0.33,0.0,0.103,33.5,1
freelancer,14545.81,39,1.035,0.438,11,0.357,0.0,0.134,57.3,0
freelancer,18000.2,38,0.633,0.439,1,0.681,0.0,0.088,32.3,0
freelancer,21271.75,45,1.094,0.137,8,0.928,0.0,0.261,44.0,0
gig_worker,23149.2,41,0.8,0.812,13,0.633,0.0,0.204,94.8,0
kirana_merchant,21515.12,45,0.685,0.843,0,0.575,0.603,0.209,72.2,0
gig_worker,30021.06,60,1.068,0.751,2,0.887,0.0,0.248,77.6,0
gig_worker,27382.18,62,0.623,0.185,4,0.435,0.0,0.214,74.0,0
freelancer,18743.13,53,0.835,0.82,4,0.228,0.0,0.132,42.2,1
gig_worker,9065.45,40,0.985,0.119,0,0.646,0.0,0.325,94.8,0
kirana_merchant,16375.89,50,0.758,0.456,2,0.306,0.599,0.21,45.6,0
freelancer,20442.69,50,0.864,0.5,2,0.248,0.0,0.261,38.3,0
freelancer,23776.67,56,0.95,0.767,1,0.278,0.0,0.071,23.5,1
freelancer,15293.24,46,1.076,0.701,3,0.288,0.0,0.139,24.3,1
gig_worker,21048.76,40,0.651,0.738,2,0.725,0.0,0.276,80.0,0
gig_worker,15283.15,45,0.679,0.794,1,0.666,0.0,0.131,59.4,0
kirana_merchant,25262.85,55,0.854,0.481,11,0.456,0.435,0.26,49.1,0
gig_worker,15732.03,51,0.809,0.724,15,0.394,0.0,0.182,68.0,0
gig_worker,17598.13,45,0.805,0.154,6,0.201,0.0,0.283,63.1,0
gig_worker,13983.84,47,0.748,0.456,6,0.327,0.0,0.264,60.2,0
kirana_merchant,24915.61,37,0.88,0.124,4,0.66,0.65,0.103,82.6,0
kirana_merchant,17444.44,32,1.042,0.832,2,0.645,0.172,0.069,52.7,0
gig_worker,42335.96,49,0.68,0.867,3,0.789,0.0,0.142,52.8,1
kirana_merchant,32955.89,42,0.708,0.167,7,0.226,0.661,0.107,83.9,0
gig_worker,25979.79,46,0.935,0.526,6,0.836,0.0,0.137,74.1,0
gig_worker,18056.43,49,0.628,0.36,6,0.665,0.0,0.042,61.9,1
kirana_merchant,32541.13,47,0.937,0.374,8,0.418,0.809,0.17,40.8,0
kirana_merchant,38000.34,45,0.757,0.461,5,0.548,0.617,0.24,69.7,0
kirana_merchant,28892.7,55,0.779,0.2,4,0.839,0.304,0.135,32.6,1
gig_worker,59985.07,46,0.803,0.245,16,0.589,0.0,0.246,66.2,0
freelancer,33854.21,34,0.775,0.562,9,0.766,0.0,0.241,44.4,0
kirana_merchant,42480.64,53,1.021,0.115,2,0.526,0.621,0.044,40.3,0
kirana_merchant,28761.2,47,1.073,0.58,1,0.637,0.432,0.289,66.0,0
kirana_merchant,37715.72,48,0.874,0.355,1,0.866,0.694,0.056,31.7,0
freelancer,18062.79,43,0.891,0.766,0,0.597,0.0,0.187,25.7,1
kirana_merchant,21392.61,51,0.635,0.58,0,0.65,0.619,0.314,38.1,0
kirana_merchant,32038.12,36,0.957,0.666,1,0.538,0.797,0.322,39.7,1
freelancer,31921.97,52,0.892,0.192,2,0.353,0.0,0.152,41.2,1
kirana_merchant,34676.1,47,0.625,0.313,0,0.979,0.678,0.02,40.8,0
kirana_merchant,46639.19,56,0.699,0.897,3,0.216,0.97,0.208,32.5,0
kirana_merchant,13193.96,39,0.701,0.447,1,0.299,0.876,0.349,52.0,1
gig_worker,16527.38,35,0.685,0.387,2,0.77,0.0,0.241,61.0,0
gig_worker,30175.52,37,0.929,0.799,3,0.793,0.0,0.089,83.8,0
kirana_merchant,18728.81,47,1.064,0.126,10,0.325,0.239,0.198,13.2,0
freelancer,145638.69,46,0.981,0.528,15,0.707,0.0,0.204,39.7,1
freelancer,34816.96,49,0.839,0.268,8,0.908,0.0,0.27,35.0,0
gig_worker,25869.88,47,0.802,0.395,12,0.84,0.0,0.3,77.4,0
kirana_merchant,20790.79,45,0.793,0.26,12,0.204,0.655,0.299,52.1,0
gig_worker,21161.08,50,0.901,0.13,0,0.232,0.0,0.304,72.5,0
freelancer,27311.7,49,0.78,0.433,1,0.573,0.0,0.315,67.2,0
freelancer,28452.49,42,0.713,0.731,1,0.482,0.0,0.143,45.7,0
kirana_merchant,21410.79,65,0.901,0.862,6,0.275,0.902,0.145,73.4,0
freelancer,23468.72,42,0.795,0.599,1,0.354,0.0,0.173,40.4,1
kirana_merchant,52687.96,41,0.607,0.411,0,0.954,0.631,0.254,34.3,0
kirana_merchant,53758.25,52,0.611,0.716,0,0.494,0.499,0.027,10.9,1
gig_worker,30516.32,48,0.737,0.504,3,0.377,0.0,0.152,77.2,0
kirana_merchant,13757.92,51,0.856,0.394,0,0.33,0.421,0.047,54.3,0
kirana_merchant,35215.85,34,0.777,0.243,5,0.672,0.453,0.236,23.9,1
kirana_merchant,58521.02,41,0.612,0.737,5,0.572,0.15,0.12,44.7,0
gig_worker,53363.94,45,0.712,0.5,13,0.473,0.0,0.041,52.4,1
freelancer,38840.27,46,0.648,0.871,2,0.495,0.0,0.056,48.5,0
gig_worker,54787.18,45,1.074,0.742,0,0.362,0.0,0.316,81.4,0
kirana_merchant,27630.96,38,0.756,0.436,9,0.797,0.78,0.3,14.6,1
kirana_merchant,36829.39,48,0.607,0.693,3,0.799,0.847,0.268,20.5,0
kirana_merchant,19141.47,54,0.93,0.463,6,0.226,0.114,0.112,11.1,1
kirana_merchant,31136.4,49,0.716,0.164,0,0.372,0.944,0.184,49.9,0
gig_worker,52300.81,35,0.883,0.513,15,0.249,0.0,0.331,77.3,1
gig_worker,20036.05,39,0.675,0.793,3,0.27,0.0,0.308,84.2,0
kirana_merchant,17488.14,37,1.092,0.784,0,0.966,0.003,0.25,26.5,0
kirana_merchant,28247.05,51,1.085,0.56,2,0.564,0.948,0.282,36.7,0
gig_worker,24020.64,44,0.928,0.404,4,0.36,0.0,0.027,61.2,0
kirana_merchant,37218.97,49,0.954,0.108,4,0.972,0.269,0.26,29.3,0
kirana_merchant,21447.65,42,0.813,0.349,10,0.581,0.474,0.179,28.9,0
kirana_merchant,63526.97,39,1.081,0.892,2,0.748,0.158,0.082,23.4,1
freelancer,14117.38,39,0.812,0.681,7,0.966,0.0,0.336,41.8,0
gig_worker,50355.71,40,0.72,0.674,1,0.944,0.0,0.307,92.4,0
gig_worker,18353.5,38,0.658,0.709,3,0.972,0.0,0.298,84.3,0
kirana_merchant,10960.01,43,0.704,0.596,0,0.872,0.154,0.155,37.5,0
kirana_merchant,30301.05,57,0.886,0.569,7,0.761,0.944,0.093,42.3,0
kirana_merchant,23687.34,51,0.723,0.463,9,0.367,0.711,0.236,50.3,0
freelancer,15447.39,45,0.927,0.455,12,0.346,0.0,0.185,38.3,1
freelancer,11606.4,43,0.791,0.797,0,0.482,0.0,0.243,22.5,0
freelancer,26790.95,50,1.043,0.415,1,0.92,0.0,0.156,42.7,0
kirana_merchant,43823.19,52,0.879,0.772,4,0.398,0.415,0.325,52.2,1
kirana_merchant,36043.32,47,0.911,0.77,0,0.368,0.989,0.336,28.9,0
kirana_merchant,27676.9,55,0.878,0.717,0,0.661,0.456,0.282,46.0,0
gig_worker,34180.95,53,1.043,0.13,0,0.385,0.0,0.119,68.9,1
kirana_merchant,26539.59,42,0.632,0.218,4,0.664,0.538,0.073,51.6,0
gig_worker,13162.64,36,0.634,0.352,25,0.721,0.0,0.165,62.8,1
freelancer,13220.88,39,0.951,0.778,0,0.483,0.0,0.166,64.9,0
kirana_merchant,24304.47,29,0.984,0.799,4,0.563,0.962,0.292,21.7,1
kirana_merchant,24826.66,41,0.817,0.133,1,0.574,0.61,0.027,73.0,0
gig_worker,41171.08,43,0.776,0.36,5,0.296,0.0,0.05,60.3,1
gig_worker,39287.12,43,0.739,0.78,12,0.29,0.0,0.132,79.8,0
gig_worker,36408.83,46,0.717,0.3,2,0.319,0.0,0.06,56.8,0
kirana_merchant,23385.2,51,1.056,0.881,3,0.806,0.36,0.146,31.9,0
gig_worker,13489.59,49,0.748,0.491,11,0.814,0.0,0.09,59.4,0
kirana_merchant,33058.55,38,0.924,0.85,0,0.544,0.123,0.344,35.7,0
freelancer,34981.85,38,0.994,0.443,9,0.222,0.0,0.191,21.7,0
freelancer,8149.68,45,0.611,0.359,1,0.211,0.0,0.228,68.4,1
kirana_merchant,17726.76,38,0.617,0.39,10,0.967,0.97,0.291,60.5,0
gig_worker,19043.34,59,0.767,0.807,2,0.383,0.0,0.189,68.0,0
freelancer,28543.23,41,0.948,0.365,3,0.334,0.0,0.168,50.9,0
freelancer,18003.47,39,0.73,0.635,19,0.268,0.0,0.214,69.9,1
gig_worker,26395.07,43,0.601,0.476,0,0.76,0.0,0.071,86.8,0
kirana_merchant,24215.12,44,0.744,0.853,0,0.782,0.111,0.288,68.3,0
gig_worker,24845.33,35,0.645,0.227,2,0.967,0.0,0.23,89.6,0
freelancer,18803.59,43,0.71,0.443,2,0.874,0.0,0.328,57.8,0
freelancer,19545.64,42,0.767,0.2,5,0.22,0.0,0.267,50.8,0
gig_worker,15675.69,37,0.664,0.563,1,0.851,0.0,0.116,57.5,0
freelancer,32533.76,46,0.953,0.422,9,0.974,0.0,0.291,59.0,0
kirana_merchant,35794.56,49,0.728,0.149,5,0.621,0.751,0.052,44.9,0
freelancer,18300.63,56,0.931,0.78,2,0.331,0.0,0.059,40.8,0
kirana_merchant,57544.86,36,0.9,0.4,6,0.386,0.811,0.317,11.0,0
freelancer,22987.35,38,1.049,0.495,5,0.87,0.0,0.071,24.5,0
gig_worker,57820.16,64,0.644,0.426,0,0.973,0.0,0.049,89.4,0
gig_worker,19514.96,44,0.707,0.491,8,0.965,0.0,0.342,85.9,0
gig_worker,9766.48,41,1.033,0.113,4,0.597,0.0,0.156,83.3,0
freelancer,32895.76,47,1.011,0.752,1,0.693,0.0,0.266,14.4,1
freelancer,30463.14,53,0.696,0.366,1,0.735,0.0,0.267,39.6,1
freelancer,27369.84,47,0.654,0.68,2,0.539,0.0,0.112,35.3,0
freelancer,19513.93,42,1.028,0.152,3,0.951,0.0,0.053,46.9,0
gig_worker,26442.13,44,0.689,0.519,0,0.855,0.0,0.072,70.1,0
gig_worker,20834.6,46,1.036,0.827,0,0.308,0.0,0.152,61.3,0
gig_worker,23128.6,46,1.081,0.419,6,0.306,0.0,0.336,63.3,0
gig_worker,40979.05,39,0.71,0.258,4,0.649,0.0,0.146,36.4,0
gig_worker,29498.91,47,1.02,0.179,0,0.629,0.0,0.316,68.1,0
kirana_merchant,36496.65,33,0.812,0.787,9,0.215,0.085,0.286,41.4,0
gig_worker,23958.2,41,0.994,0.291,5,0.564,0.0,0.197,52.5,0
gig_worker,22674.39,45,0.804,0.88,7,0.959,0.0,0.057,65.0,0
gig_worker,15112.22,60,0.635,0.298,0,0.556,0.0,0.258,99.0,0
gig_worker,22358.94,48,0.956,0.485,2,0.738,0.0,0.249,60.5,0
freelancer,5112.49,49,0.675,0.466,8,0.763,0.0,0.173,51.2,1
kirana_merchant,20028.05,41,1.064,0.15,0,0.224,0.019,0.177,44.6,0
freelancer,25824.09,43,0.809,0.525,6,0.423,0.0,0.035,39.2,1
kirana_merchant,35661.85,49,0.641,0.638,2,0.95,0.264,0.14,58.4,0
gig_worker,23521.29,43,0.714,0.694,2,0.608,0.0,0.162,39.1,0
kirana_merchant,32011.06,46,1.031,0.518,17,0.983,0.378,0.078,53.3,0
gig_worker,9046.25,34,0.761,0.75,2,0.916,0.0,0.087,57.7,1
gig_worker,26149.4,54,1.028,0.702,6,0.424,0.0,0.109,81.5,0
gig_worker,11617.28,50,0.686,0.255,6,0.413,0.0,0.188,77.2,0
gig_worker,14703.61,42,0.834,0.421,1,0.484,0.0,0.044,48.4,0
gig_worker,24499.73,48,1.039,0.214,1,0.607,0.0,0.182,93.6,0
gig_worker,50926.16,45,0.624,0.207,1,0.918,0.0,0.138,82.3,0
kirana_merchant,32389.95,44,0.752,0.67,0,0.601,0.446,0.19,46.1,0
gig_worker,27149.54,30,1.055,0.524,6,0.827,0.0,0.202,99.0,0
gig_worker,26641.75,47,0.898,0.581,7,0.663,0.0,0.294,60.9,1
freelancer,18829.6,39,0.958,0.686,1,0.383,0.0,0.141,32.9,0
gig_worker,20496.48,54,1.021,0.322,0,0.537,0.0,0.294,86.9,0
gig_worker,33312.5,52,0.862,0.421,1,0.53,0.0,0.05,84.6,0
freelancer,13457.88,45,1.023,0.585,7,0.994,0.0,0.029,43.5,0
gig_worker,36189.6,49,0.919,0.177,2,0.64,0.0,0.08,59.9,0
gig_worker,22153.4,35,0.943,0.766,2,0.261,0.0,0.204,77.0,1
kirana_merchant,40650.99,45,0.676,0.375,0,0.66,0.781,0.28,91.1,0
gig_worker,43501.33,51,1.07,0.627,4,0.653,0.0,0.338,88.5,0
kirana_merchant,11654.62,38,0.998,0.896,2,0.584,0.208,0.109,55.6,0
freelancer,20114.77,51,0.727,0.48,1,0.457,0.0,0.129,86.8,0
gig_worker,17539.95,47,0.89,0.272,15,0.398,0.0,0.104,87.9,0
kirana_merchant,10868.63,43,0.788,0.273,14,0.364,0.55,0.123,53.8,0
kirana_merchant,16054.32,47,0.93,0.148,3,0.273,0.45,0.15,39.5,0
gig_worker,91183.38,48,1.097,0.714,25,0.503,0.0,0.223,65.5,0
kirana_merchant,36488.59,51,0.623,0.335,5,0.776,0.9,0.203,24.9,0
gig_worker,70167.74,40,1.076,0.238,3,0.664,0.0,0.039,71.0,0
kirana_merchant,40723.04,48,0.636,0.671,9,0.212,0.64,0.194,35.0,1
gig_worker,18565.84,46,0.83,0.347,1,0.867,0.0,0.275,69.8,0
kirana_merchant,22228.14,40,0.841,0.58,5,0.52,0.551,0.238,48.0,0
gig_worker,36106.14,38,0.734,0.434,1,0.762,0.0,0.236,64.3,0
freelancer,33481.66,45,0.883,0.367,12,0.811,0.0,0.051,50.2,0
gig_worker,20157.45,48,1.017,0.492,3,0.581,0.0,0.191,69.5,1
kirana_merchant,12644.83,32,0.747,0.351,5,0.834,0.697,0.107,36.4,0
kirana_merchant,139229.73,43,0.635,0.796,1,0.688,0.233,0.274,55.9,0
kirana_merchant,25069.95,40,0.916,0.158,8,0.837,0.201,0.038,45.7,0
kirana_merchant,22859.69,37,0.976,0.124,1,0.746,0.684,0.221,26.5,0
kirana_merchant,28471.74,55,1.077,0.425,0,0.331,0.615,0.065,20.2,1
kirana_merchant,23828.45,49,0.68,0.238,1,0.393,0.822,0.189,37.6,0
freelancer,28605.79,42,1.051,0.695,1,0.54,0.0,0.032,60.1,1
gig_worker,51198.92,58,0.841,0.383,6,0.503,0.0,0.187,79.1,0
kirana_merchant,25278.91,49,0.718,0.309,0,0.449,0.19,0.236,53.8,1
freelancer,15042.65,37,1.081,0.388,2,0.57,0.0,0.134,33.0,0
freelancer,24814.37,42,0.719,0.276,2,0.617,0.0,0.331,41.4,0
freelancer,21328.49,41,0.967,0.34,0,0.928,0.0,0.162,48.3,0
gig_worker,54827.63,34,0.992,0.554,1,0.44,0.0,0.12,69.7,1
gig_worker,48318.0,42,0.815,0.791,2,0.244,0.0,0.288,52.5,0
kirana_merchant,28389.16,38,0.945,0.397,11,0.451,0.619,0.089,31.2,1
kirana_merchant,14194.82,49,0.886,0.357,1,0.773,0.344,0.284,31.2,0
kirana_merchant,14574.87,35,0.696,0.725,5,0.505,0.403,0.304,84.1,1
kirana_merchant,27107.39,40,0.98,0.118,7,0.355,0.591,0.109,49.0,0
freelancer,31829.9,48,1.064,0.342,1,0.51,0.0,0.244,32.3,0
gig_worker,22307.73,46,0.844,0.462,8,0.776,0.0,0.167,53.1,0
freelancer,21161.0,53,1.097,0.581,4,0.275,0.0,0.207,48.2,1
kirana_merchant,20002.26,42,0.814,0.225,3,0.757,0.138,0.213,51.5,0
gig_worker,26590.33,36,0.84,0.446,2,0.309,0.0,0.086,73.9,0
kirana_merchant,8173.22,49,0.937,0.553,8,0.984,0.718,0.303,51.3,0
kirana_merchant,15511.5,46,0.693,0.508,1,0.555,0.5,0.345,25.8,0
gig_worker,19662.62,45,1.051,0.56,2,0.513,0.0,0.191,72.0,0
gig_worker,49205.05,40,1.001,0.63,2,0.668,0.0,0.062,73.5,0
freelancer,17909.62,46,1.036,0.403,2,0.316,0.0,0.263,47.6,1
gig_worker,29443.67,45,0.905,0.151,3,0.466,0.0,0.074,85.8,0
kirana_merchant,30129.84,41,1.042,0.144,6,0.657,0.509,0.034,5.0,0
kirana_merchant,51480.49,42,0.94,0.787,4,0.255,0.449,0.175,40.4,1
kirana_merchant,50578.85,39,0.856,0.642,7,0.405,0.813,0.244,58.3,0
kirana_merchant,26140.69,49,1.066,0.711,12,0.598,0.377,0.184,71.0,1
gig_worker,21210.63,39,0.82,0.843,4,0.739,0.0,0.084,57.4,1
kirana_merchant,19304.31,43,0.85,0.7,5,0.449,0.336,0.179,43.1,0
gig_worker,23848.3,46,0.685,0.654,2,0.7,0.0,0.074,81.3,0
kirana_merchant,21654.82,33,1.074,0.625,13,0.401,0.672,0.321,53.8,0
gig_worker,35483.17,43,0.711,0.307,5,0.548,0.0,0.162,54.7,0
kirana_merchant,33195.01,47,0.701,0.866,4,0.538,0.654,0.125,26.3,0
gig_worker,36166.94,42,0.651,0.534,1,0.228,0.0,0.279,42.2,1
gig_worker,50495.62,41,0.827,0.278,1,0.952,0.0,0.201,65.6,0
gig_worker,68284.26,47,0.737,0.268,0,0.803,0.0,0.065,60.3,0
gig_worker,28633.47,44,0.97,0.752,1,0.67,0.0,0.057,42.0,0
freelancer,46617.53,59,0.754,0.3,5,0.459,0.0,0.108,42.6,0
gig_worker,22565.33,48,0.96,0.133,1,0.86,0.0,0.272,68.2,0
freelancer,48654.69,33,0.698,0.443,1,0.764,0.0,0.169,44.7,0
freelancer,45741.19,37,0.715,0.754,8,0.311,0.0,0.082,41.5,0
kirana_merchant,44542.9,43,1.003,0.432,12,0.651,0.993,0.033,57.1,0
gig_worker,28198.81,53,0.786,0.743,2,0.411,0.0,0.143,67.5,0
gig_worker,19260.68,42,0.656,0.762,5,0.781,0.0,0.098,71.9,0
kirana_merchant,13396.33,47,1.081,0.786,0,0.538,0.186,0.333,41.1,1
gig_worker,26369.98,50,0.689,0.571,3,0.403,0.0,0.086,85.4,0
gig_worker,57901.95,46,0.675,0.66,0,0.935,0.0,0.252,82.0,0
kirana_merchant,23042.08,51,0.779,0.309,2,0.929,0.82,0.096,51.8,0
freelancer,39837.47,39,0.648,0.18,0,0.857,0.0,0.041,15.8,0
kirana_merchant,41026.59,57,0.678,0.526,8,0.277,0.404,0.024,75.9,1
gig_worker,23345.44,56,1.023,0.108,0,0.804,0.0,0.108,65.4,0
kirana_merchant,51957.04,34,0.686,0.473,11,0.265,0.531,0.319,39.2,0
gig_worker,6283.42,38,0.656,0.182,1,0.284,0.0,0.098,95.4,0
gig_worker,14597.78,36,1.04,0.187,2,0.33,0.0,0.202,73.3,0
freelancer,17020.67,40,0.822,0.797,2,0.751,0.0,0.1,30.4,0
gig_worker,17856.85,50,0.679,0.612,1,0.507,0.0,0.255,82.2,0
gig_worker,31828.95,41,0.891,0.616,5,0.875,0.0,0.273,57.8,0
gig_worker,31101.74,50,0.621,0.424,0,0.797,0.0,0.089,48.3,0
freelancer,32761.04,56,0.814,0.431,3,0.814,0.0,0.037,25.0,0
kirana_merchant,36244.42,41,0.895,0.342,9,0.945,0.16,0.063,72.2,0
kirana_merchant,16729.81,35,1.079,0.447,2,0.676,0.201,0.182,30.0,0
kirana_merchant,14631.21,45,0.763,0.57,0,0.883,0.997,0.153,38.3,0
gig_worker,32799.21,38,0.983,0.249,4,0.405,0.0,0.054,74.4,0
kirana_merchant,19631.37,33,0.666,0.309,2,0.934,0.951,0.058,53.1,0
gig_worker,12268.16,54,0.817,0.496,3,0.951,0.0,0.204,77.1,0
gig_worker,43724.86,39,0.712,0.408,3,0.512,0.0,0.348,59.3,1
kirana_merchant,54043.85,52,0.846,0.756,5,0.467,0.034,0.326,69.0,0
freelancer,58605.3,51,0.809,0.757,0,0.439,0.0,0.313,34.3,0
gig_worker,29540.1,44,1.09,0.369,7,0.585,0.0,0.045,88.5,0
gig_worker,36789.44,49,1.059,0.461,2,0.73,0.0,0.057,55.9,0
gig_worker,53366.27,43,0.891,0.881,3,0.605,0.0,0.254,78.4,0
gig_worker,19521.9,45,0.688,0.762,7,0.622,0.0,0.313,80.4,0
freelancer,46879.64,61,0.878,0.273,4,0.248,0.0,0.119,24.3,1
kirana_merchant,30874.88,53,0.996,0.324,5,0.918,0.24,0.184,55.6,0
kirana_merchant,42482.85,35,0.619,0.167,0,0.34,0.837,0.149,21.4,0
kirana_merchant,29526.59,53,0.817,0.642,10,0.778,0.573,0.065,27.6,1
gig_worker,51437.79,43,0.621,0.354,2,0.442,0.0,0.159,81.9,0
kirana_merchant,30084.4,55,0.722,0.529,0,0.576,0.148,0.159,20.4,0
kirana_merchant,12810.37,44,0.646,0.715,6,0.206,0.659,0.23,55.4,0
kirana_merchant,55601.38,30,1.08,0.769,13,0.853,0.195,0.268,26.8,1
freelancer,16751.36,45,0.684,0.36,18,0.969,0.0,0.279,47.4,0
kirana_merchant,50338.68,45,0.675,0.29,18,0.299,0.435,0.074,15.7,0
gig_worker,25716.25,52,1.086,0.779,12,0.354,0.0,0.223,67.7,0
freelancer,48436.33,58,0.858,0.405,7,0.258,0.0,0.096,43.9,1
gig_worker,47447.75,37,0.979,0.758,11,0.263,0.0,0.276,98.3,0
gig_worker,33358.62,30,0.764,0.22,7,0.639,0.0,0.183,61.0,0
gig_worker,34692.11,45,0.866,0.83,0,0.331,0.0,0.138,46.6,0
gig_worker,33233.52,44,0.603,0.487,1,0.377,0.0,0.309,55.9,0
kirana_merchant,9828.95,36,0.804,0.236,1,0.561,0.993,0.306,53.9,0
kirana_merchant,28542.95,49,0.878,0.528,0,0.585,0.647,0.326,75.2,0
freelancer,15397.62,43,0.857,0.796,1,0.43,0.0,0.209,26.0,1
kirana_merchant,29307.35,45,0.803,0.411,4,0.985,0.505,0.243,59.3,0
kirana_merchant,15192.07,44,0.994,0.242,0,0.291,0.395,0.162,45.4,0
gig_worker,14876.29,50,0.851,0.561,3,0.353,0.0,0.317,78.3,1
gig_worker,60022.05,41,0.918,0.768,1,0.543,0.0,0.181,68.8,0
kirana_merchant,45923.11,38,0.692,0.197,0,0.432,0.454,0.263,26.8,0
kirana_merchant,26847.52,49,1.031,0.133,8,0.866,0.639,0.298,64.7,0
freelancer,29507.04,28,0.781,0.145,2,0.341,0.0,0.162,29.2,0
gig_worker,23766.73,55,0.841,0.284,7,0.772,0.0,0.297,61.1,0
gig_worker,35772.62,52,0.776,0.106,1,0.301,0.0,0.313,74.7,0
kirana_merchant,19186.7,45,1.046,0.443,0,0.414,0.852,0.023,41.9,0
gig_worker,44217.24,47,1.05,0.658,0,0.792,0.0,0.164,99.0,1
gig_worker,23705.36,45,0.712,0.668,8,0.271,0.0,0.335,73.4,1
kirana_merchant,21808.97,38,0.976,0.609,2,0.926,0.473,0.038,44.1,0
gig_worker,27196.85,49,0.651,0.337,0,0.457,0.0,0.165,86.3,0
kirana_merchant,20018.79,44,0.615,0.689,4,0.467,0.137,0.289,44.6,1
gig_worker,31708.54,47,1.018,0.561,11,0.388,0.0,0.18,81.1,0
gig_worker,20564.44,50,0.666,0.789,6,0.897,0.0,0.261,76.9,1
gig_worker,34004.96,47,0.677,0.482,8,0.712,0.0,0.304,85.8,0
freelancer,49414.7,45,0.903,0.244,4,0.235,0.0,0.087,52.0,0
gig_worker,18776.08,39,1.008,0.608,2,0.932,0.0,0.09,59.8,0
kirana_merchant,25202.85,45,0.695,0.221,1,0.945,0.062,0.266,26.6,0
gig_worker,33882.89,36,0.657,0.871,4,0.64,0.0,0.138,55.8,1
kirana_merchant,21635.08,45,0.639,0.663,0,0.452,0.33,0.119,50.2,1
gig_worker,33933.58,44,0.612,0.705,0,0.329,0.0,0.222,92.5,0
kirana_merchant,35514.61,42,0.658,0.643,0,0.409,0.322,0.339,15.8,1
kirana_merchant,46241.41,40,1.071,0.178,25,0.901,0.066,0.08,73.7,1
freelancer,19870.77,53,0.648,0.472,2,0.365,0.0,0.256,49.4,0
gig_worker,16791.24,46,0.899,0.621,4,0.319,0.0,0.241,55.3,0
gig_worker,23068.22,43,1.06,0.283,4,0.462,0.0,0.27,66.9,1
gig_worker,16582.84,44,0.914,0.644,1,0.441,0.0,0.197,59.1,0
freelancer,35676.56,52,0.616,0.756,3,0.792,0.0,0.275,54.5,0
kirana_merchant,15049.87,44,0.898,0.32,5,0.507,0.055,0.022,55.9,0
kirana_merchant,86379.72,49,1.052,0.26,3,0.363,0.218,0.211,38.6,0
gig_worker,51429.33,50,0.761,0.807,0,0.315,0.0,0.064,71.7,0
gig_worker,27072.88,48,0.757,0.104,1,0.597,0.0,0.224,83.1,0
gig_worker,41510.32,55,0.724,0.305,29,0.958,0.0,0.267,68.3,1
freelancer,11867.98,41,0.853,0.425,1,0.532,0.0,0.165,23.7,0
kirana_merchant,95005.18,42,0.719,0.638,7,0.229,0.915,0.243,42.2,0
freelancer,20028.12,55,0.962,0.898,3,0.419,0.0,0.339,40.6,1
gig_worker,25330.17,46,0.922,0.397,10,0.463,0.0,0.335,57.4,0
kirana_merchant,10636.36,40,0.8,0.859,0,0.696,0.721,0.118,39.1,0
kirana_merchant,34308.34,43,0.961,0.393,3,0.894,0.078,0.087,43.1,0
gig_worker,15472.63,42,0.649,0.656,2,0.971,0.0,0.233,72.3,0
freelancer,28305.97,41,0.975,0.232,11,0.388,0.0,0.179,55.0,0
freelancer,20493.49,54,0.901,0.468,3,0.883,0.0,0.051,44.4,1
freelancer,15695.48,55,0.915,0.797,19,0.276,0.0,0.055,43.3,1
kirana_merchant,17994.46,34,0.632,0.356,6,0.651,0.984,0.12,26.2,0
gig_worker,30118.47,43,0.909,0.184,1,0.477,0.0,0.35,65.1,0
gig_worker,14175.27,48,0.847,0.518,3,0.297,0.0,0.131,75.8,0
freelancer,18501.26,41,0.843,0.452,2,0.356,0.0,0.049,35.0,0
gig_worker,37482.77,40,0.761,0.284,1,0.415,0.0,0.136,84.0,0
kirana_merchant,98838.25,34,0.604,0.824,3,0.774,0.089,0.091,54.5,0
kirana_merchant,34159.45,56,0.811,0.581,1,0.992,0.34,0.137,11.0,0
kirana_merchant,17006.81,40,0.8,0.378,1,0.226,0.804,0.188,47.9,0
freelancer,22391.64,61,0.811,0.897,12,0.839,0.0,0.328,43.2,0
gig_worker,27331.48,53,0.906,0.21,1,0.609,0.0,0.029,43.1,1
gig_worker,22590.56,61,0.75,0.778,0,0.293,0.0,0.267,76.9,1
gig_worker,42257.16,60,0.735,0.284,5,0.386,0.0,0.025,99.0,0
kirana_merchant,29993.52,46,0.849,0.292,0,0.541,0.002,0.054,35.8,1
gig_worker,42358.58,50,0.896,0.499,0,0.779,0.0,0.156,65.4,0
gig_worker,22989.16,43,0.884,0.63,8,0.393,0.0,0.301,75.1,1
freelancer,52195.42,60,1.041,0.652,0,0.712,0.0,0.208,51.5,0
freelancer,24754.37,47,0.985,0.118,4,0.419,0.0,0.233,49.8,0
gig_worker,16554.36,48,0.626,0.329,3,0.86,0.0,0.036,60.7,0
gig_worker,79910.31,55,0.882,0.628,0,0.445,0.0,0.295,76.6,0
freelancer,10802.27,53,0.809,0.812,0,0.858,0.0,0.129,30.4,0
gig_worker,18594.68,34,0.781,0.636,16,0.457,0.0,0.076,63.9,1
gig_worker,19662.84,46,1.079,0.313,1,0.639,0.0,0.034,84.0,0
gig_worker,94292.14,41,0.828,0.506,5,0.833,0.0,0.305,99.0,0
kirana_merchant,66398.48,41,0.96,0.618,4,0.277,0.76,0.156,40.6,0
gig_worker,56781.4,43,1.084,0.208,16,0.334,0.0,0.271,63.6,0
freelancer,22803.53,43,0.676,0.536,1,0.965,0.0,0.197,19.6,0
kirana_merchant,90498.54,48,0.627,0.477,0,0.345,0.489,0.21,62.1,0
kirana_merchant,32343.75,39,0.757,0.369,0,0.918,0.38,0.337,78.8,0
gig_worker,43854.46,44,0.622,0.599,15,0.611,0.0,0.24,51.0,1
kirana_merchant,29432.29,44,0.658,0.609,6,0.287,0.886,0.215,38.7,0
kirana_merchant,26245.94,46,1.096,0.877,1,0.582,0.437,0.203,8.8,0
kirana_merchant,23720.87,56,1.08,0.443,1,0.648,0.476,0.197,54.2,0
kirana_merchant,24225.96,37,0.946,0.525,1,0.324,0.527,0.338,33.4,0
kirana_merchant,36470.02,43,0.976,0.226,0,0.812,0.52,0.134,28.4,0
freelancer,32325.12,52,0.67,0.539,1,0.293,0.0,0.031,26.7,0
freelancer,26483.16,49,0.898,0.129,4,0.282,0.0,0.055,15.8,1
kirana_merchant,57225.91,55,0.677,0.22,8,0.659,0.834,0.282,63.4,0
gig_worker,6103.54,41,0.789,0.237,5,0.867,0.0,0.324,83.1,0
gig_worker,34715.57,43,0.773,0.606,0,0.692,0.0,0.043,91.0,0
gig_worker,38517.55,48,0.907,0.554,9,0.237,0.0,0.051,64.6,1
kirana_merchant,47737.92,54,0.64,0.738,1,0.55,0.361,0.052,50.1,0
kirana_merchant,26044.56,45,0.652,0.472,5,0.778,0.258,0.079,51.1,0
kirana_merchant,29850.59,48,0.905,0.48,2,0.411,0.835,0.06,52.0,0
freelancer,44045.31,36,0.918,0.229,1,0.757,0.0,0.143,28.8,0
freelancer,56703.05,36,0.77,0.694,10,0.515,0.0,0.153,44.9,0
freelancer,23149.58,38,0.673,0.103,3,0.973,0.0,0.193,49.0,0
gig_worker,30745.16,54,1.043,0.44,5,0.587,0.0,0.28,75.4,0
kirana_merchant,62273.23,45,0.626,0.251,6,0.88,0.086,0.212,47.9,0
gig_worker,9302.02,37,0.959,0.717,0,0.479,0.0,0.049,97.2,0
gig_worker,19053.26,45,0.67,0.639,3,0.792,0.0,0.286,82.9,0
gig_worker,55989.42,43,0.919,0.665,2,0.461,0.0,0.267,60.8,0
gig_worker,46456.37,37,0.932,0.219,1,0.428,0.0,0.273,67.5,0
kirana_merchant,34934.24,38,1.002,0.635,2,0.34,0.338,0.209,70.4,0
freelancer,21497.71,51,0.798,0.653,1,0.712,0.0,0.159,76.0,1
gig_worker,17310.88,39,0.611,0.102,7,0.583,0.0,0.076,64.0,0
kirana_merchant,20018.1,38,1.006,0.354,5,0.489,0.435,0.333,52.8,0
kirana_merchant,58337.72,40,0.822,0.17,1,0.244,0.449,0.307,50.3,0
gig_worker,19648.94,41,1.024,0.645,1,0.727,0.0,0.102,78.6,0
kirana_merchant,28302.67,35,0.988,0.27,5,0.748,0.767,0.126,31.1,0
gig_worker,18456.03,42,0.849,0.312,2,0.456,0.0,0.04,80.1,0
kirana_merchant,41002.45,33,1.1,0.163,5,0.728,0.418,0.266,31.2,0
kirana_merchant,20550.42,37,0.831,0.487,5,0.904,0.449,0.237,15.9,0
gig_worker,25621.91,38,0.948,0.126,1,0.478,0.0,0.28,83.8,0
gig_worker,11594.76,43,0.935,0.776,18,0.776,0.0,0.054,97.7,0
kirana_merchant,12007.85,42,0.859,0.121,0,0.876,0.833,0.056,37.6,0
freelancer,27006.6,40,0.893,0.149,1,0.55,0.0,0.301,36.2,0
gig_worker,13869.14,43,0.999,0.612,4,0.323,0.0,0.247,59.3,0
kirana_merchant,77075.7,34,0.886,0.834,2,0.231,0.638,0.119,47.0,0
kirana_merchant,9597.31,41,0.825,0.814,1,0.792,0.383,0.167,42.0,1
freelancer,18032.16,36,0.931,0.167,0,0.618,0.0,0.158,23.2,0
freelancer,27128.78,41,0.618,0.331,6,0.341,0.0,0.18,27.1,0
kirana_merchant,22413.83,44,0.655,0.517,3,0.209,0.317,0.144,12.1,0
kirana_merchant,15489.65,46,0.663,0.121,0,0.541,0.852,0.336,16.7,0
freelancer,16664.5,42,0.813,0.523,1,0.544,0.0,0.135,6.4,0
gig_worker,16394.04,35,1.036,0.458,0,0.978,0.0,0.148,62.3,1
gig_worker,23310.03,43,0.922,0.571,10,0.312,0.0,0.3,67.7,0
gig_worker,71393.67,45,1.086,0.836,4,0.349,0.0,0.023,76.9,0
freelancer,27972.26,38,0.62,0.32,1,0.963,0.0,0.278,50.7,0
freelancer,48603.47,43,0.961,0.611,2,0.274,0.0,0.097,14.3,0
gig_worker,34665.08,41,0.757,0.444,6,0.854,0.0,0.214,86.1,0
kirana_merchant,46954.35,43,0.612,0.448,1,0.863,0.537,0.106,38.8,0
kirana_merchant,6634.36,49,1.013,0.618,1,0.376,0.61,0.308,54.4,0
gig_worker,23104.23,41,0.681,0.861,1,0.489,0.0,0.325,81.0,0
freelancer,51718.34,50,0.707,0.79,1,0.929,0.0,0.08,39.5,0
gig_worker,20214.03,47,0.77,0.612,1,0.71,0.0,0.311,77.6,0
gig_worker,64941.14,49,0.994,0.469,6,0.872,0.0,0.064,81.8,0
kirana_merchant,56497.13,51,0.912,0.439,6,0.856,0.056,0.165,84.4,0
kirana_merchant,21278.12,47,0.732,0.73,0,0.613,0.626,0.026,89.1,0
gig_worker,20919.11,59,0.684,0.275,1,0.251,0.0,0.15,67.3,0
kirana_merchant,16206.98,34,0.655,0.57,0,0.631,0.638,0.047,66.8,0
kirana_merchant,19637.63,48,0.675,0.504,0,0.222,0.814,0.237,44.9,0
gig_worker,14526.15,50,1.034,0.619,4,0.461,0.0,0.242,80.8,0
gig_worker,33336.41,48,1.061,0.25,7,0.302,0.0,0.059,62.2,0
kirana_merchant,12990.54,47,1.084,0.657,1,0.536,0.504,0.284,63.0,0
gig_worker,36383.35,49,1.017,0.602,1,0.274,0.0,0.093,80.4,0
freelancer,36828.94,41,1.044,0.244,0,0.521,0.0,0.119,54.5,0
freelancer,11724.05,38,1.008,0.46,3,0.227,0.0,0.057,26.0,0
freelancer,58390.55,54,1.079,0.643,0,0.454,0.0,0.296,5.0,0
gig_worker,34780.24,35,1.023,0.821,2,0.518,0.0,0.184,99.0,0
freelancer,39137.99,45,0.831,0.198,4,0.372,0.0,0.302,26.0,0
kirana_merchant,18410.33,43,0.762,0.107,3,0.968,0.092,0.16,42.4,0
gig_worker,36724.14,45,0.892,0.232,7,0.433,0.0,0.149,98.5,0
gig_worker,47249.47,44,0.904,0.891,0,0.688,0.0,0.172,57.8,1
gig_worker,25608.91,41,0.887,0.715,3,0.423,0.0,0.18,80.1,0
kirana_merchant,73200.77,41,0.953,0.591,5,0.837,0.479,0.147,77.5,0
kirana_merchant,27502.5,35,0.949,0.206,10,0.748,0.062,0.172,49.0,0
gig_worker,47590.71,51,0.644,0.433,1,0.83,0.0,0.179,99.0,0
kirana_merchant,31147.97,45,0.743,0.672,5,0.331,0.994,0.347,45.5,0
gig_worker,36053.56,41,1.045,0.817,3,0.481,0.0,0.228,86.9,1
kirana_merchant,11664.83,42,0.895,0.405,0,0.362,0.782,0.302,42.1,0
gig_worker,32387.47,51,0.764,0.9,0,0.764,0.0,0.181,61.3,1
freelancer,18629.7,51,1.025,0.212,5,0.743,0.0,0.213,39.3,0
freelancer,17620.19,45,0.725,0.41,18,0.98,0.0,0.031,5.0,1
kirana_merchant,64347.39,37,0.805,0.8,7,0.922,0.453,0.114,28.7,1
gig_worker,24175.98,48,0.738,0.62,4,0.949,0.0,0.285,69.5,0
gig_worker,16290.69,45,1.036,0.749,1,0.664,0.0,0.131,77.3,0
freelancer,22481.19,45,0.964,0.826,11,0.319,0.0,0.259,62.4,0
gig_worker,14041.53,50,0.83,0.506,12,0.947,0.0,0.03,68.2,0
gig_worker,55102.05,43,1.066,0.288,1,0.899,0.0,0.204,61.8,0
gig_worker,18999.34,55,1.064,0.655,0,0.531,0.0,0.346,76.0,1
kirana_merchant,35054.17,45,0.956,0.551,16,0.642,0.084,0.256,33.6,1
kirana_merchant,53000.33,40,1.046,0.718,0,0.279,0.705,0.251,17.7,0
freelancer,20950.62,33,0.96,0.509,1,0.496,0.0,0.179,25.8,0
gig_worker,35101.92,39,0.914,0.749,1,0.843,0.0,0.113,56.6,0
gig_worker,16073.98,57,0.81,0.822,0,0.982,0.0,0.157,82.7,0
freelancer,91389.4,43,0.737,0.7,1,0.588,0.0,0.19,25.2,1
freelancer,42967.1,45,0.63,0.695,19,0.427,0.0,0.256,47.4,1
gig_worker,24433.17,44,1.0,0.57,0,0.82,0.0,0.074,62.5,0
kirana_merchant,18280.37,40,0.661,0.477,6,0.884,0.073,0.142,49.3,0
gig_worker,25412.63,45,0.805,0.878,9,0.709,0.0,0.303,80.0,0
freelancer,22697.46,34,0.717,0.616,3,0.586,0.0,0.023,25.8,1
gig_worker,71429.93,45,0.827,0.772,3,0.915,0.0,0.291,58.0,0
freelancer,14577.47,52,0.757,0.504,6,0.741,0.0,0.038,47.4,0
kirana_merchant,28778.98,50,1.015,0.544,1,0.201,0.531,0.276,30.2,1
kirana_merchant,26657.64,49,1.089,0.63,9,0.978,0.354,0.347,21.0,0
gig_worker,25369.29,55,1.071,0.683,3,0.771,0.0,0.266,60.1,0
kirana_merchant,25481.08,32,0.911,0.459,1,0.586,0.808,0.196,33.2,0
kirana_merchant,25386.29,42,1.09,0.385,17,0.212,0.702,0.063,61.1,1
gig_worker,41628.2,37,0.8,0.292,21,0.236,0.0,0.039,45.0,0
kirana_merchant,36479.01,44,0.861,0.439,8,0.974,0.969,0.153,67.5,0
freelancer,33171.81,58,0.728,0.269,3,0.837,0.0,0.156,24.0,1
kirana_merchant,5901.76,48,1.049,0.433,6,0.278,0.73,0.097,48.1,1
kirana_merchant,31253.84,49,0.69,0.8,3,0.798,0.258,0.152,57.0,1
gig_worker,11756.72,46,0.905,0.882,21,0.338,0.0,0.116,68.7,1
kirana_merchant,37166.39,42,1.0,0.562,3,0.51,0.546,0.039,28.3,0
gig_worker,56232.42,59,0.898,0.217,0,0.605,0.0,0.168,96.6,0
kirana_merchant,16930.64,43,0.639,0.442,4,0.923,0.14,0.18,39.5,0
freelancer,23602.54,43,0.906,0.582,9,0.242,0.0,0.251,29.9,0
kirana_merchant,19936.79,44,0.984,0.397,5,0.307,0.666,0.202,76.2,0
gig_worker,49896.99,37,0.694,0.264,12,0.818,0.0,0.318,65.6,0
gig_worker,28212.32,35,0.968,0.281,6,0.997,0.0,0.136,42.7,0
kirana_merchant,63841.88,29,1.039,0.479,4,0.821,0.863,0.093,69.6,0
kirana_merchant,33086.38,37,1.093,0.273,2,0.822,0.619,0.042,26.6,0
freelancer,30370.44,33,0.805,0.3,6,0.624,0.0,0.148,65.4,1
freelancer,27836.5,49,0.613,0.798,1,0.476,0.0,0.037,38.9,1
kirana_merchant,40497.52,34,0.81,0.723,1,0.313,0.469,0.179,43.1,0
gig_worker,11284.18,39,0.93,0.144,2,0.346,0.0,0.315,53.6,1
gig_worker,28076.04,47,1.046,0.356,4,0.555,0.0,0.197,79.9,0
gig_worker,25977.26,40,1.069,0.526,0,0.971,0.0,0.236,57.7,0
gig_worker,38665.75,40,1.055,0.148,3,0.686,0.0,0.31,79.8,0
kirana_merchant,24493.16,46,0.929,0.647,4,0.893,0.417,0.064,45.8,0
kirana_merchant,16004.62,47,0.941,0.408,3,0.396,0.695,0.202,65.2,0
kirana_merchant,27002.25,46,0.601,0.418,0,0.514,0.134,0.139,30.2,1
gig_worker,15655.53,44,0.782,0.312,4,0.785,0.0,0.213,54.0,0
gig_worker,10273.97,41,1.053,0.367,8,0.255,0.0,0.063,63.4,0
gig_worker,38698.7,45,0.945,0.789,2,0.42,0.0,0.139,76.9,1
gig_worker,35937.29,48,0.834,0.731,2,0.652,0.0,0.253,92.4,0
freelancer,33980.61,50,0.652,0.849,4,0.76,0.0,0.209,28.8,0
gig_worker,51609.66,50,0.723,0.659,12,0.549,0.0,0.265,69.1,1
kirana_merchant,19292.74,55,0.877,0.562,3,0.893,0.816,0.168,46.3,1
gig_worker,13153.5,53,1.049,0.307,2,0.668,0.0,0.076,59.7,0
freelancer,25977.48,35,0.648,0.633,9,0.721,0.0,0.096,16.4,0
kirana_merchant,22612.31,48,0.677,0.825,21,0.416,0.102,0.274,42.7,0
gig_worker,17656.37,44,0.928,0.155,6,0.462,0.0,0.136,83.9,1
kirana_merchant,25850.25,47,0.747,0.454,16,0.232,0.928,0.154,39.1,1
kirana_merchant,19815.06,50,0.685,0.219,3,0.26,0.408,0.295,58.0,0
freelancer,10742.87,52,0.689,0.748,0,0.971,0.0,0.092,12.1,0
gig_worker,21577.61,45,0.846,0.591,1,0.64,0.0,0.289,70.7,0
freelancer,15242.04,49,0.892,0.804,5,0.297,0.0,0.059,5.0,1
freelancer,30206.85,48,1.052,0.15,0,0.449,0.0,0.068,41.0,0
freelancer,19379.72,44,0.865,0.825,2,0.707,0.0,0.137,21.7,0
kirana_merchant,46902.01,36,0.946,0.154,3,0.887,0.626,0.291,56.6,1
kirana_merchant,59989.99,23,0.69,0.33,6,0.253,0.313,0.259,5.0,1
kirana_merchant,37785.88,39,0.957,0.225,5,0.563,0.558,0.272,60.8,0
kirana_merchant,12388.04,55,0.924,0.216,9,0.255,0.68,0.082,20.4,0
kirana_merchant,57102.2,46,0.708,0.237,1,0.57,0.521,0.342,34.9,1
kirana_merchant,59151.68,31,0.935,0.484,1,0.778,0.501,0.051,28.9,0
kirana_merchant,27157.14,30,0.706,0.727,0,0.819,0.895,0.055,55.6,0
kirana_merchant,52128.29,49,0.897,0.819,4,0.42,0.985,0.139,47.6,0
freelancer,20417.8,53,0.934,0.554,0,0.414,0.0,0.195,48.5,0
gig_worker,10581.65,35,0.947,0.226,2,0.99,0.0,0.268,77.5,0
freelancer,18395.43,30,1.055,0.163,2,0.293,0.0,0.238,28.7,1
kirana_merchant,63872.9,43,1.074,0.495,0,0.716,0.823,0.313,28.3,0
freelancer,12764.97,47,1.005,0.712,6,0.789,0.0,0.218,44.6,0
kirana_merchant,26896.75,52,1.039,0.596,9,0.819,0.39,0.044,52.4,0
gig_worker,27366.42,40,0.61,0.566,7,0.733,0.0,0.175,62.2,0
freelancer,20816.74,43,0.781,0.139,0,0.532,0.0,0.275,21.5,1
gig_worker,21552.33,48,0.62,0.429,0,0.295,0.0,0.179,76.4,0
freelancer,27892.82,55,0.712,0.54,0,0.657,0.0,0.062,55.6,0
kirana_merchant,20311.02,53,0.791,0.579,4,0.671,0.7,0.251,44.2,1
kirana_merchant,13213.19,49,1.034,0.104,2,0.722,0.302,0.261,40.2,0
gig_worker,29956.93,48,0.856,0.26,2,0.942,0.0,0.271,68.2,0
kirana_merchant,46013.19,44,0.924,0.86,0,0.551,0.596,0.134,20.8,0
gig_worker,41555.55,54,0.781,0.507,0,0.967,0.0,0.246,88.5,0
gig_worker,17946.17,38,0.901,0.663,4,0.372,0.0,0.263,68.8,1
gig_worker,14391.4,48,1.008,0.347,5,0.404,0.0,0.148,59.8,1
gig_worker,23339.58,31,0.751,0.568,5,0.301,0.0,0.157,48.4,0
freelancer,58917.64,52,1.066,0.385,7,0.26,0.0,0.183,47.3,1
freelancer,37152.97,42,0.707,0.338,4,0.571,0.0,0.222,48.3,0
gig_worker,38253.19,36,1.06,0.429,5,0.708,0.0,0.12,74.3,0
kirana_merchant,41979.16,41,0.614,0.468,5,0.514,0.662,0.074,53.9,0
gig_worker,33202.59,43,0.871,0.365,1,0.642,0.0,0.101,70.1,1
kirana_merchant,28575.48,33,1.093,0.306,3,0.521,0.971,0.197,24.8,0
freelancer,37464.66,49,0.905,0.599,2,0.236,0.0,0.267,55.1,1
freelancer,20474.12,43,0.877,0.405,0,0.339,0.0,0.308,48.9,0
kirana_merchant,13263.46,47,0.941,0.261,0,0.414,0.136,0.316,29.8,0
kirana_merchant,38618.95,52,0.745,0.707,2,0.708,0.352,0.209,58.7,0
gig_worker,49954.56,57,0.627,0.679,4,0.892,0.0,0.305,87.7,0
freelancer,15380.93,48,0.726,0.809,4,0.346,0.0,0.106,37.4,1
gig_worker,40577.16,38,0.688,0.544,1,0.381,0.0,0.166,65.3,0
kirana_merchant,62341.52,45,1.062,0.324,4,0.772,0.263,0.093,50.9,0
kirana_merchant,26872.99,46,1.026,0.791,0,0.965,0.318,0.065,45.4,0
kirana_merchant,17872.15,45,0.759,0.324,6,0.482,0.033,0.24,34.2,0
gig_worker,28609.94,31,1.018,0.624,2,0.456,0.0,0.098,89.2,0
freelancer,20429.46,42,0.706,0.252,2,0.489,0.0,0.207,48.3,0
gig_worker,19764.35,48,0.7,0.603,1,0.336,0.0,0.044,76.0,0
kirana_merchant,33409.38,56,0.984,0.773,6,0.594,0.441,0.075,39.6,0
gig_worker,12065.86,39,0.763,0.532,20,0.635,0.0,0.121,90.3,0
gig_worker,13069.49,44,0.632,0.477,3,0.326,0.0,0.15,63.1,0
kirana_merchant,27163.93,52,0.96,0.895,5,0.379,0.063,0.104,52.5,1
kirana_merchant,26604.77,43,1.095,0.118,6,0.362,0.273,0.259,34.7,0
gig_worker,31945.2,44,0.883,0.365,2,0.685,0.0,0.04,92.7,0
gig_worker,68707.43,39,0.732,0.835,10,0.769,0.0,0.203,65.5,1
kirana_merchant,28346.45,47,0.786,0.614,8,0.444,0.807,0.029,39.0,0
kirana_merchant,36282.33,33,0.924,0.534,6,0.812,0.753,0.319,40.6,0
freelancer,16518.46,39,0.951,0.61,15,0.927,0.0,0.228,23.0,1
gig_worker,39496.56,40,1.043,0.358,2,0.615,0.0,0.246,98.2,0
gig_worker,20677.56,46,1.054,0.157,3,0.928,0.0,0.251,81.1,0
gig_worker,27881.27,64,1.031,0.32,17,0.701,0.0,0.197,73.6,0
gig_worker,25478.13,49,0.924,0.369,5,0.356,0.0,0.057,64.5,0
kirana_merchant,45093.22,40,0.825,0.484,5,0.405,0.461,0.158,52.9,0
kirana_merchant,13974.81,52,0.94,0.415,1,0.672,0.602,0.267,26.6,0
gig_worker,8590.23,39,0.933,0.517,7,0.38,0.0,0.344,53.7,1
gig_worker,24180.06,38,0.709,0.257,2,0.203,0.0,0.122,61.1,0
gig_worker,34005.09,43,0.854,0.247,3,0.408,0.0,0.23,83.1,0
freelancer,29031.44,45,0.704,0.381,3,0.241,0.0,0.344,48.9,0
freelancer,49816.53,44,1.05,0.479,15,0.918,0.0,0.21,37.6,1
gig_worker,33479.42,43,0.762,0.373,4,0.749,0.0,0.286,69.1,1
gig_worker,20293.9,60,1.003,0.561,7,0.224,0.0,0.215,71.4,1
freelancer,8410.95,40,0.789,0.348,0,0.239,0.0,0.163,46.1,0
freelancer,23893.07,42,0.982,0.242,1,0.223,0.0,0.243,5.0,1
kirana_merchant,44980.28,31,0.71,0.79,0,0.837,0.138,0.305,50.6,0
gig_worker,22114.22,34,0.982,0.26,0,0.829,0.0,0.278,82.7,0
gig_worker,27286.85,48,0.69,0.873,11,0.79,0.0,0.309,82.7,1
kirana_merchant,33212.45,54,0.845,0.89,9,0.32,0.048,0.334,49.1,0
gig_worker,16193.32,41,0.657,0.657,6,0.989,0.0,0.266,79.8,0
gig_worker,36739.87,47,0.864,0.502,2,0.876,0.0,0.297,94.2,0
kirana_merchant,60995.84,48,1.01,0.736,3,0.714,0.924,0.107,33.5,0
gig_worker,24676.17,48,0.978,0.799,7,0.744,0.0,0.072,71.4,0
kirana_merchant,15297.85,44,0.625,0.668,3,0.507,0.991,0.147,40.9,0
gig_worker,26022.05,42,0.846,0.182,5,0.656,0.0,0.122,88.5,0
gig_worker,8846.77,42,1.026,0.102,0,0.476,0.0,0.157,67.4,0
kirana_merchant,31839.14,44,0.925,0.254,7,0.771,0.72,0.067,30.0,0
gig_worker,33729.81,43,0.63,0.251,7,0.469,0.0,0.159,62.2,0
freelancer,62181.83,52,0.763,0.246,0,0.961,0.0,0.291,13.1,0
kirana_merchant,24416.21,41,0.878,0.508,1,0.974,0.615,0.037,40.6,0
gig_worker,32999.33,57,0.686,0.516,5,0.402,0.0,0.104,70.5,0
kirana_merchant,17489.5,55,0.941,0.678,1,0.859,0.336,0.15,23.1,1
gig_worker,22511.61,39,0.917,0.261,0,0.281,0.0,0.212,63.5,0
freelancer,12549.14,55,0.701,0.174,13,0.405,0.0,0.164,30.5,1
gig_worker,24406.51,31,0.875,0.633,7,0.411,0.0,0.031,84.0,0
kirana_merchant,23094.4,40,1.006,0.487,4,0.698,0.7,0.231,30.5,1
gig_worker,31244.54,45,0.787,0.633,6,0.935,0.0,0.255,55.8,1
kirana_merchant,19696.6,47,0.723,0.405,9,0.437,0.092,0.058,39.0,0
freelancer,28048.0,34,0.951,0.701,21,0.54,0.0,0.025,47.2,1
freelancer,22772.52,57,0.635,0.646,3,0.512,0.0,0.203,33.0,0
gig_worker,22793.95,53,1.016,0.62,0,0.504,0.0,0.306,78.4,0
gig_worker,28006.2,47,1.072,0.122,0,0.661,0.0,0.267,61.7,0
freelancer,27453.84,45,1.082,0.786,6,0.739,0.0,0.186,41.1,1
freelancer,39363.21,48,0.816,0.401,2,0.518,0.0,0.136,44.1,0
gig_worker,25328.32,43,0.912,0.208,17,0.845,0.0,0.028,59.2,0
kirana_merchant,22585.36,48,1.029,0.704,2,0.67,0.895,0.279,31.8,0
gig_worker,24577.74,39,0.712,0.489,6,0.417,0.0,0.095,43.6,0
freelancer,18819.86,35,0.614,0.126,6,0.497,0.0,0.346,43.4,0
gig_worker,22472.43,47,0.792,0.725,8,0.971,0.0,0.044,61.1,0
gig_worker,74278.69,48,1.042,0.448,7,0.682,0.0,0.313,68.5,1
kirana_merchant,17045.83,37,0.853,0.704,7,0.601,0.686,0.102,41.1,0
gig_worker,23404.22,56,0.865,0.704,4,0.398,0.0,0.317,78.8,1
kirana_merchant,22164.69,39,0.946,0.18,0,0.626,0.187,0.164,34.8,0
kirana_merchant,23775.58,47,0.887,0.591,6,0.265,0.836,0.096,41.3,1
gig_worker,22796.91,50,0.627,0.388,2,0.52,0.0,0.055,89.1,0
gig_worker,30934.27,42,0.88,0.537,8,0.893,0.0,0.061,94.1,0
kirana_merchant,11440.47,45,0.924,0.171,3,0.546,0.807,0.331,52.9,0
gig_worker,45187.95,34,0.921,0.571,0,0.874,0.0,0.114,89.3,0
kirana_merchant,36911.98,37,0.964,0.722,4,0.232,0.176,0.341,49.5,1
freelancer,14451.65,52,0.86,0.889,2,0.311,0.0,0.295,33.0,0
kirana_merchant,8651.27,47,1.05,0.356,0,0.787,0.523,0.264,55.2,0
gig_worker,16505.75,46,0.832,0.224,1,0.796,0.0,0.257,64.2,0
gig_worker,23829.19,65,0.859,0.393,5,0.717,0.0,0.314,58.5,0
gig_worker,97747.8,39,0.99,0.115,4,0.937,0.0,0.094,59.9,0
gig_worker,35299.66,48,1.017,0.427,6,0.622,0.0,0.318,57.3,0
kirana_merchant,10896.59,35,0.924,0.832,0,0.781,0.557,0.168,47.7,0
kirana_merchant,19056.67,38,0.663,0.255,1,0.417,0.312,0.269,45.3,0
gig_worker,26196.83,60,0.766,0.482,0,0.691,0.0,0.281,39.1,0
gig_worker,30541.5,50,0.61,0.558,1,0.819,0.0,0.296,68.4,0
gig_worker,13941.5,52,0.748,0.244,2,0.758,0.0,0.168,84.1,0
kirana_merchant,25147.28,40,0.885,0.364,17,0.847,0.186,0.103,68.7,0
gig_worker,18791.89,46,1.003,0.829,9,0.522,0.0,0.306,86.0,0
kirana_merchant,15492.65,38,0.893,0.337,5,0.426,0.48,0.041,21.6,0
gig_worker,30631.92,40,0.62,0.608,3,0.42,0.0,0.21,75.1,0
freelancer,39614.03,56,0.73,0.21,0,0.843,0.0,0.273,33.8,0
freelancer,40966.94,49,0.889,0.636,1,0.883,0.0,0.309,55.9,0
gig_worker,35853.38,43,0.955,0.323,2,0.367,0.0,0.06,53.7,0
gig_worker,20979.8,42,1.033,0.285,29,0.498,0.0,0.174,77.4,0
kirana_merchant,38456.19,36,1.084,0.199,11,0.936,0.397,0.248,64.5,0
gig_worker,31398.87,45,1.046,0.137,3,0.211,0.0,0.32,45.4,0
kirana_merchant,28766.62,50,0.834,0.874,0,0.478,0.946,0.228,38.3,0
freelancer,19814.19,53,0.973,0.431,5,0.691,0.0,0.099,19.5,0
kirana_merchant,20984.97,42,0.72,0.722,1,0.318,0.438,0.065,54.5,1
freelancer,27915.67,47,0.632,0.836,18,0.748,0.0,0.155,40.3,1
gig_worker,91120.42,53,0.628,0.263,6,0.434,0.0,0.076,83.9,0
gig_worker,31276.47,46,0.721,0.796,1,0.954,0.0,0.252,60.8,0
kirana_merchant,19819.19,44,0.619,0.666,0,0.26,0.935,0.194,40.5,0
gig_worker,17744.05,56,1.025,0.562,0,0.893,0.0,0.101,68.3,0
kirana_merchant,21038.65,40,0.845,0.747,0,0.681,0.023,0.224,49.2,0
gig_worker,79909.24,49,1.005,0.189,2,0.695,0.0,0.051,75.9,0
gig_worker,22034.65,33,1.07,0.311,1,0.213,0.0,0.228,54.5,0
freelancer,42337.79,50,1.097,0.205,0,0.925,0.0,0.24,38.4,0
gig_worker,22293.18,45,1.069,0.817,4,0.88,0.0,0.026,46.0,0
freelancer,30656.26,50,0.958,0.179,0,0.559,0.0,0.241,44.2,0
freelancer,39969.53,35,0.821,0.884,6,0.588,0.0,0.127,12.1,0
kirana_merchant,20212.34,50,0.899,0.188,6,0.432,0.675,0.036,54.1,0
kirana_merchant,19524.87,42,1.008,0.629,1,0.463,0.27,0.16,32.2,1
kirana_merchant,61662.72,59,1.049,0.628,2,0.582,0.172,0.138,52.6,0
freelancer,44015.47,33,1.078,0.845,0,0.263,0.0,0.252,50.1,0
gig_worker,39948.09,39,0.965,0.359,3,0.262,0.0,0.249,58.3,0
kirana_merchant,39880.32,45,0.87,0.366,0,0.853,0.552,0.163,63.9,0
kirana_merchant,33853.16,36,1.084,0.777,0,0.502,0.938,0.237,27.2,1
kirana_merchant,73783.32,47,1.079,0.883,1,0.984,0.681,0.302,46.1,0
kirana_merchant,27500.35,57,0.839,0.124,2,0.27,0.451,0.039,31.0,0
gig_worker,35904.98,39,0.924,0.608,2,0.95,0.0,0.069,48.2,1
kirana_merchant,13023.93,45,1.005,0.295,6,0.72,0.24,0.174,48.1,0
freelancer,17810.08,49,0.817,0.682,3,0.446,0.0,0.298,50.4,0
gig_worker,14758.74,49,1.015,0.718,1,0.413,0.0,0.187,66.2,0
freelancer,50870.16,49,0.656,0.71,1,0.964,0.0,0.08,47.3,0
kirana_merchant,7508.04,49,0.841,0.448,5,0.471,0.483,0.333,27.0,0
freelancer,22001.04,52,0.841,0.226,0,0.621,0.0,0.094,44.6,0
kirana_merchant,6021.83,51,0.942,0.568,8,0.964,0.29,0.293,5.0,0
kirana_merchant,17753.82,52,0.658,0.731,7,0.366,0.67,0.35,63.8,0
gig_worker,21047.26,45,0.652,0.83,5,0.346,0.0,0.221,64.0,0
freelancer,53768.1,39,1.05,0.462,1,0.372,0.0,0.084,18.3,0
gig_worker,32804.27,47,0.752,0.297,0,0.389,0.0,0.185,64.0,0
freelancer,17737.37,46,0.763,0.195,0,0.764,0.0,0.244,64.3,0
freelancer,45843.19,43,0.988,0.738,1,0.338,0.0,0.066,42.8,0
gig_worker,27144.13,65,0.807,0.528,6,0.232,0.0,0.342,69.1,1
gig_worker,27413.3,46,1.016,0.639,0,0.776,0.0,0.336,99.0,0
kirana_merchant,14745.07,46,0.801,0.227,2,0.971,0.602,0.187,54.9,0
gig_worker,16399.29,48,0.98,0.105,7,0.636,0.0,0.289,76.7,0
freelancer,17808.86,48,0.863,0.874,7,0.491,0.0,0.347,52.6,0
gig_worker,27535.48,52,1.068,0.749,7,0.225,0.0,0.241,89.3,0
gig_worker,27971.54,53,0.764,0.42,0,0.656,0.0,0.214,63.2,0
freelancer,58223.62,48,0.781,0.466,0,0.462,0.0,0.221,19.9,0
kirana_merchant,32615.0,47,1.085,0.843,5,0.72,0.591,0.196,28.2,0
freelancer,6948.06,40,0.969,0.266,2,0.965,0.0,0.319,37.0,0
gig_worker,30678.61,61,0.986,0.742,12,0.218,0.0,0.066,70.9,0
kirana_merchant,13029.77,41,0.748,0.114,3,0.753,0.523,0.179,34.1,0
kirana_merchant,16597.62,43,0.866,0.801,1,0.738,0.928,0.025,29.1,0
kirana_merchant,17924.35,56,0.757,0.571,9,0.675,0.222,0.314,63.8,0
kirana_merchant,19309.08,40,0.73,0.482,1,0.782,0.095,0.123,34.6,0
kirana_merchant,13526.76,42,0.868,0.665,12,0.499,0.987,0.176,25.9,0
kirana_merchant,29784.43,48,1.094,0.154,1,0.298,0.493,0.231,38.4,0
gig_worker,13287.76,47,0.707,0.256,4,0.204,0.0,0.06,59.5,0
kirana_merchant,32155.34,39,0.721,0.426,5,0.52,0.343,0.268,31.2,0
gig_worker,82329.56,51,0.722,0.594,1,0.844,0.0,0.188,71.8,0
kirana_merchant,13840.03,50,0.996,0.216,1,0.673,0.841,0.042,53.0,0
gig_worker,23335.82,35,0.855,0.404,1,0.318,0.0,0.07,99.0,0
kirana_merchant,7618.02,44,0.792,0.309,5,0.455,0.502,0.216,72.3,0
kirana_merchant,23144.96,49,1.022,0.616,9,0.731,0.831,0.163,23.3,0
gig_worker,37099.49,39,0.749,0.835,5,0.941,0.0,0.32,69.3,0
gig_worker,38573.45,36,0.796,0.233,1,0.887,0.0,0.239,78.7,0
gig_worker,27964.24,50,0.637,0.251,0,0.706,0.0,0.216,77.6,0
kirana_merchant,41966.7,53,0.659,0.58,2,0.375,0.526,0.259,34.3,0
freelancer,96088.73,41,0.668,0.463,0,0.896,0.0,0.19,48.6,0
gig_worker,63332.4,49,0.773,0.674,0,0.937,0.0,0.179,58.9,0
kirana_merchant,20717.61,46,0.862,0.33,3,0.927,0.723,0.343,34.5,0
gig_worker,13022.68,33,0.6,0.536,8,0.653,0.0,0.317,67.2,0
kirana_merchant,21958.82,45,0.695,0.409,2,0.897,0.139,0.079,33.7,1
freelancer,16755.95,40,0.688,0.325,0,0.835,0.0,0.087,57.7,0
gig_worker,33714.18,48,0.727,0.683,0,0.695,0.0,0.107,78.4,0
kirana_merchant,14904.27,49,0.683,0.737,8,0.986,0.42,0.261,52.1,0
gig_worker,25941.23,54,0.698,0.363,0,0.395,0.0,0.329,64.0,0
gig_worker,40904.98,34,1.092,0.598,11,0.699,0.0,0.061,99.0,0
gig_worker,25582.2,45,0.897,0.243,1,0.221,0.0,0.348,53.9,0
gig_worker,16761.55,43,0.981,0.733,7,0.561,0.0,0.127,84.2,0
kirana_merchant,48407.35,48,1.01,0.325,2,0.867,0.33,0.134,75.3,0
kirana_merchant,10514.49,49,0.934,0.237,4,0.388,0.328,0.196,50.7,1
kirana_merchant,22836.2,48,0.952,0.852,11,0.801,0.208,0.052,47.3,1
gig_worker,26348.59,48,0.916,0.438,4,0.809,0.0,0.325,67.5,0
gig_worker,27118.04,43,0.925,0.615,0,0.708,0.0,0.026,80.9,0
kirana_merchant,29444.08,51,1.064,0.747,1,0.915,0.53,0.022,43.4,0
freelancer,36505.56,40,0.693,0.649,4,0.559,0.0,0.34,60.8,0
gig_worker,26431.09,47,0.737,0.552,3,0.367,0.0,0.153,64.1,0
freelancer,22381.07,48,0.647,0.397,21,0.721,0.0,0.102,25.1,1
kirana_merchant,21943.04,49,1.019,0.835,0,0.959,0.293,0.111,28.7,0
kirana_merchant,19815.94,46,0.824,0.207,2,0.704,0.348,0.183,69.3,0
kirana_merchant,39885.64,49,1.054,0.807,0,0.903,0.577,0.315,52.2,0
gig_worker,19472.06,39,0.806,0.668,0,0.893,0.0,0.266,91.8,0
gig_worker,41084.47,45,0.821,0.557,4,0.205,0.0,0.077,67.6,0
kirana_merchant,27159.97,49,0.824,0.36,10,0.262,0.584,0.133,21.3,1
gig_worker,20730.73,38,0.906,0.217,2,0.642,0.0,0.16,86.8,1
freelancer,36651.28,42,0.983,0.455,0,0.884,0.0,0.346,49.5,0
kirana_merchant,18699.89,47,0.776,0.727,6,0.507,0.908,0.277,33.0,1
gig_worker,37015.5,34,0.915,0.696,7,0.911,0.0,0.182,58.3,0
kirana_merchant,29922.41,60,0.702,0.616,0,0.482,0.947,0.102,33.1,0
gig_worker,19967.03,66,0.877,0.894,2,0.533,0.0,0.072,68.9,0
kirana_merchant,35042.52,40,0.873,0.878,2,0.459,0.045,0.076,45.9,1
kirana_merchant,35358.53,51,1.044,0.42,5,0.553,0.651,0.13,51.8,0
freelancer,47990.57,39,1.048,0.254,6,0.567,0.0,0.194,29.9,1
kirana_merchant,43611.38,44,0.844,0.471,5,0.585,0.677,0.076,77.0,0
kirana_merchant,34393.99,51,0.612,0.776,0,0.429,0.939,0.263,76.7,0
kirana_merchant,15309.13,37,1.022,0.467,10,0.508,0.287,0.329,48.7,1
freelancer,91518.23,42,0.6,0.369,1,0.683,0.0,0.194,41.1,1
gig_worker,13335.59,56,0.839,0.693,4,0.207,0.0,0.141,63.6,1
gig_worker,43244.77,45,0.61,0.62,3,0.638,0.0,0.251,88.7,0
gig_worker,33377.65,62,0.776,0.875,6,0.215,0.0,0.248,75.0,0
gig_worker,14956.91,36,0.918,0.539,0,0.686,0.0,0.289,52.6,0
kirana_merchant,25282.04,52,0.786,0.874,6,0.503,0.671,0.328,34.5,1
kirana_merchant,25864.42,36,1.063,0.333,0,0.571,0.734,0.133,45.2,0
kirana_merchant,51678.2,54,0.92,0.792,0,0.848,0.099,0.063,61.8,0
gig_worker,18832.6,49,0.923,0.381,1,0.738,0.0,0.319,38.6,0
kirana_merchant,23600.6,41,0.787,0.748,7,0.944,0.268,0.081,50.0,0
gig_worker,8366.28,38,0.619,0.841,3,0.397,0.0,0.137,71.9,0
kirana_merchant,64047.57,48,0.969,0.599,2,0.518,0.457,0.159,35.9,1
kirana_merchant,15752.68,41,0.958,0.683,0,0.378,0.614,0.304,37.1,0
gig_worker,31680.46,41,0.865,0.867,9,0.344,0.0,0.213,86.2,0
gig_worker,25573.09,56,0.808,0.4,22,0.734,0.0,0.217,71.9,1
gig_worker,25616.69,51,0.869,0.509,0,0.726,0.0,0.274,37.8,1
freelancer,40333.23,39,0.973,0.819,6,0.593,0.0,0.349,35.1,1
freelancer,62045.99,46,0.956,0.638,0,0.317,0.0,0.338,44.3,1
kirana_merchant,30508.08,46,0.929,0.799,4,0.654,0.733,0.063,33.3,1
gig_worker,37329.49,45,1.052,0.595,2,0.607,0.0,0.345,47.5,0
kirana_merchant,31711.85,48,0.905,0.692,0,0.655,0.249,0.259,63.0,0
kirana_merchant,44746.37,44,0.607,0.11,0,0.559,0.19,0.23,36.6,0
kirana_merchant,21344.34,48,0.909,0.372,1,0.265,0.997,0.151,47.6,0
gig_worker,46059.77,45,0.906,0.716,4,0.529,0.0,0.347,44.8,0
gig_worker,46875.48,41,0.635,0.423,6,0.452,0.0,0.124,88.6,0
kirana_merchant,46224.65,48,0.814,0.39,5,0.416,0.792,0.333,23.9,0
gig_worker,19339.91,44,0.926,0.861,1,0.73,0.0,0.137,90.7,0
gig_worker,24731.45,44,0.952,0.542,2,0.737,0.0,0.067,63.0,0
gig_worker,30325.17,49,1.047,0.254,0,0.979,0.0,0.228,77.6,0
kirana_merchant,13555.92,38,1.021,0.478,2,0.708,0.665,0.31,57.6,0
freelancer,59722.26,48,0.658,0.515,7,0.438,0.0,0.333,17.2,0
freelancer,26738.55,39,0.904,0.891,3,0.627,0.0,0.29,44.7,1
kirana_merchant,31006.87,47,0.898,0.675,0,0.708,0.745,0.151,54.8,0
kirana_merchant,20160.85,48,0.752,0.516,0,0.528,0.07,0.276,14.7,0
gig_worker,13857.21,39,0.692,0.446,0,0.71,0.0,0.027,65.4,0
kirana_merchant,19890.25,35,0.7,0.832,1,0.855,0.627,0.081,21.1,0
gig_worker,30019.49,47,0.689,0.617,2,0.705,0.0,0.209,42.4,0
kirana_merchant,37673.58,43,1.003,0.385,1,0.336,0.442,0.114,40.3,0
gig_worker,29169.99,37,0.674,0.472,2,0.459,0.0,0.242,67.7,0
gig_worker,31995.87,58,0.732,0.322,4,0.971,0.0,0.247,62.2,0
gig_worker,22731.04,39,0.709,0.868,2,0.489,0.0,0.223,59.8,0
gig_worker,34479.64,50,0.956,0.662,1,0.864,0.0,0.253,49.1,0
gig_worker,56467.27,31,0.679,0.414,2,0.312,0.0,0.123,72.0,1
gig_worker,38268.97,43,0.612,0.247,8,0.988,0.0,0.092,80.5,0
freelancer,40326.78,43,0.787,0.242,1,0.369,0.0,0.023,41.4,0
kirana_merchant,31163.67,48,0.753,0.482,4,0.969,0.912,0.237,17.3,0
kirana_merchant,12688.13,32,0.799,0.474,8,0.24,0.788,0.213,56.0,0
freelancer,15957.22,42,0.977,0.434,1,0.661,0.0,0.13,51.5,0
freelancer,33773.71,49,0.606,0.781,8,0.343,0.0,0.135,71.6,1
kirana_merchant,26756.44,50,0.619,0.883,4,0.716,0.684,0.09,32.3,0
freelancer,33520.8,37,0.728,0.384,5,0.919,0.0,0.134,45.5,0
gig_worker,62206.31,39,1.045,0.336,0,0.439,0.0,0.12,94.4,0
gig_worker,38677.68,57,0.685,0.716,7,0.522,0.0,0.341,80.4,0
kirana_merchant,50485.58,40,1.099,0.46,0,0.237,0.748,0.186,92.7,0
kirana_merchant,28207.43,46,1.003,0.274,1,0.661,0.171,0.212,39.8,0
kirana_merchant,17968.8,33,0.828,0.245,1,0.683,0.436,0.027,36.7,0
gig_worker,26135.95,35,0.974,0.324,4,0.694,0.0,0.293,46.4,0
gig_worker,17990.95,45,0.859,0.101,6,0.931,0.0,0.269,71.3,0
kirana_merchant,58638.54,32,0.883,0.853,3,0.274,0.406,0.189,44.7,0
gig_worker,39942.47,44,0.89,0.444,18,0.577,0.0,0.277,76.2,0
kirana_merchant,34900.49,47,0.924,0.166,3,0.437,0.275,0.074,52.6,0
kirana_merchant,49909.75,39,0.63,0.232,0,0.395,0.986,0.168,41.2,0
kirana_merchant,9798.37,46,0.908,0.359,23,0.469,0.088,0.099,49.0,1
kirana_merchant,36100.75,42,0.958,0.541,6,0.951,0.497,0.215,39.7,0
freelancer,13970.13,52,0.755,0.663,9,0.402,0.0,0.225,44.7,0
kirana_merchant,26805.76,44,1.089,0.346,3,0.268,0.443,0.345,22.4,1
kirana_merchant,23020.63,56,0.672,0.866,2,0.529,0.548,0.026,32.9,0
kirana_merchant,37453.98,39,1.055,0.708,0,0.413,0.779,0.138,49.2,0
gig_worker,30154.63,40,0.938,0.761,3,0.433,0.0,0.333,82.2,1
gig_worker,52709.9,42,0.932,0.359,2,0.562,0.0,0.34,70.0,0
gig_worker,19911.47,42,1.038,0.405,4,0.852,0.0,0.208,67.1,0
kirana_merchant,38351.82,55,1.016,0.53,2,0.868,0.622,0.207,40.4,0
kirana_merchant,29176.29,53,0.773,0.461,3,0.587,0.441,0.16,30.1,0
freelancer,11876.95,57,0.953,0.308,2,0.87,0.0,0.09,32.5,0
gig_worker,16995.29,54,0.625,0.898,10,0.333,0.0,0.045,86.8,1
gig_worker,24960.78,38,0.832,0.779,13,0.413,0.0,0.147,70.5,0
freelancer,46917.51,34,1.069,0.29,1,0.328,0.0,0.134,31.8,0
gig_worker,33923.44,43,0.737,0.814,5,0.937,0.0,0.203,69.4,0
kirana_merchant,15006.66,55,0.625,0.57,3,0.805,0.805,0.135,73.0,0
kirana_merchant,25080.4,49,0.891,0.11,0,0.814,0.57,0.162,57.9,0
kirana_merchant,73784.45,54,0.778,0.377,8,0.749,0.758,0.22,57.8,0
gig_worker,28441.7,57,0.79,0.121,2,0.211,0.0,0.253,79.6,0
gig_worker,22841.57,44,0.891,0.17,5,0.369,0.0,0.024,79.8,0
gig_worker,34401.99,44,0.911,0.243,0,0.898,0.0,0.09,84.1,0
kirana_merchant,39406.91,42,0.819,0.488,8,0.585,0.111,0.082,71.9,1
kirana_merchant,21416.48,49,0.854,0.405,2,0.794,0.271,0.158,47.2,0
gig_worker,34588.88,45,1.097,0.219,5,0.374,0.0,0.046,75.0,0
kirana_merchant,22823.71,36,1.079,0.416,17,0.252,0.132,0.318,66.2,1
freelancer,38548.17,47,0.954,0.343,3,0.862,0.0,0.16,38.3,0
gig_worker,29285.46,51,0.681,0.428,7,0.387,0.0,0.295,86.5,0
kirana_merchant,34234.32,43,0.78,0.238,3,0.376,0.372,0.324,38.4,0
kirana_merchant,18405.56,41,1.042,0.588,3,0.52,0.847,0.087,22.0,0
gig_worker,17842.83,33,0.812,0.136,0,0.637,0.0,0.184,53.9,0
gig_worker,43163.42,42,1.078,0.41,4,0.702,0.0,0.34,96.1,1
kirana_merchant,25856.1,38,0.844,0.816,0,0.94,0.208,0.291,89.4,1
freelancer,31024.03,32,1.031,0.436,2,0.805,0.0,0.034,36.8,0
freelancer,23081.86,47,0.618,0.453,5,0.621,0.0,0.34,28.0,0
kirana_merchant,42165.74,52,0.817,0.154,8,0.315,0.551,0.028,49.7,0
kirana_merchant,19852.69,36,0.95,0.584,1,0.309,0.254,0.031,33.4,0
gig_worker,25139.6,28,1.032,0.849,0,0.305,0.0,0.233,99.0,0
kirana_merchant,39854.73,45,0.905,0.333,1,0.989,0.238,0.229,31.8,0
kirana_merchant,48362.69,52,0.687,0.415,0,0.85,0.373,0.293,23.1,0
gig_worker,20704.79,47,1.043,0.571,1,0.269,0.0,0.12,73.9,0
kirana_merchant,71671.04,40,0.887,0.175,2,0.443,0.695,0.18,55.0,0
kirana_merchant,31464.68,49,0.654,0.86,1,0.457,0.335,0.302,43.4,1
gig_worker,15971.1,45,0.832,0.474,5,0.452,0.0,0.269,91.8,0
freelancer,32355.07,37,0.949,0.192,2,0.204,0.0,0.16,37.3,0
gig_worker,22214.5,42,0.826,0.368,10,0.546,0.0,0.301,66.8,0
gig_worker,33424.16,35,1.035,0.399,3,0.886,0.0,0.179,99.0,0
gig_worker,26332.83,50,0.812,0.376,22,0.287,0.0,0.195,77.7,0
kirana_merchant,27921.07,55,0.892,0.655,0,0.251,0.413,0.213,33.5,0
kirana_merchant,17055.08,46,0.706,0.376,6,0.719,0.379,0.143,27.1,0
gig_worker,44135.98,41,0.856,0.359,7,0.818,0.0,0.115,56.2,0
kirana_merchant,15092.25,39,0.711,0.358,8,0.395,0.238,0.244,5.0,1
gig_worker,15453.91,42,0.713,0.722,12,0.926,0.0,0.072,89.6,0
kirana_merchant,32327.71,39,0.74,0.347,1,0.746,0.003,0.185,41.9,0
kirana_merchant,59959.35,54,0.622,0.111,2,0.581,0.466,0.125,56.0,0
kirana_merchant,22554.81,45,0.682,0.392,2,0.84,0.229,0.146,47.4,0
freelancer,38196.0,43,0.812,0.323,0,0.459,0.0,0.172,5.0,1
gig_worker,46012.58,42,0.666,0.827,0,0.416,0.0,0.087,68.7,0
gig_worker,40430.6,46,0.667,0.482,0,0.41,0.0,0.182,69.8,0
kirana_merchant,23026.38,38,1.084,0.288,8,0.347,0.214,0.263,66.8,1
freelancer,15591.43,54,0.814,0.885,9,0.903,0.0,0.097,50.3,0
gig_worker,8921.56,36,0.802,0.297,4,0.514,0.0,0.301,69.6,0
gig_worker,23590.04,37,0.734,0.71,2,0.899,0.0,0.163,71.5,0
gig_worker,48486.65,49,0.856,0.62,21,0.907,0.0,0.266,61.4,1
kirana_merchant,15335.37,48,0.898,0.47,5,0.305,0.696,0.244,29.5,0
gig_worker,38181.44,48,0.809,0.425,4,0.232,0.0,0.154,61.5,0
kirana_merchant,16729.41,46,0.797,0.798,6,0.975,0.301,0.288,40.7,0
freelancer,28368.55,42,0.95,0.48,10,0.369,0.0,0.03,37.7,0
kirana_merchant,38326.46,57,1.075,0.4,2,0.506,0.362,0.106,39.5,1
gig_worker,19346.22,36,1.039,0.383,5,0.304,0.0,0.024,76.8,0
kirana_merchant,29297.06,42,0.659,0.321,13,0.957,0.276,0.282,37.0,1
gig_worker,21860.89,45,0.926,0.427,5,0.273,0.0,0.064,81.7,0
freelancer,38275.85,48,0.604,0.196,3,0.846,0.0,0.155,65.5,0
kirana_merchant,30262.32,48,0.917,0.152,2,0.889,0.208,0.222,64.0,0
gig_worker,27674.14,49,0.832,0.533,0,0.939,0.0,0.34,57.6,0
kirana_merchant,58640.16,45,0.846,0.463,0,0.568,0.508,0.35,34.8,0
kirana_merchant,37464.65,44,0.894,0.239,4,0.65,0.067,0.307,64.1,0
kirana_merchant,19050.03,38,0.971,0.185,0,0.607,0.997,0.197,17.9,0
gig_worker,25772.62,32,0.965,0.215,2,0.631,0.0,0.064,67.9,0
freelancer,25901.36,42,0.622,0.352,0,0.393,0.0,0.139,36.7,0
freelancer,28005.6,52,0.968,0.461,1,0.662,0.0,0.306,31.9,0
kirana_merchant,95059.15,44,1.015,0.255,0,0.408,0.558,0.336,40.4,0
freelancer,32384.2,37,0.634,0.704,11,0.668,0.0,0.237,40.9,0
gig_worker,9721.05,54,0.761,0.255,3,0.859,0.0,0.286,72.8,0
kirana_merchant,20508.62,46,0.996,0.199,1,0.202,0.495,0.284,31.0,1
kirana_merchant,10237.51,48,0.847,0.896,5,0.891,0.464,0.338,72.0,0
kirana_merchant,22813.34,49,0.947,0.458,30,0.556,0.36,0.287,43.8,1
kirana_merchant,9960.12,47,0.851,0.236,3,0.688,0.809,0.14,49.9,0
gig_worker,17399.64,45,1.089,0.816,0,0.405,0.0,0.177,67.7,0
gig_worker,12577.18,60,1.068,0.285,7,0.999,0.0,0.101,72.5,0
gig_worker,32600.41,47,0.741,0.84,17,0.692,0.0,0.071,61.4,1
gig_worker,26910.44,51,0.793,0.195,2,0.978,0.0,0.137,54.5,0
kirana_merchant,31303.37,49,0.816,0.773,6,0.818,0.372,0.242,54.9,0
gig_worker,25532.93,44,0.652,0.247,2,0.901,0.0,0.216,59.2,0
gig_worker,13397.87,58,0.802,0.851,5,0.407,0.0,0.268,67.9,0
kirana_merchant,34778.71,46,0.987,0.559,2,0.715,0.879,0.315,72.5,0
kirana_merchant,70341.15,50,1.023,0.252,5,0.483,0.417,0.037,64.6,0
freelancer,33011.34,51,1.043,0.776,2,0.854,0.0,0.102,24.5,1
kirana_merchant,21742.79,51,0.607,0.412,10,0.981,0.576,0.278,50.9,0
gig_worker,13173.55,46,0.994,0.686,6,0.371,0.0,0.325,52.0,1
freelancer,17085.18,46,0.851,0.615,2,0.789,0.0,0.329,55.3,0
kirana_merchant,33742.72,41,0.703,0.671,1,0.796,0.652,0.081,45.4,0
gig_worker,46007.47,45,0.849,0.375,13,0.48,0.0,0.054,88.4,0
kirana_merchant,30651.38,40,1.022,0.851,2,0.315,0.976,0.327,48.5,0
freelancer,40132.58,46,0.817,0.548,1,0.455,0.0,0.042,29.8,1
gig_worker,38324.29,44,1.095,0.162,1,0.334,0.0,0.238,68.1,0
gig_worker,34657.42,54,0.908,0.153,11,0.907,0.0,0.152,66.6,0
gig_worker,19356.11,48,0.845,0.691,2,0.862,0.0,0.112,78.2,1
gig_worker,29347.47,47,0.747,0.78,4,0.812,0.0,0.11,61.3,0
kirana_merchant,17602.76,38,0.606,0.656,21,0.807,0.307,0.138,44.2,1
kirana_merchant,27138.66,45,0.905,0.322,3,0.52,0.621,0.14,45.9,0
gig_worker,31743.14,44,0.889,0.281,7,0.926,0.0,0.289,49.8,0
freelancer,62279.77,34,0.858,0.552,11,0.848,0.0,0.195,19.4,1
kirana_merchant,13976.52,43,0.869,0.257,12,0.925,0.507,0.331,17.2,0
kirana_merchant,34226.44,48,1.022,0.403,0,0.599,0.834,0.231,39.3,0
freelancer,56422.22,45,0.758,0.603,0,0.427,0.0,0.155,34.6,0
gig_worker,39317.46,58,0.875,0.328,2,0.719,0.0,0.196,82.2,0
kirana_merchant,40801.44,43,0.94,0.4,1,0.746,0.428,0.33,30.0,0
kirana_merchant,36092.76,41,0.705,0.388,1,0.765,0.89,0.295,22.7,0
freelancer,51491.25,41,1.062,0.468,0,0.51,0.0,0.325,27.9,0
kirana_merchant,15619.27,47,0.969,0.639,7,0.613,0.739,0.254,50.2,0
gig_worker,13454.07,44,0.627,0.726,0,0.289,0.0,0.229,96.0,0
freelancer,26818.12,47,1.033,0.632,4,0.68,0.0,0.101,37.5,0
gig_worker,9130.89,47,1.065,0.121,6,0.572,0.0,0.137,57.5,0
freelancer,49777.73,42,0.997,0.817,0,0.352,0.0,0.039,42.1,1
freelancer,49531.18,54,0.813,0.565,4,0.594,0.0,0.21,37.6,1
gig_worker,21662.21,48,1.097,0.836,0,0.479,0.0,0.231,72.5,1
kirana_merchant,22350.74,40,0.662,0.871,0,0.724,0.669,0.268,22.6,0
gig_worker,25947.39,50,0.868,0.474,1,0.846,0.0,0.302,77.5,0
kirana_merchant,27612.13,42,0.685,0.833,3,0.528,0.185,0.117,36.5,0
kirana_merchant,28669.44,36,0.82,0.392,14,0.867,0.221,0.078,36.4,0
kirana_merchant,35564.96,49,1.064,0.308,5,0.339,0.245,0.059,58.4,0
freelancer,24678.48,58,0.997,0.159,0,0.709,0.0,0.199,44.7,0
kirana_merchant,43113.72,41,0.991,0.461,7,0.543,0.566,0.108,25.8,0
kirana_merchant,33623.28,43,0.777,0.651,0,0.501,0.911,0.085,68.0,1
freelancer,19861.1,56,1.067,0.881,0,0.383,0.0,0.204,51.7,0
freelancer,52446.89,49,0.784,0.517,4,0.394,0.0,0.218,23.4,0
gig_worker,13641.49,53,0.62,0.688,4,0.567,0.0,0.066,41.4,1
freelancer,25691.54,50,0.919,0.817,1,0.871,0.0,0.193,41.3,0
gig_worker,43628.19,50,0.781,0.535,2,0.641,0.0,0.051,75.7,0
freelancer,18740.9,55,0.677,0.233,2,0.658,0.0,0.28,22.0,0
gig_worker,31406.74,41,1.067,0.779,2,0.77,0.0,0.214,97.5,0
gig_worker,35301.11,51,0.919,0.559,32,0.433,0.0,0.217,70.5,1
kirana_merchant,17496.18,39,1.07,0.707,0,0.504,0.674,0.257,43.4,1
kirana_merchant,25945.7,41,0.891,0.627,6,0.879,0.171,0.091,49.4,0
gig_worker,24878.22,46,0.632,0.149,1,0.241,0.0,0.082,89.2,0
gig_worker,20417.16,48,0.615,0.235,0,0.611,0.0,0.123,76.0,0
kirana_merchant,85036.63,59,1.05,0.329,1,0.628,0.14,0.211,45.3,0
freelancer,18369.5,47,0.619,0.328,0,0.642,0.0,0.292,14.3,0
gig_worker,44465.33,40,0.908,0.771,15,0.809,0.0,0.347,71.7,0
gig_worker,22105.89,42,0.749,0.579,5,0.561,0.0,0.291,90.8,1
kirana_merchant,15625.85,44,0.944,0.167,0,0.875,0.395,0.183,33.3,0
gig_worker,28322.37,38,0.742,0.41,4,0.471,0.0,0.21,73.8,0
freelancer,37217.96,43,0.619,0.545,4,0.472,0.0,0.113,5.0,1
freelancer,42627.5,36,0.965,0.301,2,0.971,0.0,0.094,57.4,0
kirana_merchant,58755.06,34,0.755,0.132,10,0.46,0.45,0.067,42.3,0
gig_worker,117315.61,30,0.875,0.404,2,0.354,0.0,0.191,69.7,0
kirana_merchant,30493.14,47,0.987,0.469,3,0.641,0.837,0.078,52.3,0
kirana_merchant,19311.46,51,0.951,0.824,0,0.962,0.788,0.038,48.8,1
freelancer,33739.93,31,0.774,0.827,7,0.823,0.0,0.079,42.3,0
kirana_merchant,23550.29,41,0.974,0.5,15,0.549,0.758,0.147,25.4,0
kirana_merchant,42743.96,41,1.063,0.477,0,0.605,0.125,0.095,65.2,0
kirana_merchant,14064.62,37,0.905,0.612,5,0.998,0.159,0.093,62.5,0
kirana_merchant,87918.65,46,0.952,0.306,6,0.775,0.952,0.101,49.4,0
freelancer,41275.49,46,1.033,0.329,2,0.281,0.0,0.312,59.4,0
kirana_merchant,11591.16,41,1.022,0.102,1,0.688,0.377,0.047,44.5,0
kirana_merchant,18872.96,36,0.776,0.163,11,0.954,0.431,0.126,36.6,1
gig_worker,40458.84,34,1.096,0.243,4,0.354,0.0,0.15,75.9,0
kirana_merchant,48444.4,56,0.614,0.612,3,0.819,0.73,0.113,63.2,0
kirana_merchant,14241.01,35,1.093,0.27,0,0.532,0.833,0.146,37.4,0
gig_worker,38426.9,35,0.723,0.199,1,0.315,0.0,0.228,65.3,0
gig_worker,10161.18,52,0.82,0.593,2,0.871,0.0,0.066,57.2,1
kirana_merchant,25727.92,54,1.042,0.621,2,0.712,0.392,0.139,43.8,0
kirana_merchant,46911.75,40,0.722,0.148,3,0.21,0.946,0.066,47.4,0
kirana_merchant,20419.43,43,0.712,0.718,2,0.865,0.485,0.261,27.5,0
gig_worker,12664.26,50,0.922,0.585,1,0.629,0.0,0.305,44.2,0
kirana_merchant,28943.69,50,0.953,0.418,4,0.699,0.788,0.203,38.1,0
gig_worker,19883.4,49,0.604,0.887,3,0.651,0.0,0.04,75.6,0
kirana_merchant,36856.2,47,0.825,0.108,5,0.512,0.571,0.167,71.3,0
gig_worker,17280.55,41,0.845,0.536,3,0.309,0.0,0.158,83.0,1
gig_worker,18282.17,38,0.736,0.228,1,0.775,0.0,0.284,99.0,0
gig_worker,9793.74,39,0.873,0.363,1,0.747,0.0,0.039,65.3,0
gig_worker,29289.15,56,0.677,0.207,4,0.887,0.0,0.341,78.6,0
gig_worker,24823.54,41,0.762,0.635,8,0.692,0.0,0.09,70.5,0
gig_worker,14850.78,42,0.957,0.421,0,0.235,0.0,0.291,99.0,0
kirana_merchant,29640.57,42,1.037,0.889,8,0.53,0.038,0.281,53.7,1
kirana_merchant,44960.3,46,0.895,0.623,0,0.284,0.18,0.273,6.4,1
gig_worker,24154.26,46,0.637,0.834,7,0.677,0.0,0.062,63.4,0
freelancer,30763.48,52,0.939,0.293,0,0.363,0.0,0.047,13.5,0
gig_worker,30842.71,52,1.049,0.355,15,0.955,0.0,0.168,90.3,0
kirana_merchant,14732.85,45,0.852,0.39,1,0.324,0.384,0.264,31.1,0
gig_worker,75229.06,51,0.847,0.771,10,0.866,0.0,0.245,78.0,0
gig_worker,21259.84,50,1.096,0.269,2,0.687,0.0,0.276,69.9,0
kirana_merchant,37348.88,51,0.918,0.857,7,0.447,0.413,0.059,37.6,0
kirana_merchant,39521.8,39,1.003,0.135,6,0.833,0.232,0.161,28.6,1
freelancer,25089.44,37,0.923,0.812,22,0.973,0.0,0.173,28.7,1
kirana_merchant,36439.09,47,0.71,0.461,2,0.315,0.991,0.1,44.8,0
freelancer,30421.64,39,0.742,0.521,11,0.872,0.0,0.21,31.1,0
gig_worker,13242.41,36,0.933,0.898,6,0.849,0.0,0.033,79.2,0
gig_worker,22785.14,42,0.828,0.796,2,0.808,0.0,0.276,47.7,0
gig_worker,19805.69,38,0.802,0.823,0,0.416,0.0,0.091,51.6,1
gig_worker,21356.84,48,0.611,0.568,0,0.816,0.0,0.265,82.6,0
kirana_merchant,14016.61,46,1.042,0.865,0,0.263,0.489,0.044,27.5,0
kirana_merchant,47250.42,34,1.042,0.65,0,0.284,0.412,0.184,19.1,0
gig_worker,59933.83,49,0.83,0.755,0,0.446,0.0,0.093,76.0,0
freelancer,43870.68,42,0.95,0.677,1,0.406,0.0,0.149,33.3,0
freelancer,50780.34,42,0.689,0.725,0,0.581,0.0,0.312,48.8,0
gig_worker,22644.73,39,0.852,0.61,12,0.652,0.0,0.167,35.2,0
gig_worker,19572.32,39,0.819,0.681,1,0.441,0.0,0.11,47.7,0
gig_worker,18227.86,45,0.928,0.449,5,0.757,0.0,0.12,79.3,0
gig_worker,37124.5,42,0.835,0.665,5,0.206,0.0,0.229,79.5,0
gig_worker,30137.68,44,0.849,0.321,7,0.383,0.0,0.264,82.8,0
kirana_merchant,25884.23,34,0.748,0.608,7,0.483,0.272,0.034,53.8,1
gig_worker,51409.3,43,0.624,0.519,1,0.515,0.0,0.184,72.9,0
gig_worker,32940.91,46,1.059,0.819,1,0.491,0.0,0.159,63.6,1
freelancer,17688.52,42,0.606,0.639,0,0.21,0.0,0.148,7.9,1
kirana_merchant,19140.19,47,0.741,0.577,0,0.95,0.588,0.155,75.0,0
freelancer,37835.26,51,0.824,0.35,1,0.811,0.0,0.254,21.4,0
gig_worker,45291.13,41,0.76,0.79,3,0.205,0.0,0.35,88.4,0
gig_worker,35448.64,41,0.876,0.143,6,0.481,0.0,0.342,63.5,0
kirana_merchant,69455.7,51,0.831,0.82,11,0.554,0.777,0.253,40.2,0
gig_worker,60931.38,37,0.728,0.622,2,0.373,0.0,0.1,60.5,0
gig_worker,33540.8,40,0.644,0.252,1,0.933,0.0,0.022,72.9,0
kirana_merchant,17689.2,42,0.669,0.822,1,0.784,0.897,0.276,51.8,0
kirana_merchant,13974.73,49,0.843,0.361,1,0.891,0.294,0.179,16.4,0
kirana_merchant,22165.87,38,1.023,0.235,1,0.79,0.381,0.112,52.1,0
kirana_merchant,39206.85,42,0.65,0.355,1,0.484,0.318,0.159,70.4,0
kirana_merchant,67058.69,44,0.939,0.869,10,0.581,0.242,0.266,52.3,1
gig_worker,33147.53,37,0.996,0.702,2,0.248,0.0,0.035,83.2,0
gig_worker,48260.15,43,0.738,0.833,1,0.537,0.0,0.188,69.5,0
gig_worker,23797.75,49,0.934,0.339,9,0.841,0.0,0.145,64.7,0
gig_worker,36731.3,53,0.943,0.166,7,0.798,0.0,0.088,75.4,0
freelancer,40606.3,56,0.954,0.55,6,0.828,0.0,0.315,19.6,1
kirana_merchant,9998.62,58,1.045,0.486,3,0.417,0.738,0.258,39.6,0
kirana_merchant,21878.96,49,0.799,0.676,2,0.279,0.791,0.269,17.1,1
gig_worker,43254.22,56,0.722,0.534,2,0.568,0.0,0.246,56.0,0
gig_worker,30860.56,56,0.872,0.417,3,0.584,0.0,0.122,88.5,0
gig_worker,14790.53,58,0.631,0.104,3,0.7,0.0,0.03,37.3,0
gig_worker,7981.96,39,0.767,0.474,2,0.275,0.0,0.217,82.4,0
gig_worker,22406.57,37,1.042,0.197,0,0.231,0.0,0.129,99.0,0
kirana_merchant,25957.27,41,0.866,0.838,8,0.798,0.549,0.111,48.0,1
kirana_merchant,17292.68,46,0.818,0.837,4,0.713,0.012,0.244,28.6,1
kirana_merchant,28898.43,57,0.733,0.743,1,0.376,0.474,0.137,53.8,0
kirana_merchant,34654.86,53,0.725,0.226,0,0.871,0.74,0.342,21.0,0
freelancer,37621.97,70,0.718,0.218,0,0.478,0.0,0.319,23.9,0
gig_worker,8283.66,50,1.015,0.551,0,0.584,0.0,0.035,53.4,0
gig_worker,13944.74,38,1.093,0.682,1,0.301,0.0,0.054,53.4,0
gig_worker,23102.33,41,0.867,0.824,2,0.978,0.0,0.202,84.3,1
kirana_merchant,35813.73,46,0.64,0.815,6,0.78,0.741,0.029,41.1,0
freelancer,34358.92,28,0.976,0.224,3,0.392,0.0,0.167,45.3,1
gig_worker,34061.91,54,1.039,0.896,2,0.959,0.0,0.154,75.2,1
freelancer,22209.85,46,1.066,0.225,1,0.506,0.0,0.236,13.0,0
freelancer,22838.05,49,0.914,0.772,0,0.54,0.0,0.165,31.6,1
gig_worker,18691.71,51,0.853,0.57,0,0.332,0.0,0.07,58.7,1
gig_worker,39501.62,59,0.91,0.643,1,0.541,0.0,0.079,65.3,0
kirana_merchant,16979.39,44,0.606,0.583,8,0.979,0.762,0.146,42.6,0
freelancer,41151.6,45,0.928,0.796,1,0.547,0.0,0.102,31.4,0
gig_worker,29849.6,39,0.955,0.61,2,0.76,0.0,0.298,74.9,0
kirana_merchant,26304.04,34,0.961,0.779,1,0.983,0.263,0.35,46.0,0
gig_worker,19373.18,41,0.882,0.223,0,0.698,0.0,0.28,58.0,0
kirana_merchant,13660.03,35,0.95,0.793,0,0.428,0.47,0.129,45.7,0
kirana_merchant,19461.11,43,0.919,0.894,0,0.475,0.505,0.173,71.8,0
kirana_merchant,22810.96,39,0.658,0.629,1,0.389,0.591,0.169,35.3,0
freelancer,8229.56,48,1.049,0.881,1,0.957,0.0,0.324,14.0,0
freelancer,24375.22,32,0.911,0.276,3,0.914,0.0,0.218,32.3,0
freelancer,42709.59,47,0.964,0.763,2,0.709,0.0,0.256,47.9,0
gig_worker,35725.11,42,0.771,0.235,4,0.263,0.0,0.124,81.1,1
kirana_merchant,20992.01,46,1.06,0.513,1,0.833,0.41,0.035,49.9,0
gig_worker,27542.02,48,0.851,0.631,8,0.854,0.0,0.093,94.2,0
kirana_merchant,20372.02,33,0.94,0.628,0,0.8,0.364,0.069,67.2,0
kirana_merchant,28980.55,46,1.076,0.637,4,0.337,0.896,0.169,62.1,0
kirana_merchant,58107.73,47,1.058,0.357,10,0.426,0.191,0.204,39.7,1
kirana_merchant,43662.7,50,0.922,0.879,4,0.85,0.584,0.08,89.0,0
freelancer,34905.41,55,0.683,0.105,2,0.555,0.0,0.153,26.0,0
gig_worker,21026.89,52,1.075,0.597,1,0.394,0.0,0.192,84.5,0
kirana_merchant,39142.7,38,1.092,0.793,3,0.714,0.986,0.114,33.5,0
gig_worker,11574.52,34,0.652,0.813,6,0.675,0.0,0.157,82.7,0
gig_worker,23714.06,46,0.825,0.676,1,0.616,0.0,0.025,80.1,0
gig_worker,36020.94,53,0.874,0.56,7,0.475,0.0,0.152,67.4,0
freelancer,38956.88,35,0.646,0.466,5,0.82,0.0,0.229,5.0,0
freelancer,37606.88,50,0.695,0.46,0,0.655,0.0,0.177,68.6,0
freelancer,31176.36,50,0.869,0.44,1,0.892,0.0,0.207,60.1,1
freelancer,24395.1,41,1.082,0.66,0,0.864,0.0,0.276,58.3,0
gig_worker,35206.57,55,0.614,0.685,3,0.954,0.0,0.349,51.6,0
gig_worker,16706.77,42,1.056,0.512,5,0.793,0.0,0.158,85.9,0
kirana_merchant,17635.36,42,1.049,0.693,5,0.311,0.142,0.077,41.7,0
kirana_merchant,27746.57,43,1.029,0.523,18,0.492,0.563,0.343,37.3,1
kirana_merchant,29336.82,54,0.789,0.178,3,0.802,0.911,0.114,30.8,0
gig_worker,10798.82,39,0.845,0.781,3,0.308,0.0,0.106,92.4,1
kirana_merchant,33778.28,35,0.802,0.796,13,0.741,0.344,0.307,49.2,0
kirana_merchant,39591.28,44,1.074,0.313,2,0.463,0.994,0.315,44.3,0
gig_worker,25883.41,49,0.861,0.729,8,0.389,0.0,0.131,77.2,1
kirana_merchant,88188.61,58,0.64,0.509,1,0.636,0.499,0.234,47.2,0
kirana_merchant,19120.81,47,0.737,0.199,2,0.272,0.069,0.248,60.1,0
kirana_merchant,22459.22,47,0.831,0.418,4,0.755,0.366,0.193,10.7,0
gig_worker,22080.86,37,1.077,0.161,25,0.526,0.0,0.217,66.4,1
kirana_merchant,25897.62,62,0.884,0.729,0,0.678,0.502,0.138,21.7,0
gig_worker,22825.59,49,0.948,0.257,2,0.27,0.0,0.253,75.5,0
gig_worker,13314.31,49,0.644,0.232,2,0.551,0.0,0.314,50.0,0
kirana_merchant,20470.21,49,1.039,0.267,10,0.828,0.422,0.305,24.3,0
kirana_merchant,25621.56,35,0.87,0.281,0,0.768,0.026,0.289,49.1,0
gig_worker,49726.14,46,1.061,0.639,0,0.631,0.0,0.071,67.9,1
kirana_merchant,80912.34,37,0.823,0.611,6,0.354,0.568,0.272,49.7,1
kirana_merchant,52456.36,54,0.942,0.203,11,0.672,0.173,0.074,24.8,0
kirana_merchant,18257.12,40,0.835,0.68,0,0.741,0.613,0.283,40.2,0
kirana_merchant,18998.12,38,0.671,0.379,0,0.648,0.575,0.127,43.2,0
kirana_merchant,24843.11,35,0.736,0.466,12,0.804,0.359,0.065,22.1,0
kirana_merchant,65662.25,40,0.634,0.2,12,0.501,0.06,0.26,32.8,1
gig_worker,24767.51,54,0.82,0.667,3,0.516,0.0,0.173,74.5,0
gig_worker,13852.85,46,0.925,0.401,1,0.953,0.0,0.202,66.9,0
kirana_merchant,20939.89,40,0.722,0.606,1,0.928,0.097,0.304,30.4,0
kirana_merchant,39282.25,43,0.845,0.442,8,0.345,0.913,0.141,47.7,0
kirana_merchant,37985.89,40,0.829,0.139,4,0.396,0.147,0.112,35.9,0
gig_worker,24340.37,38,0.867,0.663,3,0.654,0.0,0.151,76.0,0
gig_worker,37862.15,43,0.692,0.542,4,0.646,0.0,0.229,79.7,0
kirana_merchant,8633.57,48,0.867,0.447,0,0.263,0.858,0.094,53.6,0
gig_worker,28336.74,41,0.782,0.261,0,0.931,0.0,0.282,73.8,0
kirana_merchant,41371.3,53,0.743,0.599,3,0.819,0.555,0.311,41.1,0
gig_worker,17739.84,42,0.893,0.32,0,0.837,0.0,0.321,71.4,0
kirana_merchant,17709.04,36,0.674,0.443,1,0.753,0.203,0.223,65.1,0
freelancer,10580.58,36,1.05,0.145,2,0.333,0.0,0.33,25.6,0
gig_worker,59572.41,58,1.067,0.721,2,0.491,0.0,0.065,91.1,0
kirana_merchant,18768.27,44,0.93,0.172,4,0.461,0.862,0.205,35.9,0
gig_worker,30349.08,51,0.752,0.813,10,0.991,0.0,0.168,78.7,0
kirana_merchant,36386.7,49,0.913,0.794,9,0.291,0.701,0.343,47.2,0
kirana_merchant,57298.74,56,0.901,0.877,3,0.644,0.69,0.05,54.9,0
kirana_merchant,24910.66,45,0.796,0.827,1,0.818,0.118,0.152,5.0,0
kirana_merchant,20543.2,45,0.744,0.877,4,0.526,0.815,0.074,53.0,0
freelancer,29334.92,41,0.684,0.81,0,0.622,0.0,0.137,33.3,1
gig_worker,51125.57,44,0.709,0.19,3,0.333,0.0,0.307,80.8,0
gig_worker,24708.78,36,0.927,0.45,5,0.366,0.0,0.094,76.1,0
freelancer,16690.01,55,1.043,0.161,0,0.756,0.0,0.183,49.9,0
kirana_merchant,12451.81,39,0.792,0.536,15,0.779,0.759,0.088,28.2,0
freelancer,14608.39,49,0.661,0.524,0,0.647,0.0,0.343,8.7,0
kirana_merchant,41448.03,43,0.606,0.838,2,0.924,0.8,0.045,18.1,0
freelancer,22918.23,46,0.803,0.876,2,0.498,0.0,0.3,28.4,0
kirana_merchant,19855.56,46,0.716,0.308,0,0.781,0.575,0.328,31.1,0
kirana_merchant,18807.6,41,0.761,0.566,1,0.78,0.115,0.277,52.2,0
freelancer,28071.86,51,0.721,0.472,0,0.57,0.0,0.142,54.4,0
kirana_merchant,23867.49,45,0.932,0.537,0,0.863,0.153,0.151,55.6,0
gig_worker,23468.96,48,0.919,0.525,10,0.621,0.0,0.03,63.7,1
gig_worker,52820.89,33,1.056,0.831,5,0.701,0.0,0.084,70.6,1
gig_worker,58046.99,45,0.95,0.817,3,0.235,0.0,0.327,80.3,0
gig_worker,12027.96,47,0.682,0.198,8,0.752,0.0,0.26,91.0,0
gig_worker,31691.26,40,0.976,0.376,3,0.721,0.0,0.202,86.9,0
kirana_merchant,18243.59,34,0.691,0.702,9,0.925,0.878,0.347,61.1,0
kirana_merchant,23762.75,50,0.879,0.647,6,0.313,0.113,0.271,50.5,0
kirana_merchant,31402.39,45,0.639,0.605,1,0.352,0.772,0.223,62.0,0
kirana_merchant,24188.68,45,0.624,0.895,2,0.585,0.143,0.191,56.8,1
gig_worker,30188.91,47,0.832,0.37,3,0.478,0.0,0.174,50.3,0
gig_worker,37664.95,48,0.652,0.512,4,0.312,0.0,0.302,76.4,0
gig_worker,31172.4,46,0.753,0.883,5,0.322,0.0,0.179,60.1,0
kirana_merchant,19469.06,52,0.769,0.656,5,0.772,0.255,0.164,30.3,0
gig_worker,19641.5,54,0.985,0.619,7,0.799,0.0,0.096,74.2,0
gig_worker,13097.12,53,0.766,0.224,11,0.913,0.0,0.23,71.9,1
kirana_merchant,17554.05,54,0.847,0.297,4,0.448,0.416,0.03,40.3,0
freelancer,71756.53,50,0.986,0.402,4,0.563,0.0,0.104,16.8,0
gig_worker,18105.99,49,0.702,0.472,1,0.311,0.0,0.193,69.7,0
kirana_merchant,14813.74,37,1.002,0.498,4,0.299,0.682,0.122,25.0,0
kirana_merchant,31570.04,40,1.016,0.822,5,0.209,0.707,0.19,49.0,0
kirana_merchant,25458.82,50,1.094,0.186,0,0.336,0.913,0.098,43.5,0
freelancer,24396.71,45,0.822,0.299,14,0.424,0.0,0.303,45.4,1
gig_worker,54421.96,41,0.785,0.215,2,0.652,0.0,0.057,58.1,0
gig_worker,35403.41,45,0.951,0.688,1,0.697,0.0,0.093,88.6,0
freelancer,20640.36,35,0.629,0.876,6,0.638,0.0,0.173,39.1,1
kirana_merchant,21758.55,42,0.62,0.815,8,0.226,0.45,0.165,98.1,0
kirana_merchant,20925.14,47,0.767,0.679,1,0.617,0.927,0.242,30.3,0
kirana_merchant,41663.05,52,0.965,0.117,3,0.561,0.097,0.253,70.2,1
kirana_merchant,23061.65,37,0.658,0.378,5,0.817,0.648,0.237,31.7,0
freelancer,10975.53,47,0.918,0.791,6,0.926,0.0,0.231,51.6,0
freelancer,26261.0,39,0.735,0.622,1,0.731,0.0,0.168,43.6,0
kirana_merchant,12475.06,48,0.926,0.268,3,0.769,0.647,0.167,20.1,0
gig_worker,80186.89,44,0.828,0.473,10,0.511,0.0,0.049,68.0,1
freelancer,16600.13,46,0.658,0.17,3,0.673,0.0,0.021,50.3,0
gig_worker,24811.63,45,0.724,0.517,1,0.637,0.0,0.302,69.1,0
gig_worker,30610.59,38,0.71,0.821,1,0.978,0.0,0.023,85.9,0
freelancer,23287.47,43,0.682,0.131,1,0.786,0.0,0.319,44.5,1
gig_worker,23271.5,28,0.834,0.591,0,0.421,0.0,0.089,87.4,0
gig_worker,33220.21,54,1.077,0.286,0,0.91,0.0,0.205,79.3,0
gig_worker,57705.51,52,0.929,0.892,6,0.629,0.0,0.327,58.9,1
freelancer,39488.1,42,1.018,0.152,1,0.327,0.0,0.146,37.1,0
kirana_merchant,56345.46,45,1.091,0.594,4,0.867,0.674,0.286,47.0,0
kirana_merchant,15941.65,38,0.87,0.305,19,0.622,0.412,0.211,44.1,0
gig_worker,31529.58,38,0.719,0.806,21,0.263,0.0,0.162,61.7,1
kirana_merchant,29074.68,49,1.064,0.198,20,0.513,0.787,0.073,40.2,1
kirana_merchant,32065.81,49,0.949,0.443,3,0.59,0.786,0.076,53.4,1
gig_worker,53536.34,51,1.079,0.248,2,0.422,0.0,0.123,72.6,0
kirana_merchant,24091.28,44,0.926,0.74,5,0.435,0.847,0.315,6.2,0
gig_worker,21965.94,44,0.988,0.381,15,0.304,0.0,0.081,90.2,0
freelancer,35136.31,49,1.045,0.249,6,0.768,0.0,0.279,29.3,1
kirana_merchant,11057.88,41,0.98,0.681,2,0.243,0.563,0.056,17.9,0
freelancer,23898.57,42,0.881,0.754,1,0.426,0.0,0.288,36.0,0
gig_worker,25157.24,42,0.836,0.47,4,0.369,0.0,0.043,63.4,0
kirana_merchant,16980.5,44,1.012,0.403,5,0.559,0.506,0.093,29.7,0
kirana_merchant,45639.53,44,0.986,0.606,1,0.829,0.623,0.096,46.8,0
kirana_merchant,15817.62,36,0.783,0.621,6,0.439,0.451,0.292,66.3,1
freelancer,25136.18,55,0.849,0.629,0,0.898,0.0,0.214,43.0,0
gig_worker,31150.28,45,0.917,0.321,11,0.894,0.0,0.23,52.9,0
gig_worker,52930.01,55,0.614,0.853,5,0.526,0.0,0.29,68.3,0
kirana_merchant,26761.56,47,0.724,0.271,5,0.863,0.17,0.272,37.2,0
kirana_merchant,42962.24,37,0.725,0.399,3,0.44,0.312,0.026,52.4,1
kirana_merchant,38188.81,50,1.042,0.327,1,0.407,0.071,0.124,13.2,0
gig_worker,28616.21,35,0.766,0.845,4,0.896,0.0,0.114,80.2,0
kirana_merchant,15603.39,52,0.873,0.763,1,0.739,0.05,0.284,29.2,0
gig_worker,13130.72,54,1.016,0.749,8,0.395,0.0,0.023,64.0,1
kirana_merchant,28374.69,41,0.73,0.104,2,0.221,0.25,0.026,58.7,0
kirana_merchant,20509.67,48,0.662,0.649,3,0.8,0.755,0.086,49.4,0
kirana_merchant,42600.9,51,1.074,0.284,1,0.449,0.04,0.097,52.7,1
gig_worker,39062.89,51,0.952,0.874,0,0.278,0.0,0.075,85.6,0
kirana_merchant,24531.04,45,0.689,0.525,5,0.431,0.931,0.048,39.6,0
gig_worker,15080.28,34,1.01,0.552,8,0.547,0.0,0.238,58.1,0
gig_worker,34730.3,54,0.994,0.385,3,0.375,0.0,0.072,75.6,0
kirana_merchant,16171.82,38,1.019,0.529,1,0.248,0.331,0.23,57.2,1
freelancer,18412.19,45,0.738,0.7,0,0.467,0.0,0.171,37.0,0
gig_worker,16486.42,51,0.824,0.55,0,0.601,0.0,0.304,90.5,0
kirana_merchant,25103.17,36,0.947,0.613,7,0.836,0.429,0.109,38.8,0
freelancer,48295.62,37,0.795,0.478,6,0.826,0.0,0.345,32.9,0
freelancer,26835.46,46,0.635,0.673,1,0.328,0.0,0.203,18.9,1
gig_worker,21555.59,49,0.668,0.82,2,0.575,0.0,0.339,58.8,0
freelancer,12546.44,34,0.899,0.141,2,0.893,0.0,0.234,39.2,0
gig_worker,35456.51,47,0.788,0.186,0,0.241,0.0,0.099,54.1,0
gig_worker,18211.3,46,0.603,0.648,5,0.588,0.0,0.119,71.2,0
gig_worker,28531.35,42,0.983,0.402,2,0.602,0.0,0.072,71.5,0
kirana_merchant,22536.48,37,0.808,0.325,9,0.864,0.088,0.161,53.4,0
gig_worker,40908.31,60,0.757,0.243,16,0.598,0.0,0.129,85.4,0
gig_worker,24869.11,50,0.957,0.558,0,0.281,0.0,0.103,79.0,1
gig_worker,26122.1,41,0.828,0.378,4,0.752,0.0,0.086,99.0,0
freelancer,34299.07,52,0.947,0.506,6,0.655,0.0,0.296,37.7,0
freelancer,77147.16,41,0.607,0.867,0,0.574,0.0,0.297,62.1,0
gig_worker,41949.57,42,0.605,0.707,14,0.43,0.0,0.199,38.3,1
freelancer,25737.31,41,0.88,0.737,3,0.261,0.0,0.22,41.3,0
freelancer,26946.24,43,1.091,0.199,1,0.934,0.0,0.159,30.2,0
kirana_merchant,20693.4,29,0.736,0.36,2,0.874,0.919,0.227,49.5,0
gig_worker,16730.73,42,0.941,0.185,0,0.952,0.0,0.28,76.6,0
kirana_merchant,20406.82,48,0.686,0.875,3,0.953,0.884,0.182,57.4,0
freelancer,18286.63,47,0.756,0.646,10,0.339,0.0,0.281,47.0,0
kirana_merchant,37297.6,39,0.639,0.115,0,0.457,0.15,0.315,46.9,0
gig_worker,15746.96,38,1.04,0.48,7,0.582,0.0,0.347,55.6,1
kirana_merchant,52397.03,47,0.755,0.311,2,0.525,0.352,0.338,53.5,0
kirana_merchant,39183.98,37,0.715,0.532,11,0.971,0.273,0.102,24.6,1
kirana_merchant,27180.39,45,0.965,0.243,0,0.436,0.592,0.222,30.1,0
gig_worker,26907.47,52,0.7,0.145,11,0.297,0.0,0.138,78.7,0
gig_worker,20360.65,37,0.72,0.359,8,0.572,0.0,0.251,74.6,1
freelancer,30792.99,33,0.652,0.336,0,0.607,0.0,0.086,21.3,0
freelancer,46353.23,45,1.081,0.674,12,0.527,0.0,0.111,16.4,1
gig_worker,18928.46,38,0.724,0.48,6,0.83,0.0,0.34,73.7,0
freelancer,12497.75,38,1.098,0.333,1,0.595,0.0,0.22,32.8,0
gig_worker,38238.92,38,0.688,0.556,0,0.445,0.0,0.086,64.3,0
kirana_merchant,31640.18,40,0.61,0.157,4,0.589,0.759,0.15,54.5,0
kirana_merchant,15365.82,46,1.048,0.63,6,0.92,0.935,0.138,43.5,0
freelancer,18644.46,48,0.89,0.218,11,0.889,0.0,0.097,51.3,0
freelancer,17508.61,52,0.776,0.324,2,0.724,0.0,0.04,44.9,0
gig_worker,18727.23,46,0.857,0.326,2,0.721,0.0,0.343,50.4,0
freelancer,22883.21,52,0.73,0.473,0,0.682,0.0,0.142,8.6,1
gig_worker,23546.36,32,0.917,0.863,3,0.383,0.0,0.2,83.6,0
kirana_merchant,19430.58,42,0.908,0.36,14,0.693,0.535,0.153,62.1,0
kirana_merchant,18414.95,48,0.64,0.325,6,0.68,0.33,0.254,53.5,1
kirana_merchant,23995.17,48,1.055,0.235,0,0.655,0.842,0.266,30.5,0
gig_worker,29256.17,35,0.83,0.414,0,0.844,0.0,0.317,92.1,0
freelancer,22967.87,48,0.698,0.246,5,0.236,0.0,0.126,44.0,0
gig_worker,48018.11,50,0.754,0.21,1,0.566,0.0,0.343,86.4,0
gig_worker,34684.35,38,1.033,0.786,12,0.243,0.0,0.283,81.8,1
kirana_merchant,12143.84,45,0.792,0.142,0,0.837,0.725,0.083,37.4,0
kirana_merchant,34956.65,43,0.881,0.669,1,0.386,0.202,0.186,45.0,0
freelancer,36416.31,27,1.074,0.262,3,0.492,0.0,0.132,33.0,0
gig_worker,21647.22,46,0.926,0.109,4,0.462,0.0,0.189,99.0,0
gig_worker,12738.72,40,0.938,0.736,4,0.95,0.0,0.122,77.1,0
freelancer,27011.92,49,0.724,0.662,5,0.471,0.0,0.1,44.5,0
kirana_merchant,26799.69,36,0.934,0.367,6,0.241,0.881,0.265,44.5,0
gig_worker,15354.7,37,0.797,0.163,2,0.23,0.0,0.19,54.4,0
kirana_merchant,13021.93,44,1.056,0.389,1,0.373,0.435,0.201,29.5,0
kirana_merchant,25750.86,39,0.665,0.245,0,0.272,0.531,0.16,43.1,0
kirana_merchant,23943.72,49,0.743,0.846,5,0.835,0.411,0.321,15.3,1
kirana_merchant,21837.14,41,0.633,0.524,2,0.74,0.629,0.036,34.4,0
freelancer,25804.25,42,0.79,0.871,3,0.821,0.0,0.279,39.5,1
freelancer,15500.26,41,0.674,0.381,0,0.626,0.0,0.286,32.7,0
kirana_merchant,21646.3,41,1.023,0.545,9,0.579,0.239,0.149,50.1,0
gig_worker,35124.79,47,1.063,0.252,0,0.49,0.0,0.043,82.3,0
freelancer,22584.41,39,0.935,0.747,0,0.851,0.0,0.278,18.2,1
kirana_merchant,11661.1,46,0.652,0.133,2,0.201,0.136,0.169,45.6,0
kirana_merchant,21240.26,40,0.771,0.656,5,0.612,0.73,0.224,37.6,0
gig_worker,15755.12,55,1.082,0.413,2,0.499,0.0,0.285,60.3,0
freelancer,30747.63,43,0.668,0.563,0,0.323,0.0,0.075,26.4,0
kirana_merchant,31552.83,47,0.878,0.574,2,0.769,0.925,0.141,52.0,0
gig_worker,11738.3,39,0.776,0.669,2,0.415,0.0,0.249,51.4,0
kirana_merchant,39320.7,46,1.1,0.263,3,0.534,0.307,0.133,30.6,0
freelancer,15427.5,37,0.743,0.525,5,0.432,0.0,0.142,30.2,0
gig_worker,58664.56,41,0.624,0.442,1,0.688,0.0,0.265,79.9,0
freelancer,26255.0,38,0.951,0.326,24,0.209,0.0,0.266,27.7,1
kirana_merchant,14426.23,48,0.763,0.497,0,0.725,0.072,0.218,31.3,0
kirana_merchant,15199.34,52,0.929,0.862,6,0.531,0.966,0.156,37.5,1
gig_worker,32017.81,49,0.652,0.859,0,0.771,0.0,0.148,91.8,0
gig_worker,22122.49,59,0.862,0.323,1,0.871,0.0,0.117,99.0,0
freelancer,25633.95,52,0.788,0.807,11,0.611,0.0,0.045,39.0,1
gig_worker,60257.97,41,0.868,0.801,3,0.895,0.0,0.035,36.5,0
kirana_merchant,18965.52,49,1.027,0.3,0,0.307,0.926,0.324,57.9,1
gig_worker,27722.0,59,1.086,0.579,0,0.228,0.0,0.062,57.0,0
gig_worker,54716.59,37,0.977,0.796,7,0.908,0.0,0.222,77.9,0
gig_worker,30799.59,54,0.983,0.512,0,0.294,0.0,0.11,52.2,0
kirana_merchant,12048.54,52,0.864,0.396,22,0.345,0.601,0.23,25.8,0
freelancer,34637.58,51,0.649,0.621,0,0.297,0.0,0.25,35.0,1
gig_worker,15040.45,48,0.934,0.238,0,0.337,0.0,0.279,77.6,1
gig_worker,54361.08,45,0.674,0.229,1,0.919,0.0,0.05,37.2,0
gig_worker,17828.72,57,0.723,0.766,3,0.878,0.0,0.054,58.8,0
kirana_merchant,118747.51,62,0.954,0.133,5,0.412,0.513,0.286,57.9,0
kirana_merchant,56032.55,45,0.928,0.743,3,0.764,0.214,0.328,31.1,1
freelancer,18064.31,42,0.757,0.332,0,0.831,0.0,0.105,19.4,1
kirana_merchant,27173.76,43,0.986,0.486,0,0.324,0.888,0.122,37.4,0
kirana_merchant,39215.3,42,1.07,0.535,13,0.383,0.017,0.323,69.7,0
gig_worker,39808.28,43,0.873,0.714,0,0.582,0.0,0.281,83.9,0
freelancer,33562.62,45,0.939,0.807,1,0.709,0.0,0.098,41.3,0
gig_worker,50316.06,44,0.736,0.743,10,0.537,0.0,0.212,69.8,0
gig_worker,25298.88,40,1.085,0.558,5,0.826,0.0,0.124,81.8,0
kirana_merchant,22396.08,38,0.737,0.378,0,0.992,0.565,0.166,56.0,0
kirana_merchant,22619.51,47,1.044,0.521,13,0.892,0.846,0.252,33.8,0
kirana_merchant,41323.5,42,1.064,0.124,2,0.881,0.061,0.102,31.2,0
kirana_merchant,32292.51,37,0.96,0.296,2,0.361,0.227,0.045,40.1,1
kirana_merchant,31121.12,50,1.006,0.393,0,0.924,0.66,0.348,59.0,0
gig_worker,40039.31,38,0.829,0.356,0,0.993,0.0,0.161,84.3,0
freelancer,9647.69,52,1.06,0.176,4,0.653,0.0,0.261,30.6,0
kirana_merchant,31414.8,37,0.971,0.141,0,0.808,0.886,0.349,32.3,0
kirana_merchant,30009.96,43,0.763,0.437,11,0.679,0.099,0.033,57.3,0
kirana_merchant,61969.9,45,0.617,0.16,3,0.994,0.415,0.166,39.2,0
gig_worker,12527.81,36,0.87,0.329,5,0.684,0.0,0.026,86.5,0
kirana_merchant,58606.06,35,1.02,0.48,2,0.579,0.649,0.234,44.6,0
kirana_merchant,27936.92,62,1.03,0.268,0,0.325,0.542,0.075,53.0,0
gig_worker,34354.72,41,1.018,0.164,3,0.875,0.0,0.33,63.1,0
kirana_merchant,62190.62,45,0.707,0.446,6,0.362,0.129,0.309,67.8,0
freelancer,35609.96,45,0.813,0.459,1,0.742,0.0,0.236,19.4,0
kirana_merchant,32865.68,35,0.907,0.832,0,0.396,0.788,0.073,54.8,0
freelancer,30368.03,42,0.934,0.202,6,0.759,0.0,0.134,22.1,0
gig_worker,21126.02,49,0.767,0.592,0,0.237,0.0,0.343,91.0,0
gig_worker,26522.68,50,0.946,0.356,1,0.34,0.0,0.124,54.4,1
gig_worker,18811.88,50,0.895,0.199,2,0.776,0.0,0.348,97.6,0
kirana_merchant,26310.32,46,0.883,0.415,1,0.673,0.407,0.292,72.6,0
gig_worker,8366.87,50,0.932,0.442,1,0.645,0.0,0.195,84.4,0
gig_worker,33340.22,42,0.902,0.391,1,0.275,0.0,0.301,83.1,0
freelancer,25314.47,52,0.683,0.713,7,0.889,0.0,0.341,46.6,1
freelancer,22740.39,49,1.037,0.771,0,0.708,0.0,0.115,26.9,1
kirana_merchant,30027.8,34,0.72,0.219,1,0.662,0.454,0.059,36.4,0
gig_worker,13137.4,56,0.972,0.234,2,0.968,0.0,0.047,78.7,0
gig_worker,70589.38,52,0.688,0.437,0,0.641,0.0,0.221,90.9,0
gig_worker,25555.72,53,0.93,0.356,8,0.846,0.0,0.127,82.2,0
kirana_merchant,25011.17,54,1.048,0.756,4,0.372,0.808,0.147,16.9,0
freelancer,16602.39,53,0.605,0.897,14,0.464,0.0,0.071,47.3,0
kirana_merchant,27227.24,41,1.09,0.245,5,0.728,0.965,0.048,35.9,0
gig_worker,53824.28,50,0.615,0.71,12,0.704,0.0,0.125,82.0,1
kirana_merchant,45159.6,38,0.606,0.586,3,0.269,0.967,0.078,34.6,0
gig_worker,41242.27,49,1.029,0.616,1,0.244,0.0,0.042,85.1,0
gig_worker,35355.15,36,0.954,0.312,13,0.371,0.0,0.033,82.0,1
kirana_merchant,22487.81,40,0.653,0.178,4,0.627,0.042,0.04,42.7,0
kirana_merchant,13028.81,40,1.069,0.535,0,0.819,0.021,0.258,26.6,0
gig_worker,24330.37,34,0.936,0.591,0,0.511,0.0,0.222,89.6,0
gig_worker,23910.29,43,0.656,0.87,7,0.401,0.0,0.249,74.9,0
freelancer,45451.32,49,1.03,0.64,0,0.673,0.0,0.289,34.3,0
gig_worker,31404.15,52,0.84,0.455,5,0.279,0.0,0.225,74.7,0
gig_worker,60243.85,46,0.739,0.895,2,0.337,0.0,0.178,55.0,0
gig_worker,48959.28,46,1.013,0.399,4,0.562,0.0,0.29,81.5,0
gig_worker,21412.97,41,0.969,0.23,0,0.973,0.0,0.227,68.0,1
gig_worker,10964.69,51,0.912,0.594,1,0.461,0.0,0.251,72.3,0
freelancer,53787.03,39,1.049,0.313,0,0.881,0.0,0.163,39.4,0
gig_worker,53087.28,47,1.031,0.838,0,0.981,0.0,0.169,48.1,0
kirana_merchant,13587.35,45,0.713,0.442,8,0.858,0.277,0.168,11.9,0
kirana_merchant,57217.78,45,1.039,0.22,8,0.553,0.297,0.114,17.2,0
kirana_merchant,32567.12,59,0.787,0.213,1,0.849,0.696,0.224,31.7,0
freelancer,29153.86,42,0.816,0.62,1,0.236,0.0,0.165,32.4,1
freelancer,60318.35,56,1.086,0.393,1,0.891,0.0,0.036,11.1,1
gig_worker,52698.52,43,0.98,0.391,0,0.592,0.0,0.251,52.9,0
kirana_merchant,37259.62,45,0.761,0.59,1,0.56,0.316,0.186,45.6,1
kirana_merchant,34084.86,59,0.924,0.277,14,0.786,0.41,0.083,25.2,0
freelancer,36614.41,46,0.87,0.216,1,0.945,0.0,0.039,25.9,0
kirana_merchant,22025.83,41,0.658,0.626,0,0.404,0.09,0.083,62.5,0
freelancer,26172.1,50,1.044,0.104,2,0.539,0.0,0.189,40.8,1
kirana_merchant,17134.37,37,1.011,0.826,3,0.721,0.75,0.041,18.1,0
gig_worker,22776.4,42,0.989,0.246,6,0.685,0.0,0.223,73.5,0
kirana_merchant,22397.02,53,0.88,0.458,0,0.388,0.024,0.11,50.6,1
freelancer,19581.63,58,0.71,0.269,2,0.214,0.0,0.338,49.8,1
freelancer,28806.99,52,1.042,0.275,1,0.33,0.0,0.28,45.2,1
gig_worker,22879.8,45,0.776,0.768,0,0.232,0.0,0.057,79.0,0
kirana_merchant,34582.99,58,0.61,0.568,8,0.248,0.087,0.256,44.8,1
gig_worker,11954.22,38,1.091,0.349,4,0.397,0.0,0.294,78.5,0
gig_worker,25420.79,46,1.031,0.301,6,0.779,0.0,0.306,84.8,0
kirana_merchant,28732.26,52,0.911,0.27,0,0.405,0.081,0.2,41.8,0
gig_worker,23033.05,47,0.606,0.544,1,0.38,0.0,0.305,61.6,0
freelancer,24681.36,59,0.714,0.685,2,0.709,0.0,0.272,33.9,1
gig_worker,12177.89,39,0.826,0.303,12,0.651,0.0,0.207,66.2,0
freelancer,32152.28,37,0.914,0.366,10,0.607,0.0,0.159,34.1,1
gig_worker,37190.29,41,0.954,0.676,2,0.717,0.0,0.021,44.3,1
gig_worker,34432.93,47,0.994,0.69,3,0.486,0.0,0.223,86.6,0
gig_worker,45223.11,68,0.878,0.266,0,0.212,0.0,0.101,75.1,0
gig_worker,29755.37,43,0.928,0.406,6,0.544,0.0,0.095,87.7,1
gig_worker,34178.11,48,1.006,0.796,5,0.493,0.0,0.067,58.2,0
gig_worker,29086.96,35,0.96,0.692,9,0.817,0.0,0.246,78.9,1
kirana_merchant,37940.54,43,1.077,0.23,18,0.272,0.032,0.244,40.8,1
gig_worker,12226.8,44,1.037,0.409,10,0.825,0.0,0.158,73.6,0
kirana_merchant,17209.37,35,0.685,0.879,1,0.769,0.161,0.175,53.8,0
gig_worker,59483.24,37,1.074,0.52,11,0.467,0.0,0.271,83.5,0
freelancer,7861.89,43,0.702,0.675,4,0.702,0.0,0.071,28.3,1
freelancer,25082.13,48,1.096,0.174,10,0.621,0.0,0.096,28.4,0
kirana_merchant,48345.94,63,0.951,0.766,4,0.37,0.434,0.331,49.2,1
gig_worker,25677.48,48,0.914,0.584,2,0.923,0.0,0.35,28.5,0
gig_worker,21971.35,52,0.762,0.24,0,0.352,0.0,0.189,83.0,0
freelancer,28701.68,41,0.667,0.404,6,0.31,0.0,0.173,40.7,1
gig_worker,22548.86,47,0.663,0.166,3,0.528,0.0,0.047,74.7,0
gig_worker,27321.38,35,1.033,0.722,1,0.794,0.0,0.242,74.6,0
gig_worker,19116.55,47,0.816,0.696,1,0.377,0.0,0.175,48.2,1
gig_worker,46832.71,35,0.88,0.492,0,0.893,0.0,0.198,68.7,0
gig_worker,54810.25,40,1.066,0.462,0,0.662,0.0,0.328,75.4,0
kirana_merchant,25167.4,50,0.728,0.471,5,0.352,0.892,0.324,47.3,0
gig_worker,13450.28,36,0.982,0.13,7,0.634,0.0,0.323,99.0,0
kirana_merchant,20703.92,37,0.835,0.395,1,0.386,0.74,0.052,36.3,0
gig_worker,24538.67,37,0.706,0.203,9,0.362,0.0,0.147,78.0,0
gig_worker,34640.18,49,1.026,0.248,6,0.323,0.0,0.239,51.5,1
freelancer,16252.36,33,0.94,0.87,5,0.671,0.0,0.066,20.3,1
gig_worker,18313.96,31,0.647,0.309,2,0.208,0.0,0.33,92.2,0
freelancer,34729.27,50,0.871,0.487,17,0.962,0.0,0.21,30.3,0
kirana_merchant,43021.46,45,1.026,0.81,3,0.222,0.292,0.217,45.6,1
gig_worker,19716.34,37,0.633,0.431,2,0.944,0.0,0.062,75.9,0
freelancer,13813.36,48,0.808,0.523,2,0.466,0.0,0.026,57.6,0
gig_worker,138976.36,34,1.003,0.235,1,0.656,0.0,0.232,71.1,0
freelancer,39801.19,43,1.029,0.328,6,0.6,0.0,0.091,26.5,0
gig_worker,23540.98,41,0.988,0.505,1,0.446,0.0,0.29,61.8,0
freelancer,41544.3,41,0.753,0.392,1,0.449,0.0,0.036,38.7,0
gig_worker,25280.07,53,0.853,0.131,1,0.308,0.0,0.077,83.2,0
kirana_merchant,41505.38,56,0.971,0.421,1,0.47,0.275,0.277,33.7,0
kirana_merchant,29135.03,49,0.676,0.752,0,0.707,0.653,0.025,31.8,1
freelancer,28159.38,40,0.897,0.193,0,0.673,0.0,0.1,47.1,0
freelancer,25417.9,42,0.96,0.115,2,0.884,0.0,0.259,51.5,0
freelancer,13046.95,50,1.025,0.195,1,0.379,0.0,0.25,58.7,0
freelancer,70901.54,39,0.656,0.649,15,0.329,0.0,0.087,38.0,1
gig_worker,16801.66,52,0.765,0.736,6,0.844,0.0,0.281,78.1,1
gig_worker,13629.45,49,0.871,0.139,1,0.846,0.0,0.158,77.6,0
gig_worker,24186.99,43,0.951,0.81,5,0.783,0.0,0.251,42.1,1
gig_worker,16635.0,51,0.965,0.602,1,0.312,0.0,0.173,88.6,1
gig_worker,26216.48,52,0.727,0.515,6,0.919,0.0,0.023,83.6,0
kirana_merchant,37944.58,39,0.607,0.303,2,0.519,0.958,0.022,49.7,0
gig_worker,44251.81,50,0.947,0.397,0,0.485,0.0,0.346,76.0,0
kirana_merchant,40431.54,43,1.055,0.858,2,0.318,0.466,0.087,46.2,0
gig_worker,23090.67,46,0.999,0.829,1,0.343,0.0,0.303,99.0,1
gig_worker,27578.61,43,0.911,0.6,3,0.278,0.0,0.095,46.7,0
kirana_merchant,32989.33,43,1.089,0.563,15,0.627,0.151,0.169,36.7,1
kirana_merchant,11171.33,38,0.817,0.268,3,0.503,0.082,0.345,44.6,0
kirana_merchant,35785.3,43,0.863,0.863,4,0.321,0.397,0.064,63.1,0
kirana_merchant,12982.41,48,0.606,0.704,0,0.742,0.71,0.203,49.9,0
gig_worker,74620.71,43,1.073,0.406,0,0.461,0.0,0.139,62.5,0
kirana_merchant,21976.8,40,0.892,0.753,2,0.741,0.532,0.208,30.5,0
gig_worker,24527.8,41,0.795,0.269,7,0.84,0.0,0.193,74.7,0
gig_worker,18308.97,43,0.622,0.271,0,0.702,0.0,0.063,67.0,0
kirana_merchant,19633.94,43,0.781,0.733,3,0.208,0.96,0.207,77.4,0
gig_worker,83871.97,40,0.602,0.547,18,0.427,0.0,0.14,75.2,0
gig_worker,43052.9,45,0.762,0.545,0,0.22,0.0,0.105,62.2,1
freelancer,12399.34,31,1.076,0.559,5,0.486,0.0,0.066,64.0,0
freelancer,57074.14,45,0.677,0.201,0,0.872,0.0,0.24,21.7,0
gig_worker,48855.45,54,0.873,0.38,3,0.847,0.0,0.257,73.2,0
gig_worker,23374.33,42,0.693,0.558,0,0.33,0.0,0.29,63.1,0
gig_worker,31361.88,45,0.992,0.298,2,0.741,0.0,0.29,62.1,0
gig_worker,26702.91,48,0.881,0.503,2,0.902,0.0,0.348,76.7,0
freelancer,72134.66,40,0.701,0.546,0,0.892,0.0,0.1,50.2,0
gig_worker,18067.23,50,1.033,0.854,2,0.843,0.0,0.207,81.3,0
kirana_merchant,28940.73,53,0.992,0.297,0,0.393,0.781,0.208,31.0,0
gig_worker,21718.67,48,1.076,0.451,19,0.98,0.0,0.197,89.2,0
freelancer,13140.83,41,0.6,0.885,0,0.775,0.0,0.137,43.2,0
gig_worker,80484.44,52,0.829,0.249,5,0.756,0.0,0.079,38.3,0
kirana_merchant,14901.49,51,1.1,0.724,2,0.935,0.973,0.21,56.4,0
gig_worker,30033.38,42,1.006,0.242,6,0.475,0.0,0.069,88.2,1
kirana_merchant,11267.18,45,1.016,0.78,1,0.56,0.174,0.024,46.3,0
gig_worker,22036.7,45,0.911,0.49,6,0.548,0.0,0.238,80.0,0
gig_worker,33222.56,53,0.956,0.878,5,0.293,0.0,0.165,98.5,0
freelancer,17812.1,52,1.003,0.236,1,0.431,0.0,0.337,5.0,0
freelancer,36076.64,38,0.646,0.65,7,0.763,0.0,0.133,44.9,0
freelancer,23517.01,33,0.946,0.656,0,0.231,0.0,0.347,22.3,1
kirana_merchant,48052.11,34,1.008,0.675,3,0.57,0.082,0.023,62.3,0
freelancer,53150.38,48,0.62,0.181,10,0.779,0.0,0.039,31.4,0
gig_worker,20062.9,38,0.749,0.331,0,0.789,0.0,0.239,77.4,0
gig_worker,27955.42,41,0.762,0.37,3,0.932,0.0,0.23,49.5,0
gig_worker,29487.66,48,1.027,0.359,5,0.648,0.0,0.199,83.3,0
kirana_merchant,36668.55,49,0.99,0.64,1,0.366,0.681,0.084,24.5,0
gig_worker,27097.34,44,0.928,0.144,0,0.817,0.0,0.051,67.4,0
gig_worker,29587.45,56,1.002,0.684,3,0.605,0.0,0.04,89.2,0
kirana_merchant,23820.38,43,0.827,0.521,3,0.851,0.712,0.276,55.1,0
freelancer,28498.88,44,1.037,0.238,0,0.376,0.0,0.31,31.7,0
gig_worker,51481.1,38,0.717,0.281,3,0.206,0.0,0.291,51.5,1
gig_worker,37161.99,46,0.952,0.178,3,0.425,0.0,0.069,69.6,0
gig_worker,38201.41,43,0.721,0.467,1,0.346,0.0,0.277,64.7,0
gig_worker,38620.37,50,0.62,0.576,0,0.774,0.0,0.344,64.6,0
gig_worker,24911.77,39,0.742,0.565,7,0.602,0.0,0.223,61.5,0
kirana_merchant,31552.67,45,0.846,0.87,1,0.499,0.101,0.147,37.8,0
kirana_merchant,15637.28,45,1.022,0.337,7,0.262,0.529,0.051,40.1,0
kirana_merchant,50736.65,49,0.854,0.71,0,0.371,0.278,0.12,74.8,1
gig_worker,6691.01,47,0.69,0.678,4,0.943,0.0,0.213,56.4,0
freelancer,25756.08,44,1.096,0.149,5,0.365,0.0,0.158,53.2,1
gig_worker,47593.33,35,0.735,0.844,5,0.664,0.0,0.189,89.2,0
kirana_merchant,13603.28,52,1.093,0.845,12,0.857,0.95,0.246,7.5,1
freelancer,32856.01,40,1.068,0.417,1,0.433,0.0,0.163,23.7,1
gig_worker,19141.55,40,0.871,0.434,8,0.841,0.0,0.084,70.5,0
gig_worker,22372.74,40,0.646,0.756,0,0.459,0.0,0.046,74.0,0
freelancer,43173.0,37,0.948,0.496,2,0.66,0.0,0.158,13.3,1
gig_worker,29703.75,35,1.023,0.739,2,0.425,0.0,0.311,69.1,1
kirana_merchant,9728.57,48,0.823,0.129,5,0.661,0.912,0.244,50.7,0
gig_worker,16511.08,55,0.72,0.3,0,0.369,0.0,0.098,51.1,0
kirana_merchant,43812.21,42,1.001,0.173,0,0.847,0.16,0.185,43.0,0
gig_worker,33673.67,40,0.873,0.463,0,0.584,0.0,0.092,59.2,0
gig_worker,64477.25,41,0.699,0.783,3,0.934,0.0,0.065,69.1,1
kirana_merchant,62400.2,35,1.075,0.556,4,0.704,0.581,0.277,31.0,0
gig_worker,22671.81,39,1.074,0.516,3,0.862,0.0,0.161,66.5,0
gig_worker,94053.49,24,0.784,0.393,3,0.88,0.0,0.038,66.5,0
gig_worker,27234.5,33,0.632,0.151,6,0.621,0.0,0.29,95.4,0
gig_worker,16625.05,41,0.915,0.713,0,0.773,0.0,0.329,99.0,0
gig_worker,19597.95,43,0.759,0.557,6,0.645,0.0,0.133,99.0,0
gig_worker,8704.87,37,0.633,0.845,1,0.218,0.0,0.184,39.6,0
freelancer,60084.64,47,1.046,0.446,3,0.775,0.0,0.27,45.4,0
gig_worker,59717.54,37,1.099,0.421,9,0.995,0.0,0.032,68.1,0
kirana_merchant,16191.57,41,0.775,0.879,0,0.896,0.319,0.323,27.0,0
gig_worker,24005.97,43,0.972,0.213,5,0.242,0.0,0.349,92.4,1
gig_worker,28220.5,46,0.633,0.302,7,0.947,0.0,0.187,70.1,0
freelancer,16644.31,40,0.785,0.491,9,0.361,0.0,0.196,49.8,1
gig_worker,11186.34,41,0.654,0.519,2,0.244,0.0,0.191,86.2,0
freelancer,24217.27,42,0.628,0.539,13,0.209,0.0,0.292,46.1,1
gig_worker,22913.01,39,0.894,0.27,4,0.538,0.0,0.193,67.3,1
kirana_merchant,22154.47,50,1.001,0.841,1,0.441,0.09,0.236,38.8,1
kirana_merchant,30072.25,55,0.826,0.663,8,0.343,0.866,0.235,45.5,0
freelancer,54981.93,45,0.862,0.307,0,0.269,0.0,0.195,57.8,0
kirana_merchant,23120.01,36,0.735,0.335,0,0.486,0.24,0.326,60.6,0
kirana_merchant,29296.45,44,0.968,0.804,6,0.383,0.203,0.301,40.1,0
gig_worker,38693.82,46,0.781,0.404,2,0.71,0.0,0.044,70.8,0
gig_worker,35492.31,55,0.634,0.545,0,0.501,0.0,0.155,97.0,0
freelancer,19787.15,36,0.683,0.196,4,0.56,0.0,0.213,17.5,0
gig_worker,28231.36,54,0.664,0.301,5,0.813,0.0,0.279,45.8,0
gig_worker,35375.33,46,0.818,0.433,0,0.479,0.0,0.139,59.9,0
kirana_merchant,15303.31,49,0.633,0.625,11,0.332,0.349,0.223,77.9,0
gig_worker,50603.17,53,1.003,0.324,3,0.436,0.0,0.164,55.3,0
freelancer,55038.84,35,1.054,0.861,5,0.744,0.0,0.061,22.1,0
kirana_merchant,18743.64,45,0.724,0.276,5,0.294,0.678,0.348,48.9,1
kirana_merchant,29638.66,49,0.843,0.723,0,0.724,0.522,0.244,46.9,0
freelancer,37091.35,40,0.86,0.392,12,0.781,0.0,0.117,53.4,0
gig_worker,20479.77,54,1.093,0.767,0,0.715,0.0,0.237,89.7,0
gig_worker,34228.26,39,0.633,0.838,0,0.491,0.0,0.11,66.1,0
kirana_merchant,29191.35,49,0.934,0.25,1,0.723,0.466,0.257,50.2,0
gig_worker,12913.66,48,0.773,0.493,2,0.865,0.0,0.098,75.0,0
kirana_merchant,33846.15,41,0.851,0.223,0,0.452,0.342,0.34,31.4,0
freelancer,15520.68,37,0.709,0.665,11,0.415,0.0,0.2,44.1,1
kirana_merchant,43027.79,54,0.68,0.766,0,0.966,0.518,0.286,46.1,0
gig_worker,19233.22,45,0.722,0.412,8,0.913,0.0,0.253,76.7,0
freelancer,24818.81,42,0.636,0.417,4,0.416,0.0,0.307,26.6,0
kirana_merchant,53430.63,37,0.739,0.263,0,0.337,0.267,0.296,64.0,0
kirana_merchant,34481.93,43,0.945,0.345,5,0.539,0.931,0.04,27.2,0
gig_worker,15681.91,35,0.926,0.359,1,0.604,0.0,0.118,60.4,0
freelancer,16196.36,43,0.877,0.224,0,0.335,0.0,0.204,66.4,0
kirana_merchant,19937.32,48,0.6,0.348,4,0.22,0.496,0.295,37.3,1
kirana_merchant,32771.75,41,0.663,0.826,1,0.855,0.334,0.309,45.2,0
freelancer,32181.59,47,1.021,0.36,5,0.94,0.0,0.152,33.3,1
gig_worker,17649.25,57,0.736,0.32,1,0.255,0.0,0.268,55.8,1
kirana_merchant,15008.85,51,1.056,0.408,0,0.872,0.582,0.232,22.7,0
freelancer,30970.54,39,1.037,0.868,6,0.554,0.0,0.323,28.8,1
gig_worker,24564.8,49,0.677,0.712,2,0.343,0.0,0.306,67.0,0
kirana_merchant,79111.06,46,1.049,0.261,2,0.509,0.777,0.101,30.5,0
freelancer,27400.1,53,0.914,0.702,8,0.893,0.0,0.133,42.5,0
kirana_merchant,66644.41,36,0.915,0.713,0,0.298,0.644,0.111,58.8,1
kirana_merchant,14985.05,50,1.026,0.86,8,0.279,0.175,0.191,48.9,0
freelancer,12251.38,55,0.803,0.813,2,0.973,0.0,0.042,29.8,0
freelancer,15366.69,48,0.968,0.176,1,0.435,0.0,0.139,51.3,0
gig_worker,48755.09,38,0.934,0.464,1,0.889,0.0,0.325,80.5,0
gig_worker,64734.58,56,0.986,0.662,1,0.649,0.0,0.273,93.5,0
kirana_merchant,18195.15,38,0.93,0.879,2,0.392,0.898,0.129,33.8,1
kirana_merchant,21369.44,35,0.64,0.168,1,0.436,0.85,0.166,30.8,0
kirana_merchant,14995.56,42,0.746,0.395,2,0.53,0.206,0.255,56.8,1
kirana_merchant,10874.55,47,1.07,0.494,14,0.32,0.412,0.328,43.7,0
gig_worker,38530.52,49,0.712,0.431,1,0.768,0.0,0.275,75.1,0
kirana_merchant,30076.82,25,0.836,0.465,3,0.534,0.046,0.343,81.0,0
gig_worker,27044.64,41,0.778,0.395,2,0.911,0.0,0.348,58.3,0
kirana_merchant,13359.35,41,0.643,0.876,4,0.933,0.327,0.083,50.5,0
kirana_merchant,61082.36,50,0.691,0.743,6,0.931,0.806,0.029,46.9,0
gig_worker,20917.09,51,0.743,0.689,10,0.719,0.0,0.296,89.2,0
gig_worker,35130.09,44,0.832,0.429,0,0.581,0.0,0.315,42.9,0
kirana_merchant,13000.19,40,1.037,0.805,5,0.268,0.305,0.17,37.0,1
kirana_merchant,24458.61,62,0.858,0.175,0,0.804,0.553,0.041,53.4,0
gig_worker,31122.53,56,0.926,0.215,0,0.271,0.0,0.076,72.6,0
freelancer,31683.07,51,0.813,0.863,1,0.346,0.0,0.058,38.0,0
kirana_merchant,29066.0,47,1.035,0.554,1,0.874,0.349,0.079,33.1,0
freelancer,34449.9,39,0.931,0.228,3,0.883,0.0,0.047,44.9,0
kirana_merchant,15286.72,56,0.645,0.859,0,0.548,0.21,0.059,63.1,0
kirana_merchant,29693.58,47,0.839,0.88,5,0.776,0.07,0.253,70.8,1
freelancer,28477.76,35,1.014,0.805,1,0.376,0.0,0.031,37.8,0
kirana_merchant,30207.22,42,0.967,0.291,2,0.917,0.346,0.305,43.5,0
kirana_merchant,27894.16,38,1.053,0.323,11,0.723,0.879,0.295,48.3,0
gig_worker,14234.07,36,0.714,0.426,3,0.886,0.0,0.224,60.7,0
kirana_merchant,13920.25,49,1.089,0.563,0,0.514,0.53,0.323,39.3,0
gig_worker,8891.63,43,0.743,0.894,0,0.232,0.0,0.049,59.8,0
gig_worker,40488.26,50,0.625,0.865,2,0.995,0.0,0.104,77.7,0
gig_worker,40693.71,35,0.848,0.837,3,0.81,0.0,0.178,62.3,0
gig_worker,41018.36,36,0.655,0.171,1,0.333,0.0,0.065,73.2,0
freelancer,31363.34,45,0.941,0.706,11,0.712,0.0,0.227,37.3,0
gig_worker,9259.82,57,1.05,0.801,5,0.956,0.0,0.295,69.5,1
kirana_merchant,16101.13,48,1.061,0.367,9,0.919,0.296,0.3,69.0,0
freelancer,29296.04,49,0.904,0.276,8,0.952,0.0,0.119,49.1,0
kirana_merchant,28789.3,53,0.868,0.699,8,0.288,0.695,0.07,53.5,0
gig_worker,24067.7,44,1.097,0.173,1,0.883,0.0,0.277,84.6,0
kirana_merchant,32352.89,41,0.89,0.853,12,0.913,0.613,0.137,35.5,0
kirana_merchant,27060.38,45,1.064,0.225,0,0.345,0.595,0.236,31.9,0
kirana_merchant,28577.79,42,1.058,0.466,2,0.766,0.242,0.046,53.5,0
kirana_merchant,19544.85,43,0.745,0.886,6,0.754,0.08,0.181,29.8,0
freelancer,43958.68,49,0.607,0.891,0,0.751,0.0,0.119,26.3,1
kirana_merchant,21690.16,40,0.82,0.721,6,0.658,0.65,0.244,41.7,0
gig_worker,13831.11,46,1.031,0.771,11,0.39,0.0,0.222,31.4,1
kirana_merchant,18297.15,59,1.018,0.874,4,0.286,0.213,0.17,32.0,1
gig_worker,22601.39,51,0.902,0.842,9,0.397,0.0,0.328,83.7,0
freelancer,44223.05,54,0.678,0.598,5,0.931,0.0,0.2,37.9,0
gig_worker,26340.58,38,0.654,0.688,4,0.381,0.0,0.025,80.4,0
gig_worker,24512.19,38,1.077,0.575,18,0.545,0.0,0.193,82.0,0
freelancer,14409.86,46,0.811,0.505,1,0.553,0.0,0.04,22.6,0
kirana_merchant,39844.57,40,0.924,0.805,8,0.939,0.905,0.337,11.4,0
gig_worker,19419.32,52,1.053,0.69,1,0.292,0.0,0.265,73.2,0
kirana_merchant,25590.75,48,1.035,0.788,8,0.583,0.766,0.022,39.8,0
freelancer,56392.5,42,0.883,0.177,11,0.848,0.0,0.181,26.4,0
gig_worker,34696.07,37,0.844,0.561,2,0.249,0.0,0.331,63.8,0
freelancer,11918.81,42,0.968,0.364,3,0.797,0.0,0.283,52.2,0
gig_worker,11106.05,47,0.775,0.511,1,0.275,0.0,0.11,60.1,0
kirana_merchant,26051.87,37,0.913,0.59,1,0.562,0.072,0.243,51.8,0
freelancer,14671.02,46,0.612,0.777,1,0.326,0.0,0.273,46.8,0
gig_worker,37207.79,51,1.012,0.126,5,0.512,0.0,0.234,86.8,1
kirana_merchant,27477.74,45,1.099,0.231,5,0.23,0.291,0.316,23.0,0
gig_worker,29222.45,42,1.077,0.837,5,0.874,0.0,0.097,68.6,0
kirana_merchant,18894.54,45,0.78,0.874,4,0.307,0.074,0.266,83.9,1
kirana_merchant,64259.95,51,0.866,0.144,5,0.35,0.708,0.219,86.6,0
kirana_merchant,111446.16,35,0.718,0.365,4,0.567,0.991,0.339,75.9,0
gig_worker,23405.06,42,0.751,0.108,3,0.216,0.0,0.246,81.9,1
gig_worker,32097.06,37,0.829,0.706,3,0.937,0.0,0.163,76.2,0
gig_worker,28246.04,41,0.974,0.646,5,0.531,0.0,0.058,61.3,1
gig_worker,23627.26,53,0.609,0.552,4,0.624,0.0,0.23,48.5,0
kirana_merchant,17746.88,36,0.797,0.653,1,0.896,0.363,0.336,59.0,0
freelancer,15638.89,50,0.878,0.53,0,0.661,0.0,0.13,29.7,0
kirana_merchant,15247.97,32,0.708,0.291,0,0.264,0.76,0.237,21.0,0
kirana_merchant,32945.83,41,0.639,0.703,1,0.843,0.859,0.279,51.6,0
freelancer,20747.12,45,0.87,0.727,0,0.933,0.0,0.309,80.2,0
kirana_merchant,7411.99,50,0.919,0.783,9,0.847,0.362,0.273,51.5,1
freelancer,33604.97,53,0.921,0.863,10,0.352,0.0,0.157,29.4,1
kirana_merchant,26393.4,44,0.778,0.698,0,0.585,0.171,0.023,54.6,0
gig_worker,52750.92,43,0.719,0.144,0,0.44,0.0,0.214,62.5,1
gig_worker,32420.99,45,0.71,0.117,2,0.678,0.0,0.202,65.9,0
kirana_merchant,12844.4,47,0.62,0.692,3,0.87,0.572,0.16,51.3,0
gig_worker,8823.39,52,0.692,0.145,0,0.52,0.0,0.229,49.7,0
gig_worker,18774.67,35,1.009,0.353,0,0.674,0.0,0.034,76.0,0
kirana_merchant,19681.73,49,0.602,0.209,0,0.208,0.11,0.32,41.5,0
kirana_merchant,43112.99,51,0.622,0.875,19,0.481,0.777,0.121,42.5,0
kirana_merchant,26784.12,45,0.664,0.353,10,0.697,0.329,0.06,35.0,0
gig_worker,47422.13,46,0.81,0.144,13,0.992,0.0,0.085,93.6,0
gig_worker,13871.39,46,0.767,0.86,0,0.423,0.0,0.217,57.3,0
kirana_merchant,43592.14,42,0.689,0.587,2,0.34,0.036,0.277,37.4,1
freelancer,38580.2,42,0.655,0.129,3,0.917,0.0,0.072,41.4,0
kirana_merchant,9807.31,46,1.069,0.767,1,0.65,0.41,0.245,68.1,0
freelancer,52120.25,44,1.056,0.222,1,0.997,0.0,0.07,17.3,0
kirana_merchant,28190.19,56,0.986,0.742,7,0.403,0.963,0.257,51.6,0
kirana_merchant,32729.18,45,0.726,0.582,9,0.357,0.497,0.248,39.9,0
gig_worker,17457.98,45,0.762,0.242,0,0.485,0.0,0.304,99.0,0
kirana_merchant,50900.27,43,0.933,0.702,3,0.662,0.689,0.24,54.5,0
kirana_merchant,14869.6,40,0.746,0.464,0,0.261,0.744,0.042,40.4,1
kirana_merchant,40784.04,35,0.865,0.61,12,0.511,0.263,0.298,23.1,1
kirana_merchant,40550.51,34,0.926,0.796,5,0.253,0.303,0.236,44.0,0
kirana_merchant,16529.74,41,0.86,0.308,4,0.726,0.038,0.09,42.2,0
gig_worker,72525.01,29,0.807,0.393,0,0.475,0.0,0.33,37.6,1
kirana_merchant,30205.04,43,0.774,0.898,1,0.977,0.0,0.31,42.4,0
gig_worker,37307.37,40,0.989,0.506,0,0.283,0.0,0.16,92.8,0
freelancer,12537.0,39,0.969,0.547,2,0.915,0.0,0.215,44.4,0
gig_worker,77564.49,43,0.948,0.328,0,0.221,0.0,0.241,71.4,0
gig_worker,14584.6,42,0.787,0.433,4,0.724,0.0,0.299,70.8,0
kirana_merchant,44911.23,45,0.988,0.501,4,0.958,0.312,0.137,36.6,0
kirana_merchant,16360.32,36,1.079,0.307,4,0.766,0.722,0.244,33.1,0
kirana_merchant,19742.04,51,0.944,0.291,9,0.224,0.979,0.254,50.5,1
gig_worker,39909.79,45,0.804,0.58,7,0.726,0.0,0.142,65.6,0
kirana_merchant,44971.15,49,0.998,0.247,1,0.431,0.18,0.16,47.1,0
gig_worker,14247.8,47,0.905,0.543,1,0.784,0.0,0.16,82.0,0
freelancer,46408.42,40,1.039,0.665,5,0.562,0.0,0.154,11.6,1
freelancer,45364.73,56,0.957,0.259,0,0.695,0.0,0.198,14.2,1
kirana_merchant,16831.77,38,0.985,0.697,3,0.219,0.47,0.035,32.2,0
gig_worker,59833.67,42,0.934,0.388,15,0.424,0.0,0.349,65.9,1
kirana_merchant,12985.27,42,0.646,0.894,1,0.442,0.842,0.121,30.3,0
gig_worker,19685.03,55,0.843,0.883,9,0.558,0.0,0.199,60.8,1
kirana_merchant,34183.6,44,0.628,0.739,2,0.904,0.022,0.114,30.5,1
gig_worker,17557.16,50,0.824,0.374,5,0.495,0.0,0.329,61.7,0
freelancer,30696.67,52,0.958,0.85,4,0.763,0.0,0.342,45.5,1
gig_worker,30349.58,54,0.811,0.899,8,0.485,0.0,0.343,64.3,1
kirana_merchant,24500.84,39,0.601,0.47,6,0.361,0.698,0.164,58.6,0
kirana_merchant,40790.33,46,0.785,0.592,2,0.57,0.336,0.22,62.1,0
kirana_merchant,24000.25,55,0.634,0.105,0,0.395,0.365,0.291,52.6,0
gig_worker,30205.24,49,0.99,0.135,0,0.242,0.0,0.07,52.0,0
freelancer,47726.21,54,0.992,0.5,0,0.371,0.0,0.146,24.2,1
kirana_merchant,39948.37,36,1.003,0.587,2,0.266,0.826,0.121,54.8,0
kirana_merchant,39855.22,44,0.615,0.35,2,0.238,0.377,0.181,70.1,0
gig_worker,15144.76,48,0.616,0.179,7,0.791,0.0,0.283,46.2,0
kirana_merchant,34975.26,50,1.052,0.726,7,0.756,0.493,0.227,57.5,1
kirana_merchant,17339.64,49,0.662,0.435,10,0.323,0.216,0.058,29.3,0
gig_worker,14175.81,43,0.935,0.619,4,0.233,0.0,0.087,47.9,0
gig_worker,25955.71,47,0.998,0.62,1,0.219,0.0,0.064,81.9,0
freelancer,17117.43,40,0.824,0.537,2,0.785,0.0,0.092,15.5,0
gig_worker,39947.0,38,0.873,0.243,1,0.539,0.0,0.03,52.4,0
gig_worker,40427.59,44,0.714,0.593,0,0.544,0.0,0.311,99.0,0
kirana_merchant,10390.91,36,1.062,0.358,2,0.251,0.023,0.299,17.0,0
kirana_merchant,17780.34,48,0.751,0.755,1,0.841,0.961,0.203,24.8,1
gig_worker,12966.27,46,0.709,0.255,9,0.433,0.0,0.274,71.0,0
kirana_merchant,21347.4,42,0.863,0.333,3,0.536,0.895,0.35,32.5,0
gig_worker,33778.77,46,0.695,0.452,0,0.554,0.0,0.212,76.2,0
gig_worker,23833.7,41,0.943,0.692,7,0.906,0.0,0.223,78.6,1
gig_worker,20032.68,39,0.858,0.677,1,0.867,0.0,0.305,57.9,0
freelancer,51538.7,43,0.674,0.37,5,0.463,0.0,0.195,67.9,0
gig_worker,8497.88,53,0.634,0.509,3,0.259,0.0,0.037,50.0,1
gig_worker,49932.93,31,0.668,0.287,0,0.646,0.0,0.134,67.8,0
kirana_merchant,20493.35,40,0.668,0.716,4,0.419,0.302,0.257,41.5,0
freelancer,25872.75,52,0.756,0.257,2,0.447,0.0,0.252,36.5,0
gig_worker,20667.51,47,1.017,0.755,1,0.906,0.0,0.348,82.0,0
kirana_merchant,58188.56,59,0.629,0.849,4,0.789,0.107,0.265,55.8,0
gig_worker,14537.85,37,0.664,0.893,8,0.512,0.0,0.044,71.0,0
kirana_merchant,27061.52,47,0.751,0.786,5,0.718,0.033,0.335,61.2,1
kirana_merchant,35021.57,56,0.877,0.277,4,0.353,0.051,0.03,21.4,0
kirana_merchant,12022.06,49,0.981,0.433,4,0.734,0.79,0.233,47.1,0
gig_worker,16984.41,45,1.061,0.171,5,0.25,0.0,0.105,84.7,0
gig_worker,24982.0,49,0.806,0.232,2,0.725,0.0,0.101,71.9,0
gig_worker,17268.99,48,0.653,0.14,0,0.909,0.0,0.208,67.9,0
gig_worker,17893.7,52,0.707,0.613,0,0.664,0.0,0.03,70.5,0
gig_worker,22585.62,44,0.744,0.527,0,0.472,0.0,0.113,74.8,0
kirana_merchant,37227.04,47,0.993,0.834,9,0.647,0.296,0.097,47.3,0
freelancer,22666.45,48,0.943,0.47,3,0.465,0.0,0.154,47.5,0
freelancer,46129.74,47,0.705,0.614,5,0.433,0.0,0.035,47.0,0
freelancer,16335.91,53,1.019,0.421,1,0.204,0.0,0.127,32.5,0
kirana_merchant,14386.4,40,1.03,0.764,1,0.401,0.659,0.079,47.5,0
kirana_merchant,70486.23,49,1.041,0.841,2,0.915,0.662,0.088,37.9,0
gig_worker,19361.1,42,0.738,0.445,4,0.343,0.0,0.294,47.9,0
kirana_merchant,13968.28,39,0.667,0.166,0,0.707,0.54,0.348,65.2,0
kirana_merchant,11259.56,48,0.652,0.231,0,0.691,0.793,0.165,69.2,0
kirana_merchant,46053.16,43,0.8,0.676,1,0.381,0.18,0.052,47.5,0
kirana_merchant,22682.47,50,0.815,0.36,2,0.817,0.634,0.276,38.5,0
gig_worker,23697.98,41,1.034,0.728,1,0.551,0.0,0.295,64.2,1
gig_worker,24844.69,49,0.734,0.7,0,0.838,0.0,0.117,92.1,0
freelancer,44643.83,54,0.913,0.655,0,0.21,0.0,0.169,25.0,0
gig_worker,24593.44,48,0.994,0.751,3,0.319,0.0,0.137,61.1,1
kirana_merchant,86857.74,43,0.735,0.705,1,0.5,0.443,0.341,8.7,0
freelancer,28764.01,50,0.734,0.606,2,0.58,0.0,0.299,45.4,0
kirana_merchant,45747.5,34,0.935,0.103,2,0.637,0.318,0.11,68.5,0
kirana_merchant,40240.13,44,0.963,0.513,1,0.831,0.899,0.241,52.0,0
gig_worker,26417.35,50,1.08,0.576,7,0.922,0.0,0.225,64.6,1
gig_worker,20060.63,36,1.025,0.869,8,0.454,0.0,0.179,45.9,1
freelancer,31760.6,40,1.011,0.62,8,0.91,0.0,0.256,43.1,0
kirana_merchant,34719.24,38,0.946,0.56,2,0.413,0.375,0.293,49.2,0
kirana_merchant,20205.44,49,0.659,0.533,5,0.257,0.563,0.332,33.8,0
gig_worker,29236.39,50,1.005,0.183,1,0.664,0.0,0.175,70.0,0
gig_worker,49916.28,60,1.068,0.442,3,0.733,0.0,0.235,81.1,0
freelancer,75733.35,43,0.795,0.207,0,0.436,0.0,0.264,47.4,0
gig_worker,41240.85,48,0.757,0.142,0,0.336,0.0,0.188,80.6,0
kirana_merchant,68280.52,54,0.861,0.364,0,0.278,0.085,0.292,65.3,0
gig_worker,19639.79,39,1.078,0.616,6,0.553,0.0,0.026,75.5,0
kirana_merchant,38213.39,49,0.625,0.793,6,0.527,0.077,0.25,54.7,0
freelancer,52536.31,43,0.954,0.748,1,0.428,0.0,0.079,30.4,0
kirana_merchant,17185.71,37,1.007,0.336,0,0.377,0.618,0.152,28.3,0
gig_worker,21103.73,42,0.994,0.137,6,0.231,0.0,0.292,79.1,0
kirana_merchant,64148.27,38,0.883,0.422,7,0.751,0.919,0.286,51.0,0
kirana_merchant,16522.04,41,1.06,0.352,9,0.513,0.957,0.171,35.7,0
kirana_merchant,13758.81,40,0.667,0.397,6,0.373,0.477,0.03,59.7,0
freelancer,57756.48,44,0.723,0.547,4,0.613,0.0,0.144,32.4,1
kirana_merchant,48941.53,47,0.753,0.124,3,0.905,0.778,0.133,12.9,0
freelancer,33391.62,47,0.604,0.397,18,0.386,0.0,0.086,38.1,1
kirana_merchant,26295.28,49,0.785,0.547,0,0.691,0.022,0.063,22.2,0
gig_worker,21606.25,43,0.68,0.445,17,0.934,0.0,0.125,27.9,0
gig_worker,30976.2,47,0.962,0.634,5,0.505,0.0,0.156,68.6,1
gig_worker,59272.66,57,0.807,0.249,9,0.959,0.0,0.26,80.9,0
freelancer,30311.52,37,0.952,0.223,0,0.21,0.0,0.207,29.7,0
kirana_merchant,79497.4,39,0.747,0.346,7,0.295,0.679,0.206,46.0,0
kirana_merchant,17171.89,46,0.666,0.181,3,0.626,0.77,0.3,38.5,0
gig_worker,26639.75,46,0.666,0.289,3,0.599,0.0,0.317,67.5,0
gig_worker,22325.18,35,0.702,0.17,0,0.986,0.0,0.152,48.6,0
kirana_merchant,15637.53,30,0.658,0.422,2,0.314,0.88,0.298,5.9,0
kirana_merchant,24920.8,52,0.71,0.669,8,0.993,0.347,0.291,46.3,0
gig_worker,33145.58,46,0.89,0.329,14,0.882,0.0,0.094,63.8,0
kirana_merchant,34965.43,52,0.728,0.103,3,0.378,0.302,0.036,21.9,0
gig_worker,79636.36,38,0.771,0.546,11,0.494,0.0,0.324,68.1,0
gig_worker,33936.07,37,0.626,0.654,6,0.296,0.0,0.345,52.9,1
kirana_merchant,47813.74,52,1.046,0.413,6,0.927,0.011,0.217,42.3,0
gig_worker,27807.11,44,0.669,0.338,5,0.508,0.0,0.133,34.1,0
freelancer,62257.1,36,0.774,0.493,3,0.231,0.0,0.238,54.2,0
gig_worker,89252.49,45,0.79,0.181,4,0.662,0.0,0.037,85.7,0
gig_worker,35085.48,34,0.986,0.615,1,0.406,0.0,0.268,58.6,0
gig_worker,16377.61,44,0.842,0.687,10,0.507,0.0,0.088,77.8,1
kirana_merchant,20447.12,38,0.791,0.664,9,0.576,0.402,0.052,33.9,0
kirana_merchant,30975.97,39,0.948,0.363,0,0.261,0.474,0.317,80.1,0
kirana_merchant,33801.11,48,0.899,0.774,16,0.591,0.493,0.204,19.6,0
gig_worker,38147.39,41,0.639,0.857,5,0.431,0.0,0.182,87.7,0
gig_worker,33863.7,51,0.756,0.338,5,0.77,0.0,0.224,84.8,0
kirana_merchant,26997.31,48,1.089,0.31,8,0.405,0.528,0.348,25.3,1
freelancer,19572.89,47,0.842,0.663,5,0.955,0.0,0.084,52.5,0
freelancer,32878.33,48,0.812,0.667,1,0.794,0.0,0.09,29.1,0
gig_worker,68015.69,45,0.675,0.508,3,0.296,0.0,0.253,60.8,0
kirana_merchant,44800.04,47,1.02,0.839,0,0.312,0.516,0.293,48.2,0
freelancer,35149.02,32,0.667,0.217,7,0.487,0.0,0.329,32.5,1
gig_worker,45016.46,44,0.653,0.482,0,0.222,0.0,0.284,73.6,1
freelancer,22347.46,48,0.82,0.128,3,0.239,0.0,0.193,25.5,1
gig_worker,20865.81,49,0.818,0.142,8,0.775,0.0,0.256,72.0,0
freelancer,18510.76,36,1.091,0.143,0,0.462,0.0,0.196,51.3,0
kirana_merchant,25269.58,62,0.664,0.493,7,0.363,0.196,0.236,27.3,1
freelancer,21785.44,56,0.842,0.571,1,0.495,0.0,0.046,41.1,0
kirana_merchant,49224.04,47,0.701,0.103,2,0.986,0.917,0.233,33.5,0
gig_worker,21212.34,50,0.951,0.606,0,0.922,0.0,0.125,62.5,0
freelancer,18009.22,50,0.796,0.492,2,0.404,0.0,0.198,72.3,0
gig_worker,71060.62,45,0.924,0.279,15,0.261,0.0,0.065,93.5,1
gig_worker,21467.86,37,0.769,0.112,10,0.463,0.0,0.201,63.4,0
kirana_merchant,29049.72,54,0.882,0.225,4,0.207,0.053,0.239,35.0,0
kirana_merchant,33713.76,43,0.835,0.58,2,0.377,0.221,0.086,31.0,0
freelancer,15239.61,54,0.787,0.627,0,0.7,0.0,0.052,48.2,0
gig_worker,49898.28,53,0.869,0.618,6,0.272,0.0,0.144,53.0,1
kirana_merchant,36995.79,40,0.792,0.223,1,0.338,0.472,0.17,50.2,0
kirana_merchant,58641.15,44,1.003,0.829,9,0.545,0.766,0.231,82.0,1
gig_worker,19156.34,37,0.848,0.429,0,0.772,0.0,0.079,74.6,0
gig_worker,28270.18,47,1.052,0.714,8,0.622,0.0,0.175,86.5,0
gig_worker,27437.83,45,0.711,0.233,12,0.787,0.0,0.322,84.7,0
gig_worker,30697.74,49,0.656,0.476,0,0.274,0.0,0.157,65.4,1
freelancer,12999.84,48,0.79,0.517,7,0.329,0.0,0.077,15.2,1
kirana_merchant,28436.2,40,0.692,0.716,3,0.912,0.912,0.298,60.4,0
kirana_merchant,13184.12,49,0.797,0.597,6,0.968,0.949,0.16,60.2,0
freelancer,32182.14,47,0.704,0.419,4,0.857,0.0,0.228,64.9,0
gig_worker,9280.54,53,1.034,0.326,2,0.776,0.0,0.311,72.1,0
freelancer,10659.5,47,0.884,0.878,11,0.241,0.0,0.225,20.8,0
kirana_merchant,40508.79,37,0.849,0.328,3,0.999,0.827,0.298,45.8,0
freelancer,20467.24,63,0.994,0.204,3,0.369,0.0,0.235,25.1,0
gig_worker,16416.97,31,0.665,0.34,1,0.529,0.0,0.289,83.9,0
freelancer,50788.38,42,1.029,0.362,5,0.703,0.0,0.171,47.2,1
gig_worker,31691.8,55,0.842,0.202,2,0.634,0.0,0.343,81.2,0
gig_worker,41607.89,42,0.668,0.667,0,0.993,0.0,0.199,62.8,0
kirana_merchant,24757.38,50,1.01,0.595,1,0.674,0.384,0.245,41.2,0
gig_worker,102725.37,49,0.83,0.353,3,0.377,0.0,0.083,49.0,0
kirana_merchant,19885.44,39,0.902,0.894,2,0.651,0.271,0.156,28.7,0
kirana_merchant,64360.01,50,1.047,0.624,7,0.46,0.505,0.174,33.6,1
kirana_merchant,26090.25,45,1.045,0.663,7,0.732,0.876,0.293,25.8,1
gig_worker,11763.36,52,1.046,0.546,8,0.231,0.0,0.275,65.0,1
gig_worker,34249.4,53,0.808,0.541,3,0.421,0.0,0.199,74.6,1
gig_worker,31488.61,47,0.975,0.116,0,0.639,0.0,0.286,56.2,0
kirana_merchant,15904.21,39,0.717,0.717,3,0.821,0.39,0.288,27.6,0
gig_worker,16964.71,47,1.016,0.829,2,0.867,0.0,0.238,74.8,0
gig_worker,26573.01,39,0.771,0.198,1,0.932,0.0,0.331,69.9,0
gig_worker,32044.28,40,0.832,0.737,3,0.503,0.0,0.303,77.6,1
gig_worker,7821.79,54,1.046,0.527,33,0.67,0.0,0.092,85.0,1
kirana_merchant,45549.76,48,1.003,0.328,0,0.669,0.611,0.134,53.7,0
freelancer,21009.94,42,1.076,0.837,0,0.92,0.0,0.062,49.5,0
gig_worker,13823.51,50,0.782,0.114,1,0.877,0.0,0.16,79.4,0
kirana_merchant,43067.9,37,0.676,0.319,2,0.54,0.676,0.132,5.0,0
kirana_merchant,26587.36,41,1.055,0.809,1,0.676,0.511,0.279,30.2,0
kirana_merchant,49418.64,48,0.847,0.485,0,0.933,0.127,0.285,21.0,0
kirana_merchant,33489.13,39,1.045,0.579,3,1.0,0.749,0.171,43.0,0
kirana_merchant,26882.82,39,0.966,0.7,0,0.791,0.695,0.188,37.8,0
kirana_merchant,24925.21,47,1.037,0.218,3,0.255,0.496,0.309,58.0,1
gig_worker,34247.07,47,0.927,0.272,1,0.913,0.0,0.195,48.0,0
kirana_merchant,21877.95,39,1.006,0.899,4,0.582,0.667,0.327,22.0,0
kirana_merchant,17565.88,33,0.66,0.29,6,0.481,0.7,0.296,35.2,0
gig_worker,36495.88,48,1.084,0.531,0,0.432,0.0,0.169,79.0,1
gig_worker,25028.14,50,0.69,0.339,9,0.843,0.0,0.329,66.5,0
freelancer,27358.53,36,0.612,0.781,15,0.919,0.0,0.279,45.4,1
kirana_merchant,46383.08,34,0.865,0.869,0,0.749,0.976,0.336,41.0,0
kirana_merchant,25414.16,43,0.956,0.213,7,0.248,0.374,0.089,44.4,0
freelancer,27106.18,51,0.958,0.58,8,0.989,0.0,0.248,38.9,0
kirana_merchant,19933.86,53,0.77,0.749,2,0.646,0.585,0.324,9.1,0
kirana_merchant,33368.58,43,0.977,0.758,0,0.862,0.014,0.021,52.0,0
kirana_merchant,32045.56,57,1.021,0.452,4,0.777,0.111,0.052,39.1,0
freelancer,42208.95,47,0.905,0.28,6,0.468,0.0,0.06,44.7,0
kirana_merchant,20139.44,46,0.793,0.41,2,0.934,0.814,0.154,72.0,0
kirana_merchant,21398.83,41,0.907,0.701,11,0.444,0.733,0.309,64.7,0
gig_worker,39977.37,50,1.031,0.895,2,0.984,0.0,0.178,70.5,0
freelancer,30519.05,47,1.05,0.543,13,0.987,0.0,0.047,45.4,1
kirana_merchant,17100.98,52,0.616,0.256,0,0.235,0.562,0.092,31.7,0
gig_worker,51703.31,42,0.661,0.134,8,0.303,0.0,0.135,52.9,0
freelancer,11507.74,37,0.602,0.855,7,0.388,0.0,0.311,20.8,1
kirana_merchant,39820.71,45,0.846,0.486,7,0.495,0.461,0.086,56.1,1
gig_worker,14291.12,54,0.818,0.673,2,0.723,0.0,0.252,63.3,1
kirana_merchant,69071.28,32,0.873,0.628,1,0.492,0.646,0.3,43.9,0
kirana_merchant,12427.91,48,0.942,0.813,2,0.95,0.621,0.189,42.8,0
freelancer,47864.31,37,0.783,0.313,4,0.581,0.0,0.223,72.9,0
gig_worker,25827.18,47,0.704,0.453,2,0.646,0.0,0.198,50.7,0
freelancer,22397.37,44,0.797,0.831,4,0.701,0.0,0.271,33.2,0
kirana_merchant,29516.31,47,0.605,0.568,2,0.54,0.487,0.193,52.9,0
gig_worker,36899.39,45,1.015,0.157,5,0.708,0.0,0.331,76.0,0
freelancer,17116.53,39,0.792,0.256,2,0.272,0.0,0.306,31.2,0
kirana_merchant,17891.95,33,0.911,0.29,3,0.602,0.531,0.267,34.8,0
gig_worker,37227.48,46,0.762,0.895,2,0.464,0.0,0.13,85.7,0
kirana_merchant,11456.68,56,0.907,0.279,10,0.362,0.99,0.219,25.5,1
freelancer,20088.15,35,0.87,0.796,1,0.23,0.0,0.062,38.7,1
gig_worker,123049.68,53,0.704,0.162,1,0.825,0.0,0.151,60.6,0
gig_worker,16580.68,38,0.913,0.245,1,0.297,0.0,0.199,61.8,0
gig_worker,47757.98,49,0.655,0.798,2,0.337,0.0,0.134,64.8,0
gig_worker,20070.87,56,0.841,0.819,5,0.335,0.0,0.05,69.6,1
kirana_merchant,34700.96,55,0.96,0.241,2,0.984,0.552,0.123,36.8,0
kirana_merchant,37316.01,38,0.875,0.284,0,0.403,0.908,0.324,45.5,0
gig_worker,47310.07,36,0.973,0.524,4,0.349,0.0,0.221,81.0,0
gig_worker,24339.92,45,0.737,0.142,0,0.975,0.0,0.085,78.7,0
gig_worker,72725.13,39,0.624,0.856,0,0.702,0.0,0.283,73.1,0
freelancer,20036.92,32,0.628,0.39,5,0.746,0.0,0.319,36.2,0
gig_worker,30245.73,38,0.734,0.491,7,0.852,0.0,0.205,73.9,0
freelancer,30413.4,42,0.804,0.184,4,0.637,0.0,0.163,36.3,1
kirana_merchant,15352.23,51,0.869,0.126,1,0.634,0.631,0.139,47.9,0
gig_worker,23319.94,50,0.979,0.474,7,0.999,0.0,0.074,50.3,1
freelancer,29165.94,39,1.02,0.197,3,0.752,0.0,0.038,15.5,1
kirana_merchant,21675.53,42,0.947,0.604,0,0.769,0.615,0.091,45.2,0
kirana_merchant,91168.25,49,0.832,0.736,2,0.271,0.09,0.18,50.0,1
freelancer,17688.82,36,0.732,0.125,8,0.291,0.0,0.037,8.1,1
gig_worker,48519.07,39,0.814,0.59,13,0.606,0.0,0.343,77.0,0
gig_worker,41283.98,45,0.737,0.753,6,0.783,0.0,0.249,60.6,0
kirana_merchant,26717.36,38,0.912,0.452,6,0.803,0.251,0.133,51.1,0
gig_worker,17455.25,23,1.009,0.868,0,0.827,0.0,0.161,55.8,0
gig_worker,18322.27,41,0.859,0.189,0,0.77,0.0,0.346,99.0,0
gig_worker,20764.84,40,0.623,0.358,2,0.294,0.0,0.137,76.6,0
gig_worker,11016.28,47,1.07,0.284,0,0.867,0.0,0.071,86.7,0
kirana_merchant,16289.36,49,0.747,0.897,12,0.813,0.072,0.164,39.8,1
gig_worker,12820.0,53,1.057,0.335,0,0.499,0.0,0.086,82.8,0
kirana_merchant,52729.88,44,1.007,0.41,0,0.527,0.582,0.214,52.6,1
kirana_merchant,36652.29,51,0.807,0.778,0,0.643,0.945,0.146,34.5,0
kirana_merchant,39854.36,45,0.628,0.844,4,0.994,0.762,0.107,39.6,0
gig_worker,36113.28,44,1.074,0.85,2,0.795,0.0,0.117,92.9,1
kirana_merchant,29245.58,45,0.93,0.547,5,0.87,0.403,0.338,62.3,0
gig_worker,55845.27,37,0.725,0.631,18,0.365,0.0,0.144,52.2,1
kirana_merchant,19823.41,48,0.867,0.379,2,0.605,0.603,0.33,60.3,0
freelancer,28377.02,47,0.918,0.586,7,0.65,0.0,0.202,31.5,0
kirana_merchant,39086.38,45,0.713,0.342,0,0.235,0.919,0.206,40.1,0
kirana_merchant,13896.54,39,0.647,0.697,2,0.289,0.738,0.048,38.5,0
kirana_merchant,126537.56,47,0.734,0.346,5,0.372,0.238,0.343,57.8,0
gig_worker,27290.2,58,0.624,0.804,16,0.907,0.0,0.193,89.0,1
freelancer,28882.6,49,0.635,0.215,5,0.82,0.0,0.301,47.4,0
freelancer,50434.92,38,0.678,0.557,0,0.589,0.0,0.247,34.7,0
gig_worker,42509.28,43,0.679,0.517,10,0.827,0.0,0.181,73.1,0
kirana_merchant,27420.3,36,0.724,0.311,10,0.617,0.559,0.248,38.9,0
freelancer,28711.84,44,1.069,0.122,0,0.938,0.0,0.056,17.1,1
freelancer,12681.83,45,0.888,0.219,7,0.428,0.0,0.039,39.2,0
kirana_merchant,20368.95,48,0.811,0.874,16,0.295,0.541,0.137,64.0,1
kirana_merchant,34842.92,38,0.882,0.853,1,0.239,0.699,0.083,59.8,1
gig_worker,33588.75,44,0.603,0.195,1,0.551,0.0,0.312,67.0,0
freelancer,49542.34,40,1.047,0.4,2,0.444,0.0,0.119,33.1,1
gig_worker,25330.12,35,0.866,0.472,0,0.974,0.0,0.238,73.0,0
kirana_merchant,13444.92,47,0.826,0.482,3,0.906,0.832,0.321,43.1,0
gig_worker,45632.03,52,1.071,0.339,5,0.544,0.0,0.04,64.9,1
gig_worker,55162.83,48,0.965,0.83,3,0.213,0.0,0.254,77.8,1
kirana_merchant,42155.58,56,0.769,0.827,2,0.275,0.113,0.023,31.1,1
freelancer,24789.69,43,1.068,0.115,6,0.372,0.0,0.303,41.2,0
gig_worker,45351.25,33,1.026,0.62,0,0.514,0.0,0.345,90.9,0
kirana_merchant,149410.86,55,1.077,0.159,6,0.841,0.926,0.096,34.5,0
gig_worker,28497.63,43,0.648,0.578,2,0.882,0.0,0.073,73.9,0
gig_worker,13962.52,34,1.078,0.794,1,0.999,0.0,0.185,75.7,0
kirana_merchant,20067.51,56,0.871,0.62,9,0.625,0.048,0.334,55.3,0
kirana_merchant,36781.05,48,0.936,0.475,2,0.958,0.602,0.119,33.1,0
gig_worker,12059.38,45,0.706,0.866,1,0.723,0.0,0.125,49.7,0
gig_worker,29281.22,46,0.67,0.697,2,0.582,0.0,0.225,99.0,0
gig_worker,32538.14,39,0.64,0.299,1,0.308,0.0,0.256,81.9,0
gig_worker,57963.04,47,0.811,0.41,6,0.933,0.0,0.199,60.1,0
freelancer,51797.51,41,0.711,0.708,18,0.915,0.0,0.094,10.6,0
freelancer,41452.04,47,0.641,0.115,10,0.904,0.0,0.318,28.0,1
gig_worker,9123.97,42,1.078,0.151,0,0.971,0.0,0.192,77.1,0
kirana_merchant,42639.08,42,0.967,0.788,4,0.855,0.141,0.332,28.1,1
freelancer,38282.83,53,0.859,0.134,0,0.204,0.0,0.177,40.7,1
gig_worker,30576.05,45,0.972,0.643,0,0.772,0.0,0.065,72.9,1
freelancer,11326.37,49,0.906,0.355,0,0.533,0.0,0.141,39.2,0
freelancer,18244.39,50,0.689,0.761,2,0.955,0.0,0.199,63.2,0
gig_worker,15011.75,35,0.917,0.778,0,0.827,0.0,0.084,90.2,0
gig_worker,9823.14,52,0.941,0.863,0,0.843,0.0,0.154,58.9,0
freelancer,26864.0,48,0.719,0.176,1,0.287,0.0,0.055,18.8,0
kirana_merchant,18053.39,37,0.76,0.438,3,0.571,0.665,0.314,29.5,0
gig_worker,99972.74,47,0.792,0.559,6,0.565,0.0,0.336,63.3,0
gig_worker,24726.08,40,0.901,0.833,2,0.596,0.0,0.171,84.3,0
kirana_merchant,51373.44,35,0.663,0.313,4,0.837,0.009,0.315,39.3,0
kirana_merchant,12276.6,66,0.972,0.157,14,0.376,0.435,0.079,38.8,0
kirana_merchant,20639.36,55,0.773,0.261,5,0.344,0.72,0.043,66.3,0
freelancer,28238.71,33,0.946,0.496,15,0.886,0.0,0.128,39.3,1
gig_worker,17084.43,45,1.066,0.645,4,0.868,0.0,0.099,79.3,0
kirana_merchant,21783.32,43,1.035,0.653,0,0.733,0.33,0.098,21.6,1
kirana_merchant,24125.5,35,0.969,0.16,9,0.25,0.271,0.277,43.2,0
kirana_merchant,23933.78,39,0.697,0.709,3,0.776,0.829,0.289,36.2,0
gig_worker,68020.15,37,0.966,0.628,0,0.286,0.0,0.206,54.3,1
freelancer,32503.83,52,0.918,0.426,1,0.517,0.0,0.258,31.5,0
freelancer,34192.28,35,0.986,0.557,7,0.871,0.0,0.114,25.0,1
kirana_merchant,35236.13,47,1.034,0.714,5,0.224,0.817,0.25,54.2,0
kirana_merchant,36545.49,45,0.756,0.31,0,0.707,0.493,0.269,43.8,0
gig_worker,25811.01,46,0.922,0.852,0,0.642,0.0,0.331,71.1,1
kirana_merchant,22916.83,45,0.738,0.21,15,0.502,0.103,0.049,20.0,1
kirana_merchant,29243.37,43,0.773,0.822,0,0.37,0.907,0.3,57.4,0
kirana_merchant,47973.4,53,0.86,0.693,1,0.333,0.978,0.073,16.7,0
freelancer,47245.8,46,0.817,0.628,16,0.872,0.0,0.161,26.8,1
kirana_merchant,23856.23,50,0.9,0.166,4,0.289,0.867,0.022,39.0,0
gig_worker,39494.7,44,0.979,0.835,4,0.972,0.0,0.335,78.6,0
kirana_merchant,24409.01,56,0.903,0.336,5,0.357,0.855,0.338,39.0,0
gig_worker,27362.68,51,1.085,0.696,0,0.777,0.0,0.336,59.1,0
gig_worker,21231.44,39,0.969,0.808,0,0.646,0.0,0.05,84.5,0
gig_worker,24567.44,48,1.093,0.295,1,0.5,0.0,0.122,48.0,0
kirana_merchant,52610.19,28,0.972,0.832,0,0.931,0.412,0.152,55.1,0
kirana_merchant,28175.57,40,0.854,0.59,1,0.227,0.788,0.343,51.7,0
kirana_merchant,28785.91,39,0.806,0.627,5,0.814,0.426,0.279,40.4,0
kirana_merchant,13048.01,43,0.968,0.832,3,0.792,0.33,0.234,44.7,0
kirana_merchant,23049.01,57,0.944,0.521,1,0.868,0.146,0.147,37.2,0
gig_worker,23845.3,43,0.934,0.453,1,0.913,0.0,0.342,58.1,0
freelancer,17772.87,46,0.961,0.607,1,0.566,0.0,0.255,17.9,0
gig_worker,27196.2,40,1.036,0.543,5,0.74,0.0,0.192,57.0,0
gig_worker,21707.41,45,0.714,0.149,1,0.66,0.0,0.19,54.2,0
kirana_merchant,28001.07,47,0.882,0.244,5,0.673,0.034,0.045,59.0,1
gig_worker,28588.26,40,0.902,0.111,0,0.22,0.0,0.145,81.2,0
gig_worker,16682.62,42,0.746,0.187,0,0.97,0.0,0.065,68.4,0
kirana_merchant,22040.77,48,1.094,0.684,0,0.33,0.29,0.264,5.7,1
kirana_merchant,27964.39,51,0.993,0.104,0,0.531,0.933,0.309,34.1,0
kirana_merchant,48637.48,32,0.761,0.344,1,0.76,0.992,0.327,53.4,0
freelancer,30587.89,36,0.779,0.459,2,0.37,0.0,0.343,35.8,1
kirana_merchant,19322.63,61,0.959,0.85,5,0.293,0.749,0.091,28.6,0
freelancer,32843.28,45,0.606,0.362,1,0.917,0.0,0.19,29.8,1
gig_worker,63181.98,48,0.832,0.727,14,0.664,0.0,0.263,82.8,1
kirana_merchant,42546.52,40,0.772,0.427,4,0.308,0.025,0.233,75.0,0
freelancer,35375.09,51,1.027,0.179,15,0.898,0.0,0.35,52.4,0
kirana_merchant,38669.06,50,0.996,0.179,2,0.351,0.831,0.104,38.9,0
kirana_merchant,55269.53,35,0.766,0.446,2,0.726,0.119,0.214,27.4,0
gig_worker,46065.22,37,1.032,0.146,0,0.884,0.0,0.109,63.1,0
gig_worker,35716.93,41,1.057,0.557,12,0.696,0.0,0.242,89.4,1
kirana_merchant,45904.62,42,0.876,0.495,6,0.206,0.507,0.116,41.7,0
gig_worker,15664.85,45,0.68,0.662,3,0.72,0.0,0.259,38.4,0
freelancer,12693.78,34,0.985,0.248,14,0.654,0.0,0.231,6.5,0
gig_worker,29101.63,42,0.76,0.574,7,0.622,0.0,0.077,57.6,1
freelancer,27843.1,38,0.864,0.24,0,0.445,0.0,0.094,5.0,0
freelancer,20497.23,45,0.623,0.678,1,0.701,0.0,0.179,49.0,0
gig_worker,40657.0,40,0.85,0.346,1,0.213,0.0,0.252,99.0,0
gig_worker,10599.56,40,0.79,0.592,5,0.615,0.0,0.072,84.9,0
freelancer,20591.09,57,0.943,0.806,1,0.463,0.0,0.114,51.1,0
freelancer,21110.42,41,0.62,0.491,2,0.238,0.0,0.061,50.2,1
kirana_merchant,11870.95,55,0.912,0.254,10,0.41,0.639,0.05,24.1,0
gig_worker,56804.2,47,0.986,0.809,0,0.869,0.0,0.162,69.5,0
kirana_merchant,13635.06,45,0.606,0.387,1,0.407,0.317,0.094,44.4,0
kirana_merchant,20046.9,51,0.975,0.684,1,0.578,0.206,0.116,71.7,0
gig_worker,42361.27,44,0.665,0.356,2,0.652,0.0,0.228,62.4,1
kirana_merchant,37161.28,47,0.949,0.339,1,0.43,0.128,0.244,55.0,1
gig_worker,15458.47,40,0.828,0.614,6,0.635,0.0,0.031,61.4,0
gig_worker,37844.64,37,0.876,0.225,5,0.964,0.0,0.133,55.2,0
gig_worker,31097.8,42,0.769,0.794,3,0.347,0.0,0.138,56.2,0
gig_worker,86380.55,49,0.723,0.41,5,0.914,0.0,0.309,48.8,0
gig_worker,32924.43,48,0.636,0.115,0,0.649,0.0,0.169,70.4,0
kirana_merchant,25068.79,48,1.032,0.344,1,0.823,0.809,0.133,56.3,0
gig_worker,17531.4,43,0.905,0.728,12,0.679,0.0,0.078,99.0,0
gig_worker,18543.57,32,1.091,0.787,7,0.444,0.0,0.298,82.6,1
gig_worker,17802.88,43,1.025,0.554,3,0.66,0.0,0.31,60.2,0
freelancer,53399.11,45,1.035,0.335,0,0.541,0.0,0.342,51.8,0
kirana_merchant,27146.0,44,0.899,0.522,2,0.675,0.873,0.312,57.2,0
kirana_merchant,35689.92,43,0.64,0.769,1,0.652,0.827,0.274,41.4,0
kirana_merchant,57361.22,54,1.057,0.353,1,0.742,0.654,0.183,27.4,0
freelancer,8273.13,40,0.659,0.408,0,0.78,0.0,0.259,10.0,0
gig_worker,50992.66,33,0.859,0.532,1,0.638,0.0,0.218,60.4,1
kirana_merchant,27658.78,41,1.028,0.81,0,0.849,0.319,0.268,45.4,0
kirana_merchant,33440.54,51,0.836,0.566,13,0.749,0.289,0.253,66.3,0
kirana_merchant,17779.45,44,0.683,0.266,3,0.403,0.782,0.17,31.1,1
gig_worker,18442.96,51,0.787,0.171,0,0.951,0.0,0.176,73.9,0
kirana_merchant,34352.26,38,1.094,0.176,2,0.257,0.891,0.235,52.3,1
gig_worker,88636.49,42,1.1,0.86,0,0.706,0.0,0.306,62.3,0
kirana_merchant,44429.4,52,0.955,0.758,3,0.69,0.474,0.17,24.0,0
kirana_merchant,50653.39,42,1.044,0.713,5,0.556,0.019,0.144,43.7,1
gig_worker,24440.56,50,0.622,0.497,2,0.582,0.0,0.301,57.0,1
freelancer,19928.34,44,0.738,0.638,15,0.822,0.0,0.116,12.8,1
gig_worker,18207.66,47,0.784,0.202,4,0.778,0.0,0.322,93.3,0
freelancer,21075.43,44,0.606,0.597,1,0.531,0.0,0.198,27.0,0
kirana_merchant,9639.35,48,0.788,0.749,1,0.371,0.389,0.14,51.6,0
gig_worker,18723.61,43,0.647,0.15,8,0.249,0.0,0.152,75.8,0
gig_worker,20329.4,47,0.859,0.337,1,0.779,0.0,0.2,54.8,0
freelancer,24644.79,36,0.602,0.188,2,0.757,0.0,0.126,39.7,0
gig_worker,28735.11,46,0.735,0.308,5,0.428,0.0,0.276,76.5,0
gig_worker,32248.46,41,1.033,0.718,2,0.962,0.0,0.344,74.0,0
gig_worker,26703.16,61,0.707,0.366,0,0.721,0.0,0.291,72.3,1
kirana_merchant,20116.15,36,0.632,0.652,3,0.733,0.082,0.06,52.4,0
kirana_merchant,10080.12,52,0.725,0.719,9,0.651,0.975,0.129,51.2,0
gig_worker,20177.95,36,1.014,0.753,1,0.717,0.0,0.19,80.6,0
gig_worker,16543.93,50,0.894,0.799,5,0.999,0.0,0.311,55.0,1
gig_worker,33963.22,41,0.893,0.578,9,0.841,0.0,0.173,47.6,0
gig_worker,42388.98,41,0.6,0.325,4,0.538,0.0,0.126,64.3,0
kirana_merchant,43014.2,38,0.836,0.22,6,0.356,0.794,0.276,42.3,0
kirana_merchant,39280.22,42,0.733,0.503,8,0.803,0.394,0.264,56.6,0
gig_worker,25165.7,47,0.768,0.183,6,0.903,0.0,0.066,99.0,0
gig_worker,20723.47,52,0.899,0.829,3,0.618,0.0,0.074,61.4,0
gig_worker,18517.08,52,1.037,0.454,4,0.939,0.0,0.188,88.4,0
freelancer,12660.61,35,0.691,0.798,0,0.647,0.0,0.303,37.1,0
freelancer,44175.55,46,0.984,0.667,4,0.373,0.0,0.112,26.6,1
freelancer,24652.77,58,0.624,0.786,0,0.541,0.0,0.229,41.8,0
gig_worker,14426.61,40,0.763,0.807,0,0.537,0.0,0.161,77.1,1
gig_worker,17796.45,39,0.709,0.143,14,0.339,0.0,0.028,75.8,0
gig_worker,17439.85,49,1.058,0.68,1,0.75,0.0,0.175,91.3,0
gig_worker,27488.2,47,0.689,0.281,1,0.874,0.0,0.23,63.8,0
kirana_merchant,45877.68,42,0.889,0.891,5,0.367,0.965,0.306,49.7,1
kirana_merchant,22606.78,51,0.682,0.723,0,0.814,0.411,0.115,16.2,0
freelancer,8723.13,46,0.837,0.103,1,0.317,0.0,0.215,13.0,0
freelancer,24475.06,43,0.807,0.842,0,0.466,0.0,0.326,34.5,0
gig_worker,24882.08,42,0.621,0.334,5,0.792,0.0,0.219,60.9,0
kirana_merchant,24041.57,51,1.013,0.433,12,0.52,0.117,0.319,63.8,0
gig_worker,19658.58,40,0.99,0.59,4,0.206,0.0,0.216,83.5,1
gig_worker,29993.01,56,0.739,0.833,4,0.852,0.0,0.221,78.4,0
kirana_merchant,27807.76,50,0.907,0.842,1,0.379,0.544,0.257,42.0,0
gig_worker,26571.24,50,0.781,0.551,13,0.884,0.0,0.268,57.6,0
kirana_merchant,33067.98,49,0.985,0.353,2,0.403,0.575,0.188,5.0,0
gig_worker,21700.35,61,0.946,0.323,1,0.404,0.0,0.234,60.5,0
kirana_merchant,21093.22,41,0.645,0.392,11,0.907,0.862,0.25,49.5,0
kirana_merchant,53640.61,54,1.022,0.244,15,0.48,0.359,0.072,25.5,0
gig_worker,35584.94,46,0.69,0.636,7,0.733,0.0,0.12,91.9,0
freelancer,40679.23,45,0.687,0.522,6,0.486,0.0,0.315,37.7,0
gig_worker,49664.83,41,0.967,0.719,11,0.633,0.0,0.099,81.4,0
kirana_merchant,34995.41,32,0.692,0.175,2,0.817,0.686,0.23,66.5,0
kirana_merchant,42795.76,50,0.661,0.42,4,0.935,0.609,0.038,28.3,0
kirana_merchant,12213.87,47,0.768,0.292,6,0.721,0.845,0.292,39.5,0
freelancer,29794.44,36,1.019,0.528,0,0.505,0.0,0.215,45.3,0
gig_worker,24554.26,53,0.688,0.475,11,0.515,0.0,0.187,50.4,1
kirana_merchant,62245.53,35,0.77,0.46,0,0.325,0.546,0.265,49.8,1
kirana_merchant,42779.86,39,0.743,0.353,3,0.652,0.935,0.272,63.0,0
freelancer,19629.28,39,0.778,0.681,1,0.874,0.0,0.101,44.7,0
gig_worker,32415.67,46,0.957,0.485,6,0.304,0.0,0.342,75.9,0
kirana_merchant,29256.02,49,0.803,0.262,0,0.409,0.02,0.321,20.9,0
kirana_merchant,33764.52,40,0.98,0.538,2,0.215,0.604,0.09,42.3,0
gig_worker,16164.6,42,0.92,0.577,4,0.621,0.0,0.128,53.5,0
kirana_merchant,32209.23,44,0.781,0.117,4,0.247,0.504,0.144,42.8,0
gig_worker,24002.77,40,0.816,0.263,1,0.663,0.0,0.279,72.4,0
kirana_merchant,30983.96,40,0.952,0.294,0,0.427,0.897,0.13,31.7,0
freelancer,18728.61,39,0.867,0.298,1,0.842,0.0,0.241,55.5,0
kirana_merchant,20079.78,49,1.034,0.291,0,0.628,0.984,0.237,21.8,0
kirana_merchant,48383.83,52,1.067,0.317,0,0.585,0.111,0.207,82.8,0
kirana_merchant,15902.41,57,0.959,0.31,3,0.385,0.605,0.225,55.5,0
gig_worker,16500.12,56,1.095,0.807,4,0.941,0.0,0.095,83.6,0
gig_worker,26218.21,50,0.898,0.356,0,0.962,0.0,0.07,73.2,0
kirana_merchant,18289.0,42,0.62,0.38,1,0.803,0.225,0.131,18.2,0
gig_worker,17283.12,47,0.852,0.313,2,0.445,0.0,0.181,62.4,0
gig_worker,28354.41,45,0.715,0.874,4,0.831,0.0,0.196,67.0,0
kirana_merchant,12676.02,40,0.767,0.528,1,0.779,0.67,0.077,40.8,0
gig_worker,16252.77,42,0.845,0.588,5,0.369,0.0,0.251,61.6,0
gig_worker,75135.45,59,0.748,0.688,1,0.265,0.0,0.052,94.6,0
kirana_merchant,33851.46,37,0.755,0.367,1,0.354,0.459,0.346,28.2,0
gig_worker,18522.07,39,0.801,0.875,2,0.893,0.0,0.281,67.5,1
freelancer,33160.26,48,0.743,0.222,1,0.325,0.0,0.318,20.7,1
freelancer,35727.12,50,0.685,0.466,0,0.834,0.0,0.173,32.8,0
kirana_merchant,44232.15,52,0.983,0.216,0,0.455,0.015,0.335,12.3,0
gig_worker,25245.97,67,0.798,0.732,15,0.779,0.0,0.345,64.6,0
kirana_merchant,43837.67,56,1.016,0.186,9,0.92,0.777,0.177,60.5,0
freelancer,9708.69,43,1.041,0.543,13,0.831,0.0,0.296,37.2,1
kirana_merchant,15864.61,47,0.975,0.184,10,0.63,0.054,0.241,19.5,1
gig_worker,29200.34,40,0.798,0.462,1,0.204,0.0,0.087,75.5,0
kirana_merchant,31723.62,45,0.961,0.324,2,0.31,0.161,0.153,51.7,0
freelancer,17053.47,45,0.678,0.823,3,0.827,0.0,0.256,39.9,0
kirana_merchant,30629.23,44,0.931,0.142,2,0.278,0.99,0.072,49.2,0
kirana_merchant,19694.21,46,0.803,0.62,1,0.979,0.013,0.126,68.5,0
kirana_merchant,23424.09,45,0.928,0.656,2,0.976,0.779,0.128,62.7,0
kirana_merchant,44908.7,37,0.977,0.811,5,0.435,0.367,0.157,31.8,0
gig_worker,42381.56,39,0.881,0.802,7,0.227,0.0,0.02,63.8,1
kirana_merchant,16341.61,45,0.921,0.882,7,0.798,0.446,0.12,30.9,1
gig_worker,15857.13,45,0.707,0.303,5,0.353,0.0,0.089,74.0,0
kirana_merchant,21903.75,53,0.896,0.32,2,0.787,0.55,0.33,54.1,0
gig_worker,26545.8,40,0.83,0.418,2,0.468,0.0,0.295,51.8,0
kirana_merchant,19361.67,47,0.814,0.53,2,0.498,0.513,0.194,47.9,0
gig_worker,45266.44,42,0.805,0.394,0,0.681,0.0,0.05,61.3,0
kirana_merchant,32006.52,35,0.755,0.692,1,0.331,0.46,0.332,26.0,1
kirana_merchant,32959.76,46,0.753,0.107,11,0.976,0.236,0.149,45.6,0
gig_worker,14281.65,38,0.95,0.114,1,0.235,0.0,0.274,97.8,0
gig_worker,48225.6,44,0.879,0.673,6,0.958,0.0,0.095,71.9,1
gig_worker,6567.68,45,0.615,0.806,1,0.439,0.0,0.228,85.7,0
freelancer,40824.09,53,0.624,0.721,13,0.733,0.0,0.165,38.6,1
kirana_merchant,42922.69,36,0.885,0.194,5,0.998,0.053,0.187,41.6,0
kirana_merchant,21672.5,48,1.023,0.848,1,0.39,0.725,0.087,51.8,1
gig_worker,50840.83,39,0.622,0.518,4,0.58,0.0,0.308,63.7,1
kirana_merchant,26067.67,50,0.854,0.694,0,0.219,0.333,0.247,19.8,0
freelancer,27756.24,50,1.026,0.261,5,0.372,0.0,0.155,15.9,0
freelancer,31880.96,48,0.602,0.539,5,0.311,0.0,0.141,33.5,1
kirana_merchant,132360.89,49,0.738,0.364,0,0.803,0.021,0.039,49.6,0
gig_worker,52691.9,46,1.06,0.88,9,0.754,0.0,0.15,74.9,0
gig_worker,38199.04,50,0.641,0.479,1,0.591,0.0,0.095,62.6,0
gig_worker,17044.75,37,0.903,0.704,7,0.201,0.0,0.298,71.5,1
gig_worker,28905.72,53,0.854,0.583,6,0.365,0.0,0.118,64.2,0
gig_worker,17915.79,36,0.676,0.175,19,0.741,0.0,0.212,54.0,1
gig_worker,40581.01,42,0.621,0.534,1,0.211,0.0,0.234,46.1,0
gig_worker,28860.62,37,0.851,0.532,0,0.666,0.0,0.222,66.8,0
freelancer,15332.64,49,0.968,0.673,2,0.329,0.0,0.225,47.2,1
kirana_merchant,28016.88,42,0.689,0.358,4,0.666,0.262,0.28,42.2,0
freelancer,17593.61,38,0.946,0.789,4,0.833,0.0,0.166,13.9,0
kirana_merchant,29016.16,29,0.873,0.598,0,0.899,0.461,0.071,61.0,0
gig_worker,17508.84,59,0.779,0.131,0,0.546,0.0,0.183,60.9,0
kirana_merchant,27275.49,46,0.932,0.665,2,0.683,0.452,0.025,6.1,1
gig_worker,39153.1,50,0.696,0.826,9,0.627,0.0,0.26,69.9,0
kirana_merchant,26198.93,50,0.828,0.647,8,0.632,0.86,0.052,60.9,0
gig_worker,22127.04,44,0.875,0.404,5,0.509,0.0,0.113,73.8,0
freelancer,29781.36,42,0.829,0.573,0,0.831,0.0,0.136,19.1,0
gig_worker,38123.7,39,0.799,0.237,2,0.471,0.0,0.302,57.4,0
gig_worker,15466.14,53,0.97,0.581,0,0.674,0.0,0.274,87.0,0
freelancer,30648.17,44,0.928,0.501,1,0.564,0.0,0.306,25.7,0
gig_worker,51988.11,44,0.92,0.121,5,0.474,0.0,0.348,53.0,0
kirana_merchant,35840.31,42,1.046,0.358,2,0.492,0.808,0.207,24.7,0
kirana_merchant,27691.4,55,1.097,0.253,2,0.547,0.867,0.068,37.6,0
freelancer,37044.26,54,0.884,0.413,4,0.526,0.0,0.184,55.0,0
freelancer,33733.55,40,0.774,0.293,3,0.767,0.0,0.301,45.4,0
freelancer,39214.45,41,0.989,0.767,2,0.652,0.0,0.118,37.0,1
gig_worker,9779.41,54,0.671,0.658,2,0.609,0.0,0.21,99.0,0
freelancer,12373.0,36,0.856,0.692,2,0.337,0.0,0.071,43.5,1
kirana_merchant,44463.09,39,0.862,0.389,1,0.577,0.109,0.071,87.4,0
kirana_merchant,12674.67,45,1.092,0.103,2,0.587,0.996,0.219,36.5,0
gig_worker,32884.91,56,1.096,0.275,2,0.766,0.0,0.332,71.5,0
kirana_merchant,22560.94,40,1.0,0.704,2,0.55,0.74,0.106,31.4,0
freelancer,16348.73,37,0.837,0.582,6,0.616,0.0,0.245,37.1,0
freelancer,32042.71,41,0.874,0.531,0,0.521,0.0,0.279,32.4,1
kirana_merchant,29747.99,44,0.76,0.324,3,0.983,0.672,0.105,93.1,0
gig_worker,77278.52,55,1.015,0.161,18,0.885,0.0,0.099,68.2,1
gig_worker,19684.65,50,0.973,0.728,4,0.235,0.0,0.285,87.2,1
freelancer,55273.84,45,0.986,0.131,2,0.886,0.0,0.043,35.2,1
kirana_merchant,32087.17,50,0.669,0.147,0,0.492,0.637,0.127,53.8,0
kirana_merchant,19331.46,46,0.799,0.336,0,0.466,0.653,0.193,49.0,0
gig_worker,40119.72,48,0.869,0.558,3,0.276,0.0,0.109,77.9,0
kirana_merchant,35698.69,51,0.662,0.894,0,0.925,0.722,0.054,43.6,0
kirana_merchant,27389.68,45,0.784,0.173,3,0.902,0.894,0.316,16.5,0
freelancer,30734.7,42,0.644,0.479,8,0.948,0.0,0.169,49.2,0
kirana_merchant,19960.42,47,1.079,0.581,3,0.817,0.113,0.074,13.6,1
gig_worker,17802.72,46,0.976,0.758,3,0.285,0.0,0.341,92.1,0
kirana_merchant,39329.14,47,0.91,0.652,7,0.221,0.404,0.319,52.2,0
gig_worker,24053.37,43,0.702,0.746,2,0.928,0.0,0.111,75.6,0
freelancer,25847.22,40,0.767,0.518,13,0.639,0.0,0.032,36.3,1
gig_worker,30943.27,45,0.672,0.447,5,0.39,0.0,0.127,90.1,0
kirana_merchant,30719.23,51,0.868,0.595,5,0.27,0.804,0.054,65.2,0
gig_worker,13165.26,40,1.01,0.821,0,0.316,0.0,0.164,50.4,0
kirana_merchant,51181.12,39,0.61,0.541,8,0.326,0.921,0.206,6.3,1
kirana_merchant,28583.68,42,0.652,0.584,0,0.712,0.276,0.04,53.2,0
kirana_merchant,24310.74,49,0.715,0.37,12,0.405,0.501,0.343,43.8,1
gig_worker,33370.35,37,0.957,0.577,8,0.445,0.0,0.184,63.3,0
gig_worker,30280.86,41,1.047,0.602,7,0.679,0.0,0.236,73.6,1
gig_worker,39479.28,43,0.977,0.703,3,0.832,0.0,0.107,58.0,0
kirana_merchant,35206.71,41,0.862,0.558,1,0.521,0.881,0.218,51.8,0
gig_worker,38519.62,46,0.653,0.258,2,0.231,0.0,0.178,60.2,0
kirana_merchant,52865.01,52,0.977,0.566,3,0.722,0.204,0.302,41.3,0
freelancer,41848.54,38,0.653,0.338,6,0.748,0.0,0.091,43.0,0
freelancer,24828.73,43,0.774,0.17,2,0.469,0.0,0.021,26.6,0
kirana_merchant,15345.07,48,0.754,0.76,0,0.201,0.287,0.079,36.5,0
kirana_merchant,61938.61,33,0.78,0.153,3,0.657,0.015,0.094,41.8,0
gig_worker,23888.16,49,0.765,0.605,1,0.82,0.0,0.165,75.6,0
kirana_merchant,21235.85,41,0.985,0.891,1,0.375,0.71,0.144,65.6,1
freelancer,11289.59,43,0.686,0.17,3,0.61,0.0,0.111,29.3,0
gig_worker,31864.14,34,1.023,0.276,0,0.758,0.0,0.116,82.1,0
kirana_merchant,28982.38,49,1.029,0.709,1,0.671,0.324,0.088,52.7,0
freelancer,12612.49,56,0.845,0.178,17,0.817,0.0,0.045,40.0,0
freelancer,33746.67,41,0.653,0.766,0,0.526,0.0,0.276,48.9,0
gig_worker,20971.17,58,0.888,0.1,2,0.896,0.0,0.032,93.6,0
kirana_merchant,103275.71,42,1.01,0.812,1,0.455,0.403,0.227,45.1,0
gig_worker,20238.04,39,0.745,0.153,1,0.323,0.0,0.304,81.5,0
gig_worker,21642.26,47,1.019,0.838,2,0.827,0.0,0.144,64.0,0
freelancer,17371.95,43,0.938,0.792,1,0.208,0.0,0.22,30.6,0
freelancer,50967.24,44,1.094,0.532,5,0.961,0.0,0.227,20.5,0
kirana_merchant,22328.34,61,1.012,0.722,13,0.259,0.018,0.06,39.1,1
gig_worker,18723.65,51,0.701,0.16,0,0.83,0.0,0.093,75.8,0
freelancer,38310.43,43,0.825,0.208,1,0.297,0.0,0.089,35.8,0
kirana_merchant,13491.61,45,0.652,0.395,3,0.424,0.078,0.057,40.2,0
gig_worker,36774.33,39,0.635,0.53,0,0.681,0.0,0.239,68.6,0
kirana_merchant,65558.61,45,0.953,0.795,3,0.312,0.204,0.172,41.9,0
gig_worker,35714.21,55,1.056,0.534,6,0.278,0.0,0.143,70.2,1
kirana_merchant,37010.21,37,1.087,0.632,6,0.945,0.387,0.305,68.9,0
kirana_merchant,41565.68,52,0.735,0.644,3,0.776,0.079,0.333,43.4,0
gig_worker,63250.23,45,0.701,0.802,4,0.296,0.0,0.182,57.5,0
gig_worker,49263.91,39,0.88,0.721,0,0.615,0.0,0.298,97.9,1
gig_worker,33517.9,41,0.7,0.882,3,0.868,0.0,0.322,71.2,1
gig_worker,42274.77,40,0.748,0.116,0,0.27,0.0,0.122,69.7,0
kirana_merchant,17275.29,55,1.019,0.266,0,0.849,0.979,0.027,29.5,0
freelancer,39661.92,50,1.005,0.844,5,0.874,0.0,0.259,24.5,1
gig_worker,16272.34,45,1.048,0.734,1,0.473,0.0,0.119,94.2,0
gig_worker,22392.67,52,0.841,0.314,27,0.996,0.0,0.028,59.3,0
kirana_merchant,5760.15,40,0.882,0.879,0,0.514,0.417,0.152,31.8,1
freelancer,32883.12,46,0.985,0.796,6,0.922,0.0,0.179,45.0,0
gig_worker,19497.94,53,0.72,0.152,0,0.918,0.0,0.15,50.2,0
gig_worker,46890.6,39,1.012,0.749,2,0.771,0.0,0.111,86.2,1
kirana_merchant,32698.89,31,0.609,0.728,1,0.201,0.222,0.303,53.8,0
gig_worker,47195.22,42,0.999,0.277,0,0.746,0.0,0.188,70.0,0
gig_worker,15649.62,46,0.988,0.635,0,0.276,0.0,0.281,77.4,1
kirana_merchant,45215.4,39,0.751,0.876,0,0.229,0.271,0.131,69.1,1
kirana_merchant,77105.37,40,0.964,0.641,1,0.344,0.699,0.12,56.9,1
kirana_merchant,39421.99,45,0.707,0.751,3,0.609,0.307,0.284,58.1,0
kirana_merchant,39941.63,43,0.888,0.18,1,0.568,0.307,0.32,52.5,0
kirana_merchant,29284.07,43,0.95,0.682,1,0.512,0.206,0.26,40.9,0
gig_worker,20695.38,55,0.957,0.264,0,0.628,0.0,0.132,70.5,0
gig_worker,39363.58,45,1.091,0.157,2,0.412,0.0,0.33,74.9,0
gig_worker,12669.57,47,0.691,0.542,2,0.45,0.0,0.266,80.8,0
gig_worker,21831.79,45,0.84,0.7,2,0.367,0.0,0.222,66.1,0
kirana_merchant,11097.46,49,1.04,0.537,4,0.562,0.302,0.191,52.3,0
freelancer,18923.73,48,0.881,0.845,3,0.771,0.0,0.229,32.4,1
freelancer,37087.03,36,1.038,0.657,7,0.609,0.0,0.034,39.6,0
kirana_merchant,34637.66,46,0.817,0.194,0,0.881,0.23,0.235,45.3,0
gig_worker,27596.85,43,0.998,0.848,2,0.593,0.0,0.115,77.5,0
gig_worker,29295.83,45,1.035,0.222,0,0.362,0.0,0.154,77.1,0
freelancer,10478.36,42,1.023,0.707,4,0.61,0.0,0.211,36.0,1
kirana_merchant,22330.73,54,1.036,0.219,0,0.497,0.2,0.119,30.8,0
kirana_merchant,19135.95,49,0.71,0.899,4,0.593,0.877,0.085,65.9,0
kirana_merchant,19350.43,46,0.819,0.366,6,0.279,0.565,0.09,36.7,0
kirana_merchant,36307.85,42,0.687,0.497,0,0.821,0.661,0.34,62.8,0
freelancer,17496.33,56,0.69,0.473,2,0.477,0.0,0.07,18.3,0
gig_worker,19883.78,46,0.844,0.182,23,0.214,0.0,0.266,56.5,0
kirana_merchant,9475.51,39,1.08,0.495,0,0.653,0.186,0.329,61.5,1
freelancer,23223.93,47,0.896,0.22,0,0.747,0.0,0.315,62.2,0
gig_worker,15616.47,40,1.027,0.742,7,0.258,0.0,0.198,80.2,1
kirana_merchant,27989.97,43,1.069,0.867,3,0.5,0.595,0.142,21.4,1
gig_worker,16721.42,51,0.643,0.746,3,0.584,0.0,0.177,87.9,0
freelancer,28346.85,38,0.681,0.445,1,0.602,0.0,0.027,22.0,0
gig_worker,25025.66,46,0.745,0.102,1,0.229,0.0,0.242,56.6,0
kirana_merchant,62070.18,50,0.908,0.129,8,0.706,0.617,0.221,46.5,0
gig_worker,34496.36,39,0.631,0.496,3,0.275,0.0,0.161,65.0,0
kirana_merchant,10723.37,41,0.993,0.644,0,0.48,0.848,0.342,57.0,0
gig_worker,14293.43,44,0.632,0.756,2,0.606,0.0,0.077,79.2,0
gig_worker,27656.17,48,0.679,0.58,4,0.801,0.0,0.212,67.2,0
kirana_merchant,16900.12,46,0.791,0.883,2,0.492,0.111,0.204,54.2,1
freelancer,6098.61,42,0.879,0.495,1,0.857,0.0,0.056,69.5,1
gig_worker,52826.76,38,1.041,0.58,12,0.818,0.0,0.176,68.1,1
gig_worker,38565.45,36,1.082,0.284,11,0.524,0.0,0.036,76.9,1
kirana_merchant,34908.6,44,1.042,0.372,1,0.901,0.21,0.16,53.8,0
kirana_merchant,19857.53,41,0.654,0.647,1,0.97,0.602,0.026,53.1,0
freelancer,33317.51,47,0.916,0.581,0,0.417,0.0,0.069,67.5,0
gig_worker,18917.07,40,0.821,0.396,2,0.857,0.0,0.172,88.2,0
kirana_merchant,29804.92,38,0.663,0.19,10,0.429,0.383,0.266,28.3,0
gig_worker,16978.59,63,0.878,0.374,3,0.749,0.0,0.187,58.7,0
gig_worker,57419.79,43,0.778,0.135,3,0.734,0.0,0.195,70.4,0
kirana_merchant,12269.62,39,0.773,0.565,5,0.832,0.046,0.145,53.4,0
kirana_merchant,49818.51,48,0.647,0.358,1,0.374,0.236,0.219,60.4,0
kirana_merchant,27431.79,37,1.089,0.404,3,0.947,0.552,0.291,60.4,0
gig_worker,21062.86,42,0.963,0.56,8,0.544,0.0,0.32,71.8,0
kirana_merchant,29246.1,37,0.74,0.565,7,0.202,0.943,0.348,53.6,0
kirana_merchant,38819.35,36,1.059,0.571,12,0.818,0.57,0.268,69.5,0
freelancer,53283.04,52,1.074,0.493,1,0.945,0.0,0.058,44.0,0
gig_worker,31463.13,45,1.005,0.49,0,0.975,0.0,0.068,77.4,0
gig_worker,17234.22,40,0.93,0.757,1,0.49,0.0,0.184,85.8,1
gig_worker,27662.0,45,0.788,0.474,0,0.216,0.0,0.243,75.3,0
kirana_merchant,66729.11,40,0.817,0.529,7,0.474,0.409,0.062,55.3,1
gig_worker,52777.44,42,0.828,0.891,2,0.907,0.0,0.151,98.3,0
freelancer,42377.88,36,1.074,0.245,5,0.875,0.0,0.212,18.8,0
gig_worker,40048.38,49,0.98,0.681,4,0.503,0.0,0.086,69.6,0
freelancer,38166.94,37,0.746,0.479,1,0.322,0.0,0.251,27.2,0
gig_worker,48020.22,39,0.912,0.764,5,0.716,0.0,0.132,62.8,0
kirana_merchant,21411.55,47,0.897,0.423,6,0.731,0.536,0.11,35.2,0
freelancer,13663.14,50,1.006,0.342,4,0.705,0.0,0.044,5.0,0
gig_worker,27847.59,44,0.648,0.266,1,0.321,0.0,0.245,66.0,0
freelancer,17875.91,38,0.951,0.798,3,0.859,0.0,0.092,52.3,0
kirana_merchant,15874.82,48,0.766,0.675,0,0.229,0.716,0.059,24.3,1
freelancer,18767.1,49,0.665,0.162,3,0.976,0.0,0.12,10.2,0
kirana_merchant,93214.35,41,0.966,0.671,6,0.921,0.176,0.261,34.9,0
gig_worker,28798.03,43,0.766,0.128,2,0.995,0.0,0.113,61.3,0
gig_worker,32239.7,35,0.965,0.245,1,0.679,0.0,0.03,83.9,0
gig_worker,14600.61,48,0.681,0.574,3,0.683,0.0,0.221,96.5,0
gig_worker,10701.33,47,1.093,0.471,5,0.508,0.0,0.212,99.0,0
gig_worker,17862.77,38,1.002,0.772,1,0.29,0.0,0.307,61.7,1
gig_worker,55220.96,38,0.745,0.586,1,0.804,0.0,0.075,80.4,0
kirana_merchant,31797.33,52,0.97,0.872,5,0.593,0.621,0.333,43.7,0
kirana_merchant,36290.0,36,0.668,0.784,1,0.491,0.522,0.037,50.7,0
gig_worker,38920.76,46,0.927,0.372,0,0.9,0.0,0.208,80.0,0
gig_worker,20016.76,45,0.63,0.767,2,0.202,0.0,0.278,71.1,1
kirana_merchant,53851.35,45,0.767,0.796,14,0.583,0.998,0.272,28.9,0
gig_worker,19606.1,50,1.089,0.876,9,0.722,0.0,0.237,61.3,1
gig_worker,54345.45,45,0.66,0.11,4,0.203,0.0,0.338,74.9,0
gig_worker,33562.04,45,0.899,0.8,0,0.782,0.0,0.162,77.2,1
freelancer,10998.1,44,0.635,0.156,3,0.333,0.0,0.237,26.8,1
freelancer,18508.68,38,0.935,0.522,2,0.876,0.0,0.06,32.7,0
gig_worker,11020.7,49,0.739,0.432,5,0.812,0.0,0.137,88.4,0
kirana_merchant,48129.04,44,0.755,0.836,0,0.312,0.126,0.059,44.2,0
kirana_merchant,26572.5,40,0.769,0.424,0,0.659,0.458,0.207,51.5,0
kirana_merchant,8829.28,42,0.703,0.577,0,0.806,0.721,0.311,68.1,0
kirana_merchant,32463.56,42,1.071,0.654,0,0.223,0.746,0.138,46.3,0
kirana_merchant,20566.48,63,1.053,0.115,0,0.636,0.548,0.25,36.7,0
gig_worker,12811.48,43,1.035,0.573,2,0.24,0.0,0.103,65.2,0
gig_worker,62254.3,46,0.653,0.514,9,0.696,0.0,0.204,80.9,0
kirana_merchant,28385.76,47,0.717,0.575,11,0.906,0.431,0.068,20.0,0
freelancer,23231.96,39,0.906,0.161,0,0.516,0.0,0.023,58.6,0
kirana_merchant,22032.8,35,1.085,0.144,26,0.549,0.289,0.347,62.6,1
freelancer,12624.07,43,0.902,0.242,14,0.982,0.0,0.297,15.9,1
freelancer,14012.79,53,0.764,0.796,13,0.565,0.0,0.228,28.4,1
gig_worker,51146.96,46,1.009,0.385,3,0.428,0.0,0.108,64.9,0
kirana_merchant,21227.62,40,0.668,0.447,0,0.997,0.308,0.266,52.6,0
kirana_merchant,27201.68,48,1.041,0.412,6,0.745,0.426,0.054,32.0,0
freelancer,9680.17,33,1.087,0.671,1,0.665,0.0,0.229,5.0,1
freelancer,13918.22,50,1.084,0.308,2,0.728,0.0,0.285,54.4,0
kirana_merchant,36494.11,39,0.674,0.155,1,0.833,0.141,0.242,7.4,0
gig_worker,32495.47,45,0.875,0.403,4,0.23,0.0,0.271,95.7,0
kirana_merchant,64646.39,44,0.892,0.682,3,0.36,0.687,0.044,37.8,0
gig_worker,52652.98,38,0.697,0.832,4,0.229,0.0,0.033,71.8,1
kirana_merchant,23972.07,40,0.873,0.141,2,0.44,0.85,0.162,39.8,0
freelancer,34080.37,40,0.923,0.748,3,0.807,0.0,0.281,29.3,0
gig_worker,22964.35,50,0.764,0.153,7,0.523,0.0,0.119,73.0,0
kirana_merchant,75162.29,41,0.758,0.365,1,0.757,0.962,0.264,39.7,0
kirana_merchant,47786.93,53,0.63,0.118,0,0.445,0.107,0.044,30.5,0
kirana_merchant,29285.35,41,1.078,0.829,1,0.986,0.28,0.236,53.8,0
gig_worker,29738.49,42,1.002,0.665,2,0.273,0.0,0.325,68.8,0
kirana_merchant,55405.0,57,0.98,0.395,5,0.66,0.547,0.172,75.6,0
freelancer,35946.57,46,0.611,0.402,0,0.681,0.0,0.039,22.7,0
freelancer,58648.31,51,0.912,0.612,20,0.784,0.0,0.258,43.4,1
gig_worker,8983.78,47,0.69,0.172,0,0.209,0.0,0.312,64.6,0
freelancer,33881.15,44,0.931,0.216,2,0.409,0.0,0.14,26.6,0
kirana_merchant,20791.15,40,0.911,0.778,0,0.555,0.262,0.143,43.7,0
gig_worker,64743.53,55,1.026,0.262,5,0.621,0.0,0.129,81.0,0
gig_worker,58290.79,46,0.728,0.681,9,0.253,0.0,0.055,83.2,0
gig_worker,27348.53,43,0.614,0.281,0,0.853,0.0,0.121,69.7,0
freelancer,57977.8,52,1.057,0.171,9,0.307,0.0,0.16,59.6,0
kirana_merchant,65614.85,46,1.054,0.82,1,0.66,0.293,0.158,57.3,1
kirana_merchant,27922.93,40,0.828,0.821,1,0.462,0.103,0.088,48.6,0
gig_worker,92592.82,42,0.639,0.584,0,0.6,0.0,0.203,81.7,0
kirana_merchant,26484.88,45,0.849,0.47,16,0.237,0.942,0.198,27.9,1
gig_worker,24166.91,39,0.862,0.542,2,0.877,0.0,0.146,88.0,0
gig_worker,41478.74,41,1.011,0.427,8,0.423,0.0,0.329,53.8,0
kirana_merchant,22541.3,59,0.959,0.706,1,0.432,0.486,0.339,51.0,1
gig_worker,28075.99,39,0.635,0.704,10,0.544,0.0,0.244,70.9,1
freelancer,54432.53,53,0.953,0.755,3,0.415,0.0,0.114,14.5,0
gig_worker,27162.96,63,0.668,0.518,1,0.665,0.0,0.33,54.9,1
kirana_merchant,11527.5,40,0.645,0.741,0,0.891,0.578,0.258,43.5,0
kirana_merchant,32327.05,36,0.799,0.225,0,0.553,0.13,0.165,42.4,0
kirana_merchant,18993.52,52,0.639,0.124,0,0.29,0.499,0.31,32.0,0
gig_worker,41466.27,45,1.015,0.618,0,0.901,0.0,0.071,66.5,0
gig_worker,38104.77,32,0.832,0.184,7,0.618,0.0,0.239,51.4,0
freelancer,56145.41,45,0.894,0.541,1,0.968,0.0,0.112,14.4,0
gig_worker,42351.8,45,0.888,0.677,1,0.897,0.0,0.202,67.6,0
freelancer,46403.13,35,1.089,0.426,7,0.894,0.0,0.116,8.5,0
freelancer,19253.57,37,1.058,0.135,1,0.297,0.0,0.211,32.7,0
gig_worker,40214.92,50,1.025,0.81,0,0.62,0.0,0.162,78.3,0
gig_worker,71985.91,53,0.792,0.135,3,0.878,0.0,0.212,69.2,0
kirana_merchant,19066.25,38,0.673,0.824,17,0.831,0.18,0.045,51.7,0
freelancer,66162.5,50,0.896,0.142,1,0.619,0.0,0.021,24.7,0
freelancer,20441.55,45,0.82,0.688,0,0.995,0.0,0.279,5.8,0
kirana_merchant,17571.16,56,0.713,0.84,2,0.935,0.401,0.111,52.5,0
kirana_merchant,31197.72,36,0.649,0.826,5,0.54,0.747,0.249,39.3,1
gig_worker,38482.36,40,0.818,0.815,2,0.389,0.0,0.033,56.4,0
freelancer,42441.21,43,0.925,0.806,5,0.504,0.0,0.238,30.4,0
freelancer,16632.58,35,0.913,0.508,4,0.426,0.0,0.256,23.9,1
gig_worker,33432.04,57,0.987,0.546,1,0.719,0.0,0.254,82.8,0
gig_worker,19095.78,44,0.833,0.596,13,0.766,0.0,0.301,58.2,1
gig_worker,12778.75,37,0.761,0.817,2,0.311,0.0,0.305,59.7,1
gig_worker,16909.52,41,0.869,0.771,1,0.43,0.0,0.086,71.1,0
freelancer,18481.95,43,1.088,0.726,11,0.947,0.0,0.211,36.1,1
gig_worker,34919.39,40,0.623,0.641,2,0.709,0.0,0.027,68.2,0
gig_worker,47863.42,60,0.864,0.595,7,0.758,0.0,0.049,43.4,0
gig_worker,12879.56,53,0.765,0.838,2,0.238,0.0,0.158,49.0,1
freelancer,32079.76,60,0.653,0.254,3,0.531,0.0,0.033,38.0,0
kirana_merchant,14937.81,44,0.817,0.254,7,0.96,0.896,0.134,25.5,0
kirana_merchant,36847.49,44,0.921,0.886,3,0.831,0.433,0.231,52.0,0
gig_worker,19705.14,64,0.864,0.543,5,0.825,0.0,0.289,39.2,0
freelancer,15904.15,48,0.615,0.487,2,0.918,0.0,0.164,28.3,0
freelancer,40128.11,52,0.89,0.78,0,0.364,0.0,0.18,17.3,0
gig_worker,20061.12,38,0.716,0.78,5,0.989,0.0,0.022,51.1,0
gig_worker,22971.69,50,0.771,0.241,3,0.554,0.0,0.306,49.8,1
gig_worker,8866.23,51,0.756,0.239,3,0.875,0.0,0.345,67.3,1
gig_worker,43186.17,35,1.029,0.736,1,0.444,0.0,0.169,61.3,1
kirana_merchant,40556.62,49,0.624,0.729,2,0.72,0.824,0.12,33.5,1
freelancer,26976.7,48,0.774,0.28,2,0.25,0.0,0.078,18.0,0
kirana_merchant,12534.12,49,0.797,0.773,3,0.967,0.113,0.259,57.0,1
freelancer,49250.98,40,0.909,0.484,6,0.294,0.0,0.156,35.2,1
kirana_merchant,19280.86,47,0.994,0.476,3,0.752,0.363,0.132,37.4,0
kirana_merchant,21446.64,44,0.964,0.889,1,0.205,0.693,0.215,53.6,0
kirana_merchant,85478.66,42,0.976,0.515,7,0.611,0.114,0.288,43.9,1
gig_worker,18923.92,51,0.696,0.21,0,0.458,0.0,0.254,60.6,0
gig_worker,38991.74,34,1.056,0.324,1,0.386,0.0,0.288,75.8,0
kirana_merchant,35633.67,54,0.807,0.367,1,0.771,0.968,0.195,69.8,0
gig_worker,32698.55,45,0.606,0.867,16,0.555,0.0,0.21,67.5,1
gig_worker,30977.0,55,0.934,0.311,2,0.454,0.0,0.024,77.9,0
kirana_merchant,32473.98,53,0.902,0.444,1,0.559,0.778,0.162,61.8,0
freelancer,30821.58,50,0.663,0.7,0,0.452,0.0,0.285,37.2,0
kirana_merchant,26213.79,39,1.08,0.319,2,0.538,0.155,0.225,59.3,0
freelancer,57276.26,38,0.881,0.661,2,0.332,0.0,0.248,31.9,0
kirana_merchant,13956.07,45,0.835,0.266,3,0.94,0.247,0.069,6.0,0
kirana_merchant,44834.31,44,0.799,0.294,0,0.537,0.897,0.322,22.0,0
kirana_merchant,40585.7,39,0.705,0.889,7,0.573,0.728,0.267,52.4,0
freelancer,38146.89,41,1.076,0.395,4,0.781,0.0,0.316,61.6,0
kirana_merchant,47027.59,46,0.951,0.684,3,0.299,0.244,0.115,31.3,0
kirana_merchant,25685.97,39,0.884,0.772,3,0.356,0.156,0.213,68.6,0
kirana_merchant,10567.23,51,0.916,0.377,4,0.32,0.591,0.285,26.1,0
kirana_merchant,25948.1,40,1.02,0.386,2,0.584,0.129,0.157,37.0,0
gig_worker,16389.61,54,0.918,0.718,2,0.67,0.0,0.132,71.0,0
gig_worker,18658.75,37,0.657,0.586,3,0.772,0.0,0.154,78.0,0
gig_worker,14454.92,50,0.949,0.389,2,0.955,0.0,0.23,79.2,0
freelancer,21190.91,43,0.882,0.7,2,0.269,0.0,0.142,34.4,1
gig_worker,19964.04,41,1.083,0.791,3,0.738,0.0,0.093,99.0,1
gig_worker,8194.47,48,0.967,0.288,23,0.804,0.0,0.187,76.0,0
kirana_merchant,38181.67,39,0.772,0.119,0,0.732,0.897,0.043,33.3,0
gig_worker,81647.05,47,0.668,0.319,11,0.884,0.0,0.319,96.9,0
kirana_merchant,36428.93,40,0.841,0.64,18,0.616,0.628,0.328,47.5,1
gig_worker,24307.45,38,0.94,0.832,1,0.854,0.0,0.345,89.9,0
freelancer,26176.75,50,0.689,0.79,4,0.256,0.0,0.27,11.4,1
freelancer,21796.55,40,0.925,0.278,0,0.709,0.0,0.285,38.3,1
freelancer,28142.07,33,1.013,0.805,3,0.953,0.0,0.297,31.3,0
kirana_merchant,26409.95,39,0.679,0.749,8,0.564,0.581,0.077,35.5,0
kirana_merchant,17667.39,51,0.953,0.688,1,0.297,0.179,0.088,46.9,1
gig_worker,62407.72,46,0.634,0.651,0,0.491,0.0,0.291,87.8,0
gig_worker,12790.05,44,0.604,0.746,6,0.88,0.0,0.158,69.8,0
gig_worker,38528.97,39,0.616,0.789,7,0.302,0.0,0.281,91.9,0
kirana_merchant,25575.78,50,0.916,0.755,21,0.622,0.248,0.068,24.2,1
kirana_merchant,69592.77,43,1.087,0.197,3,0.886,0.668,0.036,49.1,0
kirana_merchant,31902.27,40,0.986,0.678,4,0.829,0.775,0.151,52.5,0
gig_worker,22472.49,48,0.727,0.773,0,0.61,0.0,0.11,38.8,1
kirana_merchant,23769.21,49,0.636,0.249,11,0.699,0.044,0.288,51.7,0
kirana_merchant,27445.39,47,0.908,0.271,2,0.424,0.106,0.323,39.9,0
kirana_merchant,15193.22,40,0.602,0.729,2,0.946,0.68,0.236,50.6,0
kirana_merchant,18334.97,43,0.996,0.375,0,0.225,0.149,0.055,63.0,0
gig_worker,11020.67,51,0.722,0.42,5,0.492,0.0,0.025,75.2,0
freelancer,16958.28,45,0.75,0.402,0,0.516,0.0,0.277,31.9,1
kirana_merchant,28196.5,52,0.772,0.27,8,0.82,0.299,0.308,19.8,0
gig_worker,31259.78,32,0.982,0.851,6,0.578,0.0,0.333,70.9,0
gig_worker,9999.95,43,0.733,0.745,15,0.886,0.0,0.257,92.2,0
kirana_merchant,25119.36,50,0.742,0.3,3,0.427,0.335,0.031,5.0,0
freelancer,35657.15,36,0.87,0.185,3,0.342,0.0,0.178,53.5,0
kirana_merchant,24798.64,41,0.832,0.398,0,0.398,0.689,0.182,54.1,0
gig_worker,19596.49,40,1.078,0.432,3,0.339,0.0,0.034,71.2,0
freelancer,21892.94,37,0.732,0.106,5,0.473,0.0,0.321,45.0,0
kirana_merchant,20529.5,39,0.646,0.81,1,0.394,0.359,0.272,62.3,0
kirana_merchant,19567.68,44,0.87,0.781,10,0.693,0.946,0.088,37.0,0
kirana_merchant,29346.01,38,0.692,0.78,6,0.211,0.532,0.235,45.4,0
gig_worker,85292.7,55,0.807,0.745,1,0.604,0.0,0.288,72.1,0
kirana_merchant,18548.61,35,0.694,0.687,1,0.514,0.23,0.302,68.7,0
gig_worker,22946.68,60,1.04,0.608,8,0.466,0.0,0.306,72.1,1
freelancer,26216.68,42,0.764,0.868,1,0.26,0.0,0.279,38.2,1
kirana_merchant,19078.6,49,0.987,0.669,3,0.782,0.673,0.224,59.0,0
kirana_merchant,46588.91,40,1.074,0.604,5,0.49,0.835,0.048,52.1,0
kirana_merchant,8221.91,36,1.07,0.731,1,0.952,0.214,0.106,47.5,1
freelancer,20629.36,47,0.862,0.297,0,0.96,0.0,0.196,16.1,0
freelancer,40504.03,33,1.092,0.874,1,0.659,0.0,0.141,29.6,1
kirana_merchant,23224.26,43,0.928,0.115,20,0.481,0.825,0.255,49.8,0
kirana_merchant,17846.82,46,0.664,0.619,0,0.52,0.217,0.059,46.0,0
kirana_merchant,33536.12,38,1.044,0.162,8,0.43,0.67,0.331,41.8,0
kirana_merchant,42326.63,39,0.834,0.783,0,0.747,0.324,0.132,55.1,0
gig_worker,29891.15,46,0.676,0.874,1,0.628,0.0,0.191,99.0,0
kirana_merchant,18022.74,43,0.996,0.427,4,0.538,0.428,0.131,45.2,0
gig_worker,33796.13,34,0.912,0.786,0,0.619,0.0,0.284,81.2,0
freelancer,22003.91,45,1.041,0.369,2,0.297,0.0,0.071,33.0,0
gig_worker,39049.82,47,1.014,0.228,1,0.73,0.0,0.137,56.3,0
freelancer,56479.3,34,0.76,0.321,2,0.612,0.0,0.223,31.4,0
kirana_merchant,7311.56,51,0.728,0.341,1,0.692,0.822,0.035,47.1,0
kirana_merchant,28439.48,49,0.967,0.605,2,0.422,0.27,0.222,43.0,0
kirana_merchant,11295.2,44,0.887,0.737,8,0.794,0.388,0.25,45.5,0
gig_worker,91207.67,43,0.635,0.264,4,0.583,0.0,0.334,47.8,0
gig_worker,21288.83,28,0.691,0.171,1,0.279,0.0,0.342,65.5,0
gig_worker,39072.99,50,0.676,0.277,2,0.736,0.0,0.106,49.5,0
kirana_merchant,26432.29,33,0.895,0.337,1,0.29,0.207,0.241,48.9,0
kirana_merchant,18005.95,57,0.643,0.324,1,0.248,0.58,0.048,43.7,0
kirana_merchant,16966.12,43,0.704,0.276,17,0.796,0.118,0.258,41.0,1
gig_worker,59446.95,48,0.873,0.473,1,0.577,0.0,0.13,50.8,0
gig_worker,43389.34,37,0.667,0.785,10,0.22,0.0,0.09,69.8,0
kirana_merchant,71096.4,57,0.724,0.18,0,0.61,0.557,0.026,67.3,0
freelancer,27659.56,56,1.053,0.79,9,0.916,0.0,0.194,27.8,1
kirana_merchant,31068.81,52,0.949,0.498,1,0.276,0.056,0.079,45.7,0
kirana_merchant,23538.77,41,0.753,0.628,2,0.478,0.341,0.211,47.1,1
kirana_merchant,23305.83,43,1.039,0.752,0,0.864,0.219,0.189,19.6,1
gig_worker,15979.41,38,0.725,0.343,1,0.403,0.0,0.224,51.0,0
freelancer,28057.33,47,0.895,0.863,7,0.287,0.0,0.101,14.7,0
kirana_merchant,18130.97,43,0.784,0.167,0,0.555,0.585,0.059,50.2,0
gig_worker,33555.45,44,0.976,0.522,0,0.892,0.0,0.278,89.2,1
kirana_merchant,29290.11,54,0.786,0.304,4,0.46,0.762,0.347,72.0,1
gig_worker,31065.12,43,0.724,0.426,3,0.869,0.0,0.145,70.1,0
freelancer,62166.09,51,0.904,0.459,6,0.291,0.0,0.148,52.4,0
gig_worker,26400.57,35,0.973,0.832,12,0.526,0.0,0.306,66.4,1
kirana_merchant,39275.79,56,0.868,0.453,9,0.591,0.889,0.077,24.7,0
gig_worker,75038.36,40,0.958,0.658,3,0.516,0.0,0.134,59.9,0
kirana_merchant,51704.94,25,0.811,0.861,4,0.91,0.277,0.112,37.1,0
kirana_merchant,47886.31,45,0.998,0.496,2,0.45,0.31,0.062,43.4,0
kirana_merchant,23078.48,44,0.893,0.427,0,0.891,0.585,0.199,42.8,0
kirana_merchant,30176.58,56,0.698,0.878,1,0.867,0.596,0.227,53.8,0
freelancer,13916.94,48,1.045,0.762,0,0.823,0.0,0.31,33.1,0
gig_worker,34525.63,51,1.018,0.852,5,0.404,0.0,0.234,85.1,1
gig_worker,30860.43,64,1.082,0.418,0,0.491,0.0,0.037,62.9,1
gig_worker,27219.6,46,0.885,0.657,2,0.65,0.0,0.036,66.3,0
freelancer,44963.1,43,0.938,0.3,4,0.319,0.0,0.039,60.7,0
gig_worker,14707.5,49,1.032,0.793,0,0.549,0.0,0.103,43.2,0
kirana_merchant,60926.98,47,0.626,0.846,7,0.206,0.62,0.103,83.0,0
kirana_merchant,42229.84,37,1.056,0.314,0,0.375,0.62,0.276,52.0,0
gig_worker,25969.63,40,0.736,0.184,2,0.897,0.0,0.036,99.0,0
gig_worker,24975.11,42,0.629,0.261,3,0.208,0.0,0.221,91.1,0
gig_worker,34211.11,46,0.719,0.606,15,0.498,0.0,0.217,69.0,1
kirana_merchant,57550.93,47,0.893,0.318,15,0.943,0.543,0.189,23.7,0
gig_worker,28305.29,50,0.624,0.611,0,0.832,0.0,0.028,93.7,0
gig_worker,28912.1,40,0.6,0.38,9,0.319,0.0,0.292,48.9,0
freelancer,27148.02,46,0.92,0.833,0,0.446,0.0,0.145,43.1,1
freelancer,65579.08,40,0.827,0.462,0,0.783,0.0,0.168,21.9,0
gig_worker,22371.84,46,1.022,0.498,3,0.64,0.0,0.241,85.5,1
gig_worker,26509.18,48,0.729,0.378,2,0.837,0.0,0.239,49.5,0
gig_worker,55922.26,41,0.74,0.158,1,0.333,0.0,0.111,82.8,0
kirana_merchant,28955.21,50,0.639,0.495,3,0.495,0.309,0.024,51.9,0
freelancer,47502.11,55,0.869,0.719,2,0.805,0.0,0.286,39.4,0
gig_worker,17057.75,46,0.783,0.862,1,0.53,0.0,0.27,77.4,0
gig_worker,24278.68,47,0.77,0.161,1,0.732,0.0,0.232,75.0,0
kirana_merchant,56512.49,43,0.829,0.738,6,0.357,0.634,0.329,31.9,0
kirana_merchant,19183.97,35,1.025,0.314,2,0.722,0.453,0.087,24.4,0
gig_worker,24943.05,29,0.653,0.758,4,0.338,0.0,0.054,70.3,0
kirana_merchant,30587.37,43,0.862,0.374,2,0.81,0.112,0.35,76.5,0
gig_worker,16406.33,46,0.698,0.192,3,0.634,0.0,0.307,80.0,0
gig_worker,21874.9,47,0.706,0.59,3,0.544,0.0,0.034,62.0,0
kirana_merchant,28461.81,34,0.728,0.815,0,0.256,0.313,0.129,55.6,0
freelancer,27538.52,48,0.83,0.245,5,0.732,0.0,0.191,31.7,0
kirana_merchant,51030.36,40,0.847,0.117,1,0.352,0.871,0.227,30.3,0
freelancer,58146.94,46,1.036,0.807,2,0.298,0.0,0.157,54.3,1
kirana_merchant,17535.06,39,1.046,0.658,13,0.325,0.624,0.049,55.5,1
kirana_merchant,28442.34,50,0.893,0.747,7,0.348,0.753,0.176,43.7,0
kirana_merchant,37689.02,48,0.741,0.148,0,0.748,0.305,0.2,67.9,0
freelancer,57421.48,39,1.009,0.812,3,0.59,0.0,0.124,43.5,1
freelancer,38532.03,46,0.996,0.435,2,0.574,0.0,0.072,39.4,0
gig_worker,31115.35,47,0.999,0.818,5,0.57,0.0,0.191,47.0,1
freelancer,37544.09,43,0.608,0.152,7,0.529,0.0,0.112,55.4,0
freelancer,37679.99,34,0.977,0.808,10,0.612,0.0,0.099,12.7,0
kirana_merchant,16918.16,45,1.026,0.639,0,0.328,0.293,0.259,46.8,1
gig_worker,29625.76,60,0.903,0.543,1,0.427,0.0,0.205,76.3,1
freelancer,55802.87,39,0.976,0.149,0,0.28,0.0,0.265,28.4,0
freelancer,24253.63,50,0.988,0.651,1,0.869,0.0,0.168,19.6,1
gig_worker,28702.04,54,0.853,0.578,1,1.0,0.0,0.046,73.8,0
freelancer,23830.98,40,1.007,0.681,3,0.763,0.0,0.183,45.3,1
gig_worker,8459.71,35,0.996,0.673,12,0.238,0.0,0.216,62.5,0
gig_worker,27181.59,39,1.058,0.455,8,0.578,0.0,0.276,63.9,1
kirana_merchant,31285.06,47,1.061,0.264,8,0.205,0.67,0.212,25.8,1
kirana_merchant,20821.75,50,0.865,0.835,7,0.421,0.201,0.283,17.8,1
kirana_merchant,15103.5,48,0.616,0.84,7,0.264,0.121,0.189,41.6,1
gig_worker,17321.38,45,0.61,0.27,7,0.536,0.0,0.222,61.7,0
freelancer,39422.57,51,1.069,0.605,3,0.545,0.0,0.027,46.0,0
gig_worker,72132.67,39,0.769,0.262,11,0.341,0.0,0.304,81.4,0
gig_worker,53702.6,44,0.789,0.789,4,0.864,0.0,0.075,80.4,1
gig_worker,13736.71,47,0.835,0.179,8,0.814,0.0,0.264,62.0,0
kirana_merchant,41246.17,47,0.733,0.892,15,0.862,0.791,0.167,59.2,0
freelancer,19310.78,51,0.895,0.589,5,0.637,0.0,0.314,21.6,0
kirana_merchant,20107.87,42,0.992,0.118,4,0.207,0.425,0.12,57.2,0
freelancer,21354.38,50,0.729,0.806,3,0.939,0.0,0.341,43.4,0
gig_worker,38293.42,42,0.972,0.648,2,0.935,0.0,0.263,81.6,0
kirana_merchant,43461.32,37,0.936,0.658,2,0.635,0.592,0.223,21.6,0
kirana_merchant,25616.31,54,0.863,0.32,7,0.923,0.579,0.33,63.9,0
kirana_merchant,25834.46,51,0.763,0.369,1,0.413,0.601,0.198,46.7,0
gig_worker,33932.61,48,1.036,0.832,1,0.614,0.0,0.14,71.6,0
kirana_merchant,35738.98,38,0.801,0.608,5,0.751,0.293,0.249,28.8,0
kirana_merchant,48441.53,41,0.787,0.114,10,0.602,0.307,0.101,34.5,0
kirana_merchant,14154.87,50,0.921,0.362,1,0.88,0.362,0.192,40.6,0
kirana_merchant,27173.94,55,1.06,0.579,11,0.634,0.902,0.315,40.7,1
gig_worker,15771.94,52,0.854,0.218,8,0.334,0.0,0.165,95.3,0
kirana_merchant,26226.58,55,0.961,0.179,1,0.863,0.928,0.16,42.9,0
gig_worker,24026.49,52,0.828,0.148,1,0.766,0.0,0.131,67.7,0
freelancer,26281.62,47,0.709,0.604,1,0.61,0.0,0.237,32.5,0
kirana_merchant,18036.06,38,0.662,0.356,1,0.598,0.571,0.108,50.1,0
gig_worker,12789.18,40,0.668,0.399,9,0.753,0.0,0.286,75.2,1
freelancer,9440.66,44,0.611,0.148,3,0.731,0.0,0.229,20.3,0
kirana_merchant,25195.23,45,0.876,0.69,8,0.409,0.191,0.336,73.6,1
gig_worker,21687.68,35,0.666,0.713,1,0.8,0.0,0.324,68.7,0
kirana_merchant,19187.82,50,1.033,0.764,0,0.884,0.576,0.125,22.9,1
gig_worker,52118.45,41,1.091,0.621,10,0.389,0.0,0.292,62.9,1
freelancer,17505.68,52,0.848,0.719,12,0.56,0.0,0.037,35.4,0
freelancer,54634.29,47,0.825,0.562,4,0.444,0.0,0.127,61.0,0
freelancer,60592.23,38,0.774,0.493,6,0.342,0.0,0.275,32.3,1
kirana_merchant,10143.11,29,0.919,0.308,10,0.274,0.31,0.044,30.4,0
kirana_merchant,28175.01,35,0.904,0.143,13,0.863,0.766,0.217,38.5,0
kirana_merchant,22029.81,42,0.772,0.333,8,0.381,0.024,0.27,41.9,0
gig_worker,6273.55,47,0.772,0.647,4,0.702,0.0,0.254,69.9,0
kirana_merchant,13064.83,48,0.922,0.841,1,0.55,0.846,0.276,15.9,0
kirana_merchant,39635.01,41,0.877,0.305,0,0.604,0.831,0.074,28.0,0
gig_worker,73835.85,30,0.959,0.636,0,0.628,0.0,0.125,83.4,0
kirana_merchant,42249.13,52,1.071,0.483,2,0.695,0.621,0.27,50.3,0
freelancer,31628.57,56,0.99,0.602,7,0.837,0.0,0.214,41.2,1
freelancer,26617.76,53,0.752,0.101,8,0.341,0.0,0.049,27.0,0
gig_worker,62400.68,39,0.98,0.198,4,0.451,0.0,0.325,51.0,0
gig_worker,78756.78,53,0.825,0.274,0,0.291,0.0,0.076,73.3,0
gig_worker,20061.92,35,0.989,0.815,5,0.757,0.0,0.215,77.8,0
freelancer,9897.2,48,1.043,0.132,3,0.45,0.0,0.089,63.4,1
gig_worker,9422.98,54,0.725,0.556,1,0.836,0.0,0.29,60.4,0
kirana_merchant,52101.06,43,0.719,0.843,2,0.782,0.884,0.212,54.4,0
gig_worker,26277.56,53,0.816,0.622,0,0.234,0.0,0.156,79.9,0
kirana_merchant,29484.53,55,0.626,0.488,1,0.282,0.243,0.262,14.5,0
gig_worker,10989.27,41,0.943,0.409,7,0.682,0.0,0.136,76.4,0
kirana_merchant,18460.81,48,0.975,0.599,0,0.761,0.182,0.021,30.1,1
gig_worker,23208.17,46,0.773,0.484,5,0.497,0.0,0.05,80.0,1
kirana_merchant,29849.38,46,0.833,0.664,1,0.36,0.748,0.04,55.8,0
gig_worker,22041.98,37,0.895,0.594,3,0.327,0.0,0.092,62.7,0
kirana_merchant,16015.89,44,0.637,0.554,10,0.392,0.872,0.32,50.5,0
freelancer,18173.44,45,0.956,0.865,2,0.333,0.0,0.082,64.1,0
gig_worker,49225.23,42,0.863,0.769,7,0.457,0.0,0.213,76.6,0
freelancer,30405.91,54,0.912,0.587,0,0.592,0.0,0.279,31.2,0
kirana_merchant,36536.92,42,0.962,0.531,1,0.742,0.965,0.264,47.3,0
gig_worker,17163.89,51,0.938,0.679,3,0.893,0.0,0.128,64.1,0
kirana_merchant,6143.12,43,0.648,0.743,5,0.78,0.281,0.177,30.5,0
gig_worker,20711.57,50,0.991,0.336,7,0.722,0.0,0.045,86.0,0
kirana_merchant,17443.37,34,0.905,0.634,1,0.83,0.875,0.052,41.2,0
kirana_merchant,32032.49,39,0.957,0.208,5,0.923,0.825,0.101,54.0,0
gig_worker,139087.97,52,0.731,0.444,10,0.384,0.0,0.069,65.2,0
kirana_merchant,38085.28,62,0.711,0.851,4,0.698,0.849,0.042,58.5,0
freelancer,105659.83,38,1.013,0.361,17,0.23,0.0,0.106,44.5,0
freelancer,35752.84,45,0.795,0.223,4,0.993,0.0,0.196,62.0,0
kirana_merchant,19634.76,53,0.888,0.217,6,0.886,0.648,0.089,47.4,0
freelancer,32014.94,49,0.876,0.415,0,0.495,0.0,0.113,35.7,0
kirana_merchant,65533.67,53,0.893,0.28,4,0.692,0.651,0.292,38.4,0
gig_worker,67156.52,62,0.635,0.442,25,0.636,0.0,0.268,75.9,1
freelancer,20177.66,39,0.751,0.675,3,0.875,0.0,0.03,35.6,0
kirana_merchant,30533.87,51,0.633,0.811,2,0.583,0.413,0.046,50.9,0
kirana_merchant,13165.65,39,0.84,0.188,0,0.305,0.749,0.326,30.2,0
kirana_merchant,40632.94,29,1.051,0.715,4,0.584,0.273,0.139,48.9,0
freelancer,58493.88,43,0.795,0.183,9,0.295,0.0,0.028,35.8,1
freelancer,27443.91,42,0.991,0.404,8,0.846,0.0,0.149,40.7,0
kirana_merchant,19270.06,42,0.744,0.897,3,0.333,0.241,0.272,14.3,1
gig_worker,32211.07,43,1.028,0.155,2,0.495,0.0,0.318,66.9,0
kirana_merchant,33147.73,37,0.81,0.118,3,0.285,0.617,0.251,65.8,0
kirana_merchant,28017.14,54,0.778,0.367,16,0.503,0.84,0.11,34.7,0
gig_worker,29417.87,42,0.949,0.861,3,0.971,0.0,0.346,68.3,0
kirana_merchant,24663.82,49,0.856,0.116,0,0.944,0.302,0.07,36.2,0
kirana_merchant,44266.23,49,0.769,0.278,1,0.651,0.909,0.142,24.3,0
gig_worker,38875.27,39,0.629,0.583,4,0.711,0.0,0.138,61.1,0
gig_worker,16456.05,43,0.683,0.287,7,0.482,0.0,0.182,64.4,0
gig_worker,16231.43,37,0.986,0.143,0,0.368,0.0,0.058,80.5,0
freelancer,23690.11,36,1.06,0.142,0,0.422,0.0,0.222,32.5,0
gig_worker,38887.13,40,0.684,0.547,0,0.263,0.0,0.231,84.1,0
gig_worker,28970.37,48,0.885,0.55,2,0.556,0.0,0.17,74.4,1
kirana_merchant,19504.97,43,0.617,0.665,6,0.268,0.555,0.052,32.0,1
gig_worker,30661.38,45,0.745,0.205,1,0.498,0.0,0.271,38.0,0
gig_worker,22801.8,48,0.824,0.5,15,0.881,0.0,0.326,96.9,1
gig_worker,41782.93,51,0.968,0.581,1,0.513,0.0,0.136,79.8,0
kirana_merchant,31777.99,37,0.622,0.278,2,0.548,0.224,0.098,33.1,0
kirana_merchant,22979.57,56,0.991,0.538,14,0.622,0.15,0.335,65.2,1
gig_worker,30204.9,60,0.701,0.667,6,0.451,0.0,0.066,73.1,0
kirana_merchant,51923.36,42,0.98,0.893,1,0.266,0.944,0.178,42.0,0
freelancer,20235.32,48,0.913,0.577,16,0.809,0.0,0.249,66.8,0
gig_worker,32903.31,56,0.77,0.789,6,0.393,0.0,0.034,79.7,1
gig_worker,25971.88,46,0.962,0.767,10,0.316,0.0,0.287,92.3,1
gig_worker,33305.97,47,0.718,0.852,17,0.27,0.0,0.241,92.1,1
kirana_merchant,19393.97,32,0.71,0.678,0,0.744,0.962,0.266,37.7,0
kirana_merchant,28429.08,44,0.631,0.27,0,0.214,0.68,0.089,33.4,0
gig_worker,46812.79,44,0.797,0.338,4,0.675,0.0,0.109,85.6,0
kirana_merchant,16839.73,41,0.649,0.728,0,0.479,0.117,0.348,57.9,0
gig_worker,13839.71,38,0.81,0.517,5,0.605,0.0,0.139,75.4,0
kirana_merchant,14104.83,48,0.605,0.301,1,0.926,0.768,0.028,51.7,0
kirana_merchant,14982.96,38,0.678,0.625,6,0.201,0.171,0.137,39.3,0
gig_worker,36230.68,29,1.066,0.825,2,0.708,0.0,0.146,64.1,0
kirana_merchant,13320.64,53,0.998,0.386,2,0.915,0.568,0.312,32.5,0
gig_worker,23180.17,42,0.718,0.577,1,0.396,0.0,0.112,91.3,0
kirana_merchant,36649.12,58,0.959,0.565,2,0.293,0.983,0.282,83.4,0
gig_worker,33134.47,47,0.934,0.202,4,0.512,0.0,0.056,67.6,0
freelancer,22186.08,42,0.688,0.172,0,0.961,0.0,0.189,42.8,0
gig_worker,29597.99,55,0.786,0.812,4,0.667,0.0,0.154,73.3,1
freelancer,28383.77,53,1.057,0.847,1,0.958,0.0,0.128,43.7,1
gig_worker,24049.74,42,0.969,0.823,8,0.416,0.0,0.276,63.6,0
kirana_merchant,24211.49,38,0.98,0.417,0,0.777,0.195,0.219,43.7,0
gig_worker,82266.04,54,0.882,0.33,12,0.42,0.0,0.334,59.6,0
freelancer,40322.12,48,0.933,0.854,0,0.613,0.0,0.139,35.1,0
gig_worker,92997.27,48,0.854,0.806,0,0.924,0.0,0.06,76.5,0
gig_worker,20984.06,48,0.97,0.756,0,0.271,0.0,0.098,97.0,0
kirana_merchant,25784.19,47,0.966,0.367,9,0.437,0.558,0.245,35.3,0
gig_worker,13820.9,46,0.616,0.611,0,0.484,0.0,0.237,78.8,0
gig_worker,17947.69,43,0.916,0.7,6,0.247,0.0,0.228,99.0,0
freelancer,69630.4,50,0.915,0.561,1,0.39,0.0,0.257,36.1,0
freelancer,20722.66,56,0.634,0.582,3,0.25,0.0,0.055,5.0,0
gig_worker,70237.71,41,0.805,0.705,1,0.435,0.0,0.115,50.0,0
freelancer,14448.11,45,1.049,0.713,1,0.222,0.0,0.21,40.0,1
kirana_merchant,15887.14,50,1.077,0.292,11,0.231,0.724,0.164,39.1,1
gig_worker,22683.3,38,0.991,0.413,4,0.388,0.0,0.187,64.7,0
kirana_merchant,26059.17,51,0.676,0.725,0,0.503,0.499,0.09,78.0,0
kirana_merchant,42682.47,41,0.787,0.309,6,0.519,0.344,0.221,48.5,0
freelancer,33704.45,49,0.691,0.832,2,0.481,0.0,0.131,43.3,0
gig_worker,21847.51,35,0.926,0.771,3,0.611,0.0,0.284,80.3,0
kirana_merchant,25168.34,49,0.987,0.816,0,0.931,0.507,0.214,35.0,1
gig_worker,22936.13,50,1.042,0.338,2,0.566,0.0,0.349,78.8,0
gig_worker,17029.0,46,1.03,0.184,0,0.28,0.0,0.215,60.5,0
gig_worker,17257.78,36,0.65,0.18,3,0.745,0.0,0.038,72.1,0
freelancer,44978.59,51,0.663,0.545,0,0.964,0.0,0.092,30.1,0
freelancer,10785.06,39,1.055,0.344,1,0.356,0.0,0.103,17.3,1
kirana_merchant,60396.07,57,1.022,0.311,0,0.355,0.48,0.028,39.8,0
kirana_merchant,22663.32,53,0.83,0.278,0,0.401,0.906,0.323,40.4,0
gig_worker,18283.34,42,0.815,0.55,0,0.239,0.0,0.227,62.8,0
gig_worker,38943.99,53,0.876,0.538,1,0.845,0.0,0.288,71.6,0
gig_worker,56534.61,44,0.898,0.438,0,0.505,0.0,0.214,52.3,0
gig_worker,47042.95,40,0.727,0.211,3,0.82,0.0,0.303,33.7,0
kirana_merchant,34576.38,53,0.802,0.843,3,0.701,0.976,0.227,5.0,0
kirana_merchant,46324.75,57,0.91,0.442,3,0.29,0.016,0.047,41.6,0
gig_worker,11404.36,58,0.703,0.199,3,0.637,0.0,0.03,78.9,0
gig_worker,20724.77,35,1.099,0.13,2,0.773,0.0,0.166,75.2,0
gig_worker,17058.69,55,0.741,0.222,6,0.239,0.0,0.232,87.8,1
kirana_merchant,49628.44,39,0.876,0.338,4,0.537,0.661,0.299,51.1,0
freelancer,22209.18,41,0.877,0.604,9,0.848,0.0,0.315,30.5,0
kirana_merchant,41056.45,40,0.826,0.877,3,0.986,0.433,0.291,34.5,0
freelancer,35169.29,44,0.721,0.318,0,0.759,0.0,0.055,55.5,0
kirana_merchant,17480.59,48,0.883,0.732,3,0.448,0.704,0.269,80.1,0
gig_worker,20060.76,41,0.646,0.829,1,0.425,0.0,0.135,75.8,0
gig_worker,51375.1,43,0.793,0.413,0,0.669,0.0,0.303,81.4,0
freelancer,18256.18,46,0.712,0.303,5,0.947,0.0,0.292,17.6,0
kirana_merchant,28636.4,52,0.662,0.493,3,0.382,0.754,0.235,18.2,1
gig_worker,18191.86,43,1.063,0.817,10,0.385,0.0,0.322,91.4,1
kirana_merchant,22994.81,34,0.95,0.109,5,0.61,0.707,0.199,18.9,0
kirana_merchant,26289.35,42,0.684,0.489,5,0.661,0.598,0.1,56.6,0
kirana_merchant,18188.9,39,1.075,0.706,3,0.949,0.515,0.235,74.6,0
freelancer,16643.52,42,0.708,0.581,5,0.458,0.0,0.083,60.4,0
kirana_merchant,31043.25,44,0.718,0.498,1,0.542,0.136,0.271,40.8,0
kirana_merchant,17634.83,43,0.667,0.543,7,0.486,0.922,0.31,37.5,1
gig_worker,17937.9,56,0.964,0.595,18,0.787,0.0,0.24,75.0,0
gig_worker,16822.51,45,0.885,0.646,1,0.485,0.0,0.182,56.6,1
gig_worker,25875.35,44,0.629,0.385,10,0.548,0.0,0.334,70.6,0
gig_worker,43124.68,38,0.613,0.514,1,0.492,0.0,0.281,86.8,0
kirana_merchant,57140.27,45,0.866,0.319,2,0.222,0.319,0.172,80.0,0
kirana_merchant,18714.26,40,0.926,0.887,3,0.634,0.886,0.201,62.7,1
gig_worker,78838.39,40,1.011,0.25,3,0.515,0.0,0.257,88.2,0
freelancer,16279.27,45,0.839,0.221,3,0.304,0.0,0.165,58.1,0
gig_worker,46248.04,44,0.938,0.315,5,0.681,0.0,0.153,41.2,0
gig_worker,18753.8,47,0.967,0.836,0,0.751,0.0,0.306,73.5,0
gig_worker,17405.44,36,0.907,0.627,5,0.609,0.0,0.139,50.9,1
gig_worker,18538.82,37,0.776,0.465,2,0.399,0.0,0.348,56.8,1
gig_worker,26206.85,45,0.666,0.84,7,0.627,0.0,0.132,69.6,0
kirana_merchant,35953.66,51,0.924,0.82,0,0.422,0.179,0.268,68.2,0
kirana_merchant,37606.57,46,0.984,0.421,2,0.32,0.949,0.188,39.0,0
freelancer,16781.08,50,0.695,0.551,5,0.277,0.0,0.039,27.4,0
gig_worker,16402.19,50,0.847,0.824,0,0.335,0.0,0.284,70.3,0
gig_worker,17012.11,42,0.799,0.356,6,0.953,0.0,0.295,71.3,0
gig_worker,25446.23,46,0.703,0.426,3,0.432,0.0,0.266,50.4,1
kirana_merchant,24219.71,54,0.723,0.734,1,0.713,0.475,0.324,63.4,1
gig_worker,16729.22,37,0.719,0.659,4,0.811,0.0,0.041,69.5,0
freelancer,30785.59,52,0.809,0.139,15,0.652,0.0,0.122,23.5,0
kirana_merchant,83390.06,57,0.795,0.194,4,0.606,0.002,0.345,58.3,0
kirana_merchant,20902.88,46,0.877,0.777,9,0.479,0.141,0.186,28.3,1
kirana_merchant,21660.47,53,0.647,0.124,12,0.364,0.939,0.109,55.2,0
gig_worker,35590.38,43,0.891,0.836,1,0.919,0.0,0.14,72.3,0
gig_worker,20345.03,48,0.611,0.317,0,0.679,0.0,0.331,50.9,0
gig_worker,37589.58,48,0.729,0.579,5,0.315,0.0,0.258,80.0,0
kirana_merchant,18783.4,48,0.851,0.552,9,0.796,0.916,0.06,19.9,0
gig_worker,67242.44,36,0.943,0.417,8,0.276,0.0,0.104,69.9,0
gig_worker,31964.7,52,0.986,0.125,2,0.616,0.0,0.056,51.5,0
freelancer,19731.83,31,0.618,0.254,0,0.249,0.0,0.305,47.7,0
gig_worker,20043.38,40,0.869,0.592,4,0.581,0.0,0.141,59.8,0
freelancer,20808.15,44,0.777,0.457,0,0.633,0.0,0.343,35.9,0
kirana_merchant,53443.21,45,0.947,0.431,23,0.602,0.781,0.344,57.9,1
gig_worker,14265.86,41,0.742,0.178,3,0.551,0.0,0.238,54.4,0
gig_worker,19264.69,40,0.972,0.378,1,0.395,0.0,0.248,59.0,0
gig_worker,20316.12,50,0.901,0.521,7,0.273,0.0,0.183,54.8,0
kirana_merchant,26692.98,30,0.995,0.162,4,0.701,0.305,0.158,26.3,0
kirana_merchant,23492.7,48,1.092,0.153,0,0.324,0.222,0.146,62.7,1
kirana_merchant,12764.03,44,1.054,0.493,11,0.505,0.051,0.326,45.2,0
freelancer,22028.42,36,0.897,0.549,0,0.789,0.0,0.152,29.7,0
kirana_merchant,25596.85,45,1.047,0.306,2,0.685,0.881,0.338,26.2,0
gig_worker,19652.33,39,0.677,0.361,1,0.898,0.0,0.279,65.5,0
gig_worker,37925.83,41,0.622,0.737,4,0.745,0.0,0.096,66.5,0
freelancer,42604.03,38,0.867,0.795,10,0.952,0.0,0.133,23.2,1
gig_worker,25869.16,30,1.087,0.36,0,0.372,0.0,0.069,77.2,0
gig_worker,30190.14,32,0.955,0.385,2,0.233,0.0,0.072,59.3,0
kirana_merchant,9131.38,35,0.753,0.764,2,0.263,0.977,0.203,21.2,0
kirana_merchant,21795.28,42,0.934,0.879,0,0.363,0.254,0.112,24.0,0
freelancer,44462.92,39,0.62,0.356,0,0.242,0.0,0.332,28.5,0
kirana_merchant,21769.86,47,0.835,0.731,5,0.412,0.94,0.141,65.6,0
gig_worker,18608.41,41,0.719,0.484,0,0.882,0.0,0.035,92.3,0
freelancer,84022.88,51,0.625,0.311,0,0.41,0.0,0.059,13.6,1
gig_worker,66805.36,45,0.725,0.645,0,0.853,0.0,0.141,58.7,0
gig_worker,33988.84,41,0.961,0.47,0,0.456,0.0,0.194,40.6,0
kirana_merchant,47546.11,47,0.876,0.315,0,0.55,0.734,0.029,40.9,0
gig_worker,8839.91,49,0.612,0.186,0,0.882,0.0,0.134,62.1,0
kirana_merchant,18146.34,32,0.805,0.794,0,0.594,0.407,0.264,48.2,0
gig_worker,21269.32,41,0.976,0.803,0,0.298,0.0,0.054,59.0,1
kirana_merchant,23908.99,43,1.077,0.16,4,0.488,0.707,0.057,58.5,0
gig_worker,21057.84,38,1.037,0.631,3,0.851,0.0,0.124,77.4,0
kirana_merchant,7517.48,48,0.601,0.23,1,0.257,0.272,0.054,40.6,0
freelancer,32630.81,49,0.709,0.617,2,0.791,0.0,0.146,23.0,0
gig_worker,35306.67,53,0.704,0.826,1,0.79,0.0,0.258,99.0,0
gig_worker,59931.01,45,0.807,0.308,0,0.556,0.0,0.344,71.8,0
gig_worker,18139.47,54,0.923,0.378,2,0.216,0.0,0.035,67.7,0
gig_worker,17412.06,53,0.677,0.736,3,0.395,0.0,0.211,75.1,0
kirana_merchant,7044.54,41,1.058,0.688,9,0.419,0.369,0.094,12.6,0
kirana_merchant,23230.39,40,0.989,0.427,14,0.81,0.851,0.166,32.9,1
gig_worker,42216.06,33,0.81,0.779,1,0.63,0.0,0.348,81.4,0
gig_worker,19813.45,45,0.892,0.836,9,0.468,0.0,0.348,83.7,0
gig_worker,78568.21,55,0.871,0.462,0,0.693,0.0,0.22,79.1,0
kirana_merchant,23663.82,45,0.891,0.132,4,0.284,0.72,0.075,9.2,0
gig_worker,28954.94,54,1.03,0.508,0,0.996,0.0,0.185,69.4,0
freelancer,13608.48,45,0.7,0.692,4,0.261,0.0,0.296,22.8,1
kirana_merchant,31057.95,45,0.942,0.276,14,0.859,0.701,0.209,51.4,0
gig_worker,10000.0,34,0.654,0.18,9,0.553,0.0,0.257,74.0,0
kirana_merchant,38057.33,51,0.83,0.328,13,0.91,0.415,0.274,56.7,1
freelancer,38646.6,42,0.918,0.109,0,0.359,0.0,0.17,30.4,0
kirana_merchant,53084.79,45,0.606,0.672,6,0.641,0.54,0.241,45.3,0
gig_worker,16155.5,55,0.654,0.217,8,0.675,0.0,0.061,92.2,0
gig_worker,29152.07,44,0.646,0.679,0,0.572,0.0,0.146,93.6,0
freelancer,35664.4,47,0.787,0.288,1,0.424,0.0,0.188,50.8,0
kirana_merchant,33561.7,46,0.911,0.894,1,0.848,0.996,0.26,15.7,1
kirana_merchant,17454.46,47,1.098,0.525,0,0.365,0.168,0.173,36.6,0
freelancer,8135.63,40,0.727,0.133,0,0.409,0.0,0.336,55.8,0
freelancer,31999.65,38,0.668,0.718,5,0.53,0.0,0.114,35.4,1
freelancer,24928.08,40,0.807,0.428,0,0.864,0.0,0.079,25.5,0
gig_worker,20265.29,54,0.673,0.586,2,0.206,0.0,0.085,74.2,0
kirana_merchant,39417.8,42,0.612,0.861,1,0.915,0.671,0.142,34.0,0
kirana_merchant,26305.68,39,0.882,0.514,1,0.636,0.106,0.195,46.5,0
kirana_merchant,13910.55,39,1.04,0.744,2,0.276,0.605,0.123,46.6,0
kirana_merchant,10242.22,45,1.03,0.342,2,0.378,0.362,0.306,34.7,0
gig_worker,15298.63,41,0.65,0.672,4,0.257,0.0,0.251,74.8,1
kirana_merchant,89010.19,45,0.674,0.179,1,0.559,0.05,0.108,36.7,0
kirana_merchant,38614.7,40,0.846,0.815,4,0.215,0.353,0.272,36.0,1
gig_worker,29563.81,42,0.784,0.26,0,0.741,0.0,0.21,76.2,0
kirana_merchant,24567.25,38,0.952,0.342,0,0.295,0.775,0.246,53.6,0
gig_worker,23772.95,41,0.847,0.867,2,0.364,0.0,0.331,72.6,0
gig_worker,48223.32,48,0.61,0.224,2,0.212,0.0,0.101,56.9,1
gig_worker,21050.97,35,0.742,0.304,0,0.388,0.0,0.324,58.7,0
kirana_merchant,35898.84,48,1.051,0.564,1,0.23,0.345,0.252,64.7,1
kirana_merchant,22601.83,50,0.856,0.885,6,0.277,0.675,0.089,40.4,0
kirana_merchant,70974.67,59,0.999,0.653,8,0.97,0.356,0.32,33.1,1
kirana_merchant,38993.27,48,0.801,0.191,2,0.272,0.605,0.165,75.6,0
freelancer,50150.23,62,0.938,0.698,0,0.829,0.0,0.088,55.7,0
gig_worker,20086.34,46,0.685,0.441,12,0.716,0.0,0.108,87.1,0
gig_worker,45664.12,57,0.968,0.894,2,0.434,0.0,0.26,72.1,1
freelancer,23010.62,57,0.993,0.603,2,0.888,0.0,0.331,32.5,0
gig_worker,28424.8,43,0.645,0.526,10,0.58,0.0,0.099,69.0,1
freelancer,60932.61,49,0.692,0.546,0,0.436,0.0,0.323,31.2,0
freelancer,15972.32,52,0.831,0.613,1,0.838,0.0,0.041,42.7,0
kirana_merchant,29780.94,51,0.919,0.685,1,0.757,0.613,0.061,57.7,0
freelancer,33490.02,50,0.919,0.163,4,0.264,0.0,0.14,5.0,1
gig_worker,34891.63,48,0.934,0.205,2,0.464,0.0,0.214,59.1,0
gig_worker,21474.21,45,0.957,0.34,2,0.732,0.0,0.209,63.3,0
kirana_merchant,76353.72,53,0.853,0.482,3,0.405,0.188,0.035,16.9,0
gig_worker,14080.33,45,0.887,0.349,24,0.692,0.0,0.032,74.9,1
freelancer,55795.18,49,0.604,0.271,1,0.442,0.0,0.237,18.2,0
gig_worker,49391.46,45,0.683,0.84,4,0.366,0.0,0.167,88.6,1
kirana_merchant,69594.75,43,0.849,0.126,4,0.484,0.944,0.179,41.6,0
kirana_merchant,12159.75,50,0.973,0.851,4,0.489,0.736,0.03,45.6,0
kirana_merchant,17423.66,48,1.004,0.826,3,0.725,0.63,0.35,56.7,0
gig_worker,56725.07,44,0.964,0.647,10,0.673,0.0,0.214,76.3,0
gig_worker,10524.7,34,0.843,0.126,1,0.547,0.0,0.322,73.5,0
freelancer,12049.4,46,0.741,0.28,4,0.798,0.0,0.141,30.4,0
gig_worker,21075.07,43,0.822,0.883,12,0.891,0.0,0.205,69.1,1
freelancer,29613.83,41,0.605,0.825,1,0.266,0.0,0.16,25.4,1
kirana_merchant,59641.84,44,0.899,0.872,10,0.71,0.532,0.059,58.8,1
kirana_merchant,24523.01,40,0.637,0.897,16,0.77,0.539,0.164,52.1,0
kirana_merchant,19848.43,43,0.673,0.151,0,0.551,0.278,0.098,76.8,0
gig_worker,31435.56,43,0.913,0.557,3,0.245,0.0,0.107,79.3,0
kirana_merchant,34023.21,37,0.607,0.767,0,0.551,0.938,0.268,46.7,0
freelancer,33544.22,44,0.887,0.356,3,0.898,0.0,0.133,40.1,0
kirana_merchant,24612.43,44,0.919,0.448,0,0.329,0.968,0.265,32.9,0
freelancer,10121.9,37,0.994,0.327,1,0.492,0.0,0.344,54.0,0
kirana_merchant,17003.8,53,0.634,0.13,1,0.794,0.219,0.128,41.4,0
gig_worker,54728.26,48,0.601,0.158,1,0.9,0.0,0.098,42.9,0
gig_worker,29541.0,65,0.983,0.117,10,0.931,0.0,0.268,52.8,1
freelancer,22896.49,52,0.745,0.522,14,0.822,0.0,0.21,33.4,1
gig_worker,47055.56,43,1.044,0.595,4,0.676,0.0,0.283,50.8,0
freelancer,15289.81,42,0.692,0.346,4,0.48,0.0,0.072,21.2,0
freelancer,24036.43,42,0.893,0.761,0,0.59,0.0,0.236,47.8,0
gig_worker,28821.57,50,0.655,0.81,0,0.207,0.0,0.258,83.9,0
gig_worker,21575.45,34,0.801,0.212,3,0.48,0.0,0.064,80.8,1
kirana_merchant,28293.33,45,1.041,0.142,0,0.78,0.068,0.071,56.5,0
gig_worker,24493.25,40,0.904,0.356,4,0.724,0.0,0.33,81.0,0
kirana_merchant,13364.12,42,0.945,0.67,1,0.207,0.441,0.083,56.0,0
kirana_merchant,29458.53,43,0.713,0.506,0,0.638,0.545,0.247,50.1,0
kirana_merchant,13847.0,50,1.061,0.49,0,0.206,0.043,0.199,53.3,0
kirana_merchant,29225.81,37,0.912,0.222,0,0.491,0.443,0.293,70.2,0
gig_worker,53480.26,45,0.653,0.381,0,0.993,0.0,0.037,68.7,0
kirana_merchant,23376.54,36,0.608,0.867,7,0.528,0.136,0.025,80.5,0
gig_worker,14976.81,43,0.608,0.372,3,0.914,0.0,0.268,66.9,0
gig_worker,25248.1,49,0.626,0.573,8,0.213,0.0,0.31,65.3,0
kirana_merchant,17747.76,51,1.056,0.147,6,0.776,0.09,0.229,48.9,0
freelancer,36215.94,62,0.779,0.151,2,0.566,0.0,0.147,29.8,0
gig_worker,24984.37,49,0.749,0.439,2,0.638,0.0,0.166,41.5,0
kirana_merchant,63251.97,49,0.808,0.583,0,0.994,0.451,0.276,29.6,0
kirana_merchant,48122.0,36,0.805,0.398,2,0.444,0.36,0.19,34.5,0
gig_worker,24920.84,45,0.719,0.243,3,0.89,0.0,0.247,66.4,0
gig_worker,38476.56,35,0.646,0.689,4,0.933,0.0,0.333,47.2,0
freelancer,22101.08,47,0.654,0.212,2,0.438,0.0,0.111,25.2,0
kirana_merchant,27363.86,51,0.9,0.634,1,0.238,0.84,0.072,34.0,0
kirana_merchant,22455.32,43,0.798,0.865,2,0.829,0.732,0.3,32.3,0
kirana_merchant,39467.31,56,1.051,0.476,13,0.947,0.58,0.25,38.1,0
gig_worker,55077.37,41,0.832,0.26,11,0.582,0.0,0.179,83.6,0
kirana_merchant,40107.72,42,0.852,0.774,1,0.9,0.485,0.208,58.6,0
kirana_merchant,42657.92,52,1.064,0.504,13,0.377,0.778,0.32,48.1,1
kirana_merchant,42681.32,31,0.851,0.839,2,0.806,0.117,0.336,60.8,0
gig_worker,35441.12,46,0.851,0.676,1,0.763,0.0,0.024,72.8,1
gig_worker,15219.87,47,0.782,0.444,2,0.622,0.0,0.259,87.8,0
gig_worker,62974.54,53,0.955,0.594,6,0.455,0.0,0.342,77.5,0
freelancer,66317.26,46,0.796,0.236,6,0.4,0.0,0.082,25.9,0
kirana_merchant,23934.12,45,0.894,0.41,0,0.775,0.976,0.079,33.9,0
kirana_merchant,22351.55,36,0.824,0.575,5,0.657,0.886,0.061,53.0,0
gig_worker,36541.57,59,0.864,0.572,0,0.891,0.0,0.16,82.7,0
gig_worker,35433.27,42,1.014,0.57,1,0.856,0.0,0.278,57.9,0
kirana_merchant,24319.33,48,0.807,0.695,0,0.341,0.49,0.199,76.7,0
kirana_merchant,14400.05,46,0.715,0.185,1,0.372,0.87,0.148,58.5,0
kirana_merchant,31346.27,54,0.885,0.159,7,0.955,0.476,0.209,37.4,0
gig_worker,35444.32,48,1.069,0.218,1,0.501,0.0,0.136,57.7,1
kirana_merchant,38673.53,42,0.947,0.734,5,0.638,0.744,0.187,19.7,0
gig_worker,32036.99,45,0.754,0.152,16,0.538,0.0,0.175,91.4,0
gig_worker,23492.64,43,1.081,0.28,1,0.651,0.0,0.322,83.4,0
kirana_merchant,44223.03,44,0.771,0.304,2,0.74,0.227,0.196,44.6,0
gig_worker,27803.7,34,1.092,0.618,2,0.491,0.0,0.238,76.9,1
gig_worker,21322.93,41,0.696,0.421,2,0.465,0.0,0.118,40.8,0
kirana_merchant,24579.63,39,1.1,0.259,1,0.876,0.594,0.14,7.2,0
kirana_merchant,11237.54,39,0.638,0.46,0,0.694,0.991,0.342,51.7,1
freelancer,24560.12,60,0.957,0.648,1,0.883,0.0,0.221,39.9,1
kirana_merchant,37957.34,31,0.97,0.729,6,0.895,0.173,0.119,46.2,0
gig_worker,31885.02,47,0.94,0.199,4,0.329,0.0,0.043,93.4,0
gig_worker,57545.55,32,0.989,0.672,5,0.84,0.0,0.22,82.0,0
freelancer,23588.45,57,0.836,0.104,0,0.92,0.0,0.047,28.5,1
kirana_merchant,34325.94,44,0.627,0.679,5,0.551,0.019,0.073,36.1,0
kirana_merchant,39989.42,36,0.779,0.629,3,0.604,0.683,0.091,53.4,1
gig_worker,86805.78,57,0.921,0.475,1,0.5,0.0,0.232,79.7,0
kirana_merchant,28922.72,43,0.923,0.209,3,0.321,0.401,0.153,73.8,0
gig_worker,15961.05,47,0.698,0.712,1,0.627,0.0,0.261,62.0,1
kirana_merchant,41108.26,48,0.727,0.157,3,0.518,0.7,0.093,28.7,0
freelancer,68381.92,43,0.843,0.816,1,0.858,0.0,0.312,38.4,1
freelancer,22896.19,35,0.964,0.719,9,0.588,0.0,0.09,36.7,0
kirana_merchant,40967.76,51,1.026,0.693,3,0.965,0.962,0.031,62.4,0
kirana_merchant,49730.02,43,0.643,0.704,7,0.789,0.739,0.169,46.4,0
freelancer,44735.95,38,1.063,0.154,1,0.386,0.0,0.061,42.7,0
kirana_merchant,28646.29,56,1.064,0.892,4,0.522,0.896,0.16,16.3,0
gig_worker,18972.83,51,0.604,0.787,0,0.69,0.0,0.34,89.7,0
kirana_merchant,25831.77,46,0.853,0.506,3,0.308,0.918,0.284,44.0,0
gig_worker,33836.66,37,0.894,0.676,1,0.607,0.0,0.172,48.0,0
kirana_merchant,42366.42,54,0.877,0.691,1,0.895,0.647,0.26,50.5,0
kirana_merchant,31792.08,42,0.908,0.764,3,0.34,0.013,0.16,32.6,1
kirana_merchant,22248.86,40,0.852,0.304,8,0.268,0.15,0.02,28.6,1
gig_worker,35514.27,42,0.747,0.398,6,0.598,0.0,0.284,76.3,1
gig_worker,41358.88,39,0.648,0.74,0,0.913,0.0,0.272,57.6,0
kirana_merchant,32526.32,38,0.704,0.715,6,0.762,0.419,0.323,52.7,0
freelancer,17710.38,44,0.97,0.518,3,0.66,0.0,0.058,30.3,0
kirana_merchant,24570.38,29,0.721,0.417,2,0.34,0.295,0.288,42.4,0
gig_worker,43213.59,45,1.015,0.875,0,0.794,0.0,0.287,77.8,0
freelancer,13473.65,47,0.802,0.432,2,0.739,0.0,0.14,15.9,0
freelancer,9446.61,41,0.807,0.711,4,0.966,0.0,0.153,37.1,0
gig_worker,57184.69,45,1.034,0.43,12,0.299,0.0,0.159,92.1,1
gig_worker,34742.1,45,0.707,0.348,2,0.464,0.0,0.137,78.0,0
kirana_merchant,36437.91,38,0.695,0.613,2,0.587,0.098,0.212,54.5,1
freelancer,15702.76,51,1.093,0.746,2,0.712,0.0,0.19,43.6,0
freelancer,38900.56,49,0.87,0.885,1,0.576,0.0,0.21,12.9,0
freelancer,30872.6,44,0.695,0.219,1,0.511,0.0,0.218,42.1,0
kirana_merchant,12183.48,43,0.683,0.801,4,0.496,0.537,0.249,43.5,0
kirana_merchant,54838.17,43,1.031,0.519,6,0.277,0.615,0.117,36.2,0
gig_worker,29124.69,44,0.9,0.186,10,0.527,0.0,0.083,98.1,0
gig_worker,22069.64,43,0.658,0.736,0,0.401,0.0,0.195,34.1,0
kirana_merchant,22270.21,36,1.043,0.365,10,0.433,0.484,0.162,97.3,0
kirana_merchant,9822.09,50,0.822,0.795,8,0.203,0.603,0.255,58.5,1
kirana_merchant,36194.71,48,1.095,0.226,3,0.229,0.134,0.208,58.0,0
kirana_merchant,30666.58,49,0.741,0.669,0,0.428,0.244,0.249,20.2,0
gig_worker,24415.17,40,0.864,0.341,4,0.353,0.0,0.084,67.2,0
kirana_merchant,50982.75,42,0.687,0.306,1,0.646,0.214,0.347,8.5,0
gig_worker,13467.98,43,0.82,0.14,2,0.61,0.0,0.096,61.8,0
kirana_merchant,19962.56,44,0.688,0.486,1,0.883,0.549,0.151,38.0,0
kirana_merchant,17588.42,44,0.754,0.413,2,0.249,0.143,0.257,49.2,0
kirana_merchant,23402.6,47,0.735,0.149,0,0.75,0.923,0.028,37.4,0
freelancer,27826.25,49,0.742,0.281,8,0.927,0.0,0.293,32.8,0
gig_worker,33356.46,43,1.085,0.49,1,0.695,0.0,0.211,72.7,0
kirana_merchant,22618.27,40,0.619,0.747,6,0.88,0.363,0.311,27.0,0
gig_worker,17349.55,43,0.848,0.844,4,0.659,0.0,0.199,66.4,1
kirana_merchant,62505.1,45,0.915,0.512,1,0.822,0.529,0.029,29.6,0
freelancer,89843.1,47,0.93,0.423,0,0.254,0.0,0.183,27.1,0
kirana_merchant,28901.34,39,0.977,0.864,13,0.333,0.722,0.316,38.7,1
freelancer,18427.69,49,0.98,0.87,0,0.272,0.0,0.105,40.0,1
gig_worker,56259.32,36,1.078,0.252,0,0.929,0.0,0.126,68.5,0
freelancer,13051.02,46,0.978,0.525,4,0.655,0.0,0.031,29.8,0
gig_worker,22756.66,55,1.012,0.757,2,0.473,0.0,0.301,55.2,1
freelancer,18995.2,43,0.866,0.758,8,0.626,0.0,0.306,14.7,0
gig_worker,15066.55,39,0.929,0.648,12,0.207,0.0,0.074,70.8,1
gig_worker,23388.22,54,0.839,0.477,3,0.754,0.0,0.09,66.8,0
kirana_merchant,17464.3,58,0.738,0.423,3,0.41,0.893,0.196,50.2,0
freelancer,27073.95,43,0.757,0.745,17,0.397,0.0,0.091,11.1,1
gig_worker,27271.26,43,0.78,0.281,1,0.395,0.0,0.09,81.6,0
gig_worker,19718.93,49,0.77,0.443,3,0.448,0.0,0.153,61.5,0
freelancer,22353.61,30,0.867,0.553,0,0.731,0.0,0.207,29.7,0
gig_worker,23970.41,57,0.724,0.765,4,0.698,0.0,0.029,75.2,0
gig_worker,40332.91,44,0.858,0.399,0,0.676,0.0,0.31,62.3,0
kirana_merchant,24978.86,44,1.058,0.539,1,0.443,0.204,0.259,20.2,1
gig_worker,40633.61,46,0.803,0.323,4,0.799,0.0,0.049,67.6,0
freelancer,36058.81,41,0.711,0.77,0,0.986,0.0,0.21,16.4,1
kirana_merchant,35802.23,45,0.773,0.728,8,0.703,0.779,0.064,19.7,1
kirana_merchant,53848.13,45,1.038,0.756,4,0.628,0.027,0.246,54.4,1
freelancer,15372.02,42,1.071,0.146,2,0.339,0.0,0.084,36.4,0
kirana_merchant,21235.05,39,1.043,0.49,3,0.263,0.184,0.098,48.3,0
gig_worker,64967.95,30,0.744,0.209,17,0.381,0.0,0.298,79.9,0
gig_worker,23655.28,49,0.794,0.639,4,0.589,0.0,0.123,76.4,0
kirana_merchant,6584.27,54,1.087,0.349,4,0.428,0.999,0.296,33.1,0
gig_worker,24306.91,62,0.762,0.72,0,0.988,0.0,0.27,69.2,0
freelancer,28780.97,58,0.669,0.152,3,0.694,0.0,0.125,24.5,0
kirana_merchant,7269.5,46,0.741,0.511,2,0.47,0.241,0.248,49.3,0
gig_worker,52416.03,46,1.082,0.199,5,0.79,0.0,0.023,53.7,1
kirana_merchant,18828.82,44,0.808,0.546,1,0.376,0.633,0.209,30.0,1
kirana_merchant,31706.64,51,1.067,0.586,10,0.928,0.078,0.293,44.8,0
freelancer,24028.82,48,0.652,0.47,2,0.59,0.0,0.299,32.1,0
freelancer,14126.73,38,0.983,0.324,2,0.61,0.0,0.224,20.0,0
kirana_merchant,15752.37,52,0.647,0.126,5,0.381,0.433,0.136,5.0,0
kirana_merchant,16855.94,34,0.699,0.63,6,0.213,0.865,0.341,37.6,0
kirana_merchant,46297.16,41,0.908,0.796,2,0.993,0.372,0.347,43.0,0
kirana_merchant,24990.0,40,0.817,0.687,1,0.8,0.284,0.028,53.2,0
gig_worker,20724.4,56,0.933,0.814,0,0.829,0.0,0.073,66.5,0
gig_worker,16859.94,51,1.087,0.844,1,0.464,0.0,0.342,84.9,0
kirana_merchant,48926.53,42,0.626,0.46,17,0.678,0.369,0.348,56.8,0
gig_worker,55943.67,47,0.696,0.658,7,0.508,0.0,0.331,69.0,1
gig_worker,48648.29,44,0.92,0.418,1,0.212,0.0,0.045,81.1,0
kirana_merchant,34414.0,37,1.048,0.836,1,0.838,0.384,0.236,57.2,0
gig_worker,31098.5,51,0.999,0.55,2,0.206,0.0,0.042,64.9,0
kirana_merchant,14647.59,46,0.833,0.702,8,0.631,0.925,0.176,35.6,0
kirana_merchant,23791.66,58,0.973,0.112,5,0.617,0.136,0.343,47.4,0
freelancer,19111.97,51,0.704,0.56,2,0.484,0.0,0.306,30.3,0
kirana_merchant,10799.38,44,0.607,0.694,4,0.213,0.059,0.062,74.4,1
gig_worker,45639.17,42,0.885,0.306,0,0.703,0.0,0.199,81.9,0
kirana_merchant,18997.92,48,1.007,0.111,1,0.766,0.327,0.067,48.7,0
freelancer,48921.44,51,0.817,0.695,6,0.208,0.0,0.07,27.6,1
freelancer,41809.26,46,0.885,0.37,8,0.46,0.0,0.062,61.6,1
kirana_merchant,35538.04,50,0.811,0.443,1,0.628,0.694,0.052,36.6,0
gig_worker,36550.2,35,0.857,0.55,5,0.979,0.0,0.087,77.6,0
freelancer,19778.35,45,1.042,0.188,11,0.642,0.0,0.323,52.1,0
gig_worker,68113.12,43,0.839,0.183,15,0.862,0.0,0.138,78.3,0
kirana_merchant,27489.59,57,0.604,0.869,0,0.551,0.845,0.301,32.8,0
kirana_merchant,31287.25,51,1.0,0.371,0,0.225,0.859,0.033,47.4,0
gig_worker,19447.27,47,0.909,0.304,2,0.46,0.0,0.214,69.1,0
gig_worker,16888.99,39,0.965,0.138,2,0.548,0.0,0.211,63.9,0
gig_worker,34154.44,41,1.051,0.239,2,0.605,0.0,0.324,90.5,0
kirana_merchant,29994.12,35,0.743,0.445,0,0.408,0.259,0.065,49.5,0
freelancer,18130.01,47,0.852,0.374,8,0.551,0.0,0.27,47.8,0
gig_worker,13105.49,46,0.901,0.44,3,0.513,0.0,0.28,65.1,0
freelancer,14257.5,55,0.773,0.663,5,0.321,0.0,0.193,30.7,0
gig_worker,48926.13,49,1.023,0.613,3,0.774,0.0,0.095,71.1,0
kirana_merchant,19798.73,50,0.949,0.495,0,0.465,0.027,0.133,49.9,0
gig_worker,22709.66,47,0.967,0.752,1,0.451,0.0,0.197,92.6,0
freelancer,55557.3,37,1.004,0.786,0,0.261,0.0,0.182,35.4,1
kirana_merchant,15350.83,55,0.729,0.573,3,0.939,0.177,0.251,25.9,0
kirana_merchant,18704.19,57,0.973,0.194,10,0.734,0.015,0.105,54.0,0
freelancer,18317.58,37,0.987,0.425,1,0.794,0.0,0.118,28.6,0
kirana_merchant,60417.51,42,1.021,0.608,3,0.761,0.944,0.319,41.0,0
freelancer,72888.91,50,0.844,0.15,2,0.327,0.0,0.265,60.2,1
kirana_merchant,39174.51,65,0.852,0.116,1,0.303,0.888,0.137,34.7,0
freelancer,39802.79,46,0.649,0.859,0,0.956,0.0,0.258,28.1,0
kirana_merchant,20127.1,56,1.026,0.684,6,0.213,0.791,0.029,32.6,0
gig_worker,71229.64,47,0.867,0.222,0,0.907,0.0,0.137,58.5,0
kirana_merchant,30756.24,53,0.897,0.456,0,0.934,0.929,0.067,34.2,0
gig_worker,41214.9,48,0.661,0.255,0,0.643,0.0,0.116,75.4,0
kirana_merchant,25520.51,42,0.901,0.108,11,0.499,0.878,0.206,6.7,0
kirana_merchant,23528.88,52,0.621,0.413,0,0.675,0.335,0.233,31.1,0
kirana_merchant,61791.5,53,1.062,0.619,2,0.634,0.004,0.338,39.1,1
gig_worker,35237.35,42,1.032,0.863,6,0.981,0.0,0.221,85.7,0
gig_worker,55586.06,48,0.697,0.716,5,0.481,0.0,0.117,99.0,1
kirana_merchant,30566.63,52,0.897,0.284,3,0.676,0.096,0.279,28.6,0
freelancer,17602.86,59,0.901,0.369,2,0.62,0.0,0.148,44.7,0
gig_worker,20097.05,53,1.002,0.516,0,0.337,0.0,0.06,79.7,0
kirana_merchant,28324.51,35,0.978,0.253,2,0.9,0.309,0.22,42.9,0
kirana_merchant,19668.03,29,1.097,0.766,2,0.366,0.438,0.2,72.1,0
kirana_merchant,15463.99,46,0.775,0.234,1,0.684,0.012,0.03,42.0,0
gig_worker,49055.55,42,0.662,0.332,0,0.484,0.0,0.083,81.3,0
kirana_merchant,20487.39,39,0.887,0.562,3,0.878,0.198,0.067,62.2,0
gig_worker,28827.83,50,0.982,0.199,0,0.879,0.0,0.163,69.4,0
freelancer,31196.67,54,0.743,0.6,9,0.314,0.0,0.348,19.6,1
gig_worker,20048.78,43,0.718,0.855,0,0.962,0.0,0.269,49.4,1
gig_worker,55570.05,47,1.001,0.653,3,0.316,0.0,0.122,78.3,0
gig_worker,15389.32,53,0.977,0.75,4,0.564,0.0,0.334,72.3,0
gig_worker,30663.02,54,0.702,0.451,4,0.759,0.0,0.195,66.5,0
kirana_merchant,30426.18,48,1.035,0.392,0,0.525,0.256,0.298,45.3,0
gig_worker,26183.19,48,0.667,0.363,34,0.644,0.0,0.345,86.8,1
gig_worker,14066.39,45,0.655,0.628,2,0.997,0.0,0.287,82.7,0
kirana_merchant,41581.42,34,0.776,0.515,2,0.406,0.584,0.293,38.5,0
gig_worker,39017.1,50,1.043,0.478,3,0.81,0.0,0.334,70.2,0
gig_worker,19191.37,50,0.948,0.181,22,0.727,0.0,0.091,87.2,0
freelancer,38320.63,33,0.797,0.639,6,0.958,0.0,0.3,26.4,0
kirana_merchant,32449.94,53,0.679,0.68,0,0.28,0.277,0.077,41.3,0
freelancer,14181.5,42,0.957,0.257,0,0.415,0.0,0.203,48.3,1
freelancer,17553.97,30,0.9,0.708,0,0.813,0.0,0.055,50.3,0
kirana_merchant,47531.16,40,1.094,0.804,9,0.855,0.653,0.131,42.3,0
gig_worker,31404.55,42,0.983,0.24,8,0.773,0.0,0.068,99.0,0
kirana_merchant,20289.29,46,0.651,0.462,8,0.321,0.082,0.295,46.3,0
freelancer,17514.11,53,0.964,0.801,0,0.464,0.0,0.221,16.5,0
kirana_merchant,20791.57,53,0.729,0.49,2,0.38,0.236,0.085,61.8,0
kirana_merchant,21542.01,38,1.081,0.752,1,0.812,0.185,0.302,35.5,0
gig_worker,17624.03,45,0.61,0.273,0,0.915,0.0,0.232,81.6,0
freelancer,11261.19,52,0.719,0.151,1,0.69,0.0,0.045,38.9,0
kirana_merchant,47572.33,55,0.849,0.148,0,0.325,0.837,0.124,87.4,0
freelancer,43709.33,39,0.64,0.878,1,0.895,0.0,0.064,30.0,1
gig_worker,14233.77,54,0.772,0.232,0,0.549,0.0,0.05,71.6,0
gig_worker,28800.72,36,0.849,0.792,1,0.34,0.0,0.245,71.1,1
gig_worker,17135.04,43,0.823,0.353,7,0.696,0.0,0.063,68.7,0
kirana_merchant,23605.06,43,0.83,0.132,8,0.267,0.152,0.069,24.6,1
gig_worker,22643.24,52,1.04,0.293,3,0.679,0.0,0.277,54.1,0
gig_worker,21722.04,44,0.853,0.504,2,0.977,0.0,0.324,67.3,1
freelancer,73238.28,53,1.071,0.185,1,0.675,0.0,0.107,36.4,0
gig_worker,21586.8,42,0.674,0.838,12,0.886,0.0,0.333,66.0,0
freelancer,17959.38,49,0.74,0.82,6,0.892,0.0,0.112,30.1,1
gig_worker,18374.32,39,0.928,0.219,11,0.333,0.0,0.14,81.2,0
freelancer,45337.44,46,0.742,0.69,7,0.736,0.0,0.235,29.2,0
kirana_merchant,11777.53,47,0.774,0.469,6,0.627,0.216,0.265,20.8,0
freelancer,18373.94,45,1.051,0.886,11,0.237,0.0,0.346,45.2,1
freelancer,55459.67,33,0.869,0.144,8,0.348,0.0,0.274,52.3,0
gig_worker,30393.77,45,0.767,0.477,0,0.336,0.0,0.165,79.8,0
gig_worker,29612.77,46,0.988,0.328,4,0.696,0.0,0.056,66.1,0
gig_worker,78125.61,59,0.635,0.681,14,0.326,0.0,0.227,69.8,1
kirana_merchant,30429.69,33,0.882,0.189,0,0.444,0.081,0.298,37.8,0
freelancer,18880.92,34,0.65,0.602,3,0.286,0.0,0.295,42.6,1
kirana_merchant,23364.23,43,0.688,0.858,0,0.249,0.759,0.257,63.0,0
kirana_merchant,15249.22,40,0.631,0.463,8,0.998,0.442,0.27,50.4,0
gig_worker,50411.19,57,1.051,0.463,1,0.517,0.0,0.063,71.5,1
freelancer,35856.53,51,0.624,0.497,6,0.601,0.0,0.062,36.9,0
freelancer,47202.73,38,0.858,0.433,3,0.229,0.0,0.211,42.1,0
gig_worker,49340.08,47,0.712,0.458,5,0.328,0.0,0.041,97.5,0
kirana_merchant,21870.51,50,0.792,0.471,1,0.679,0.122,0.08,56.5,0
gig_worker,16774.64,41,0.847,0.898,0,0.52,0.0,0.262,58.4,0
kirana_merchant,26216.48,40,0.825,0.193,16,0.69,0.671,0.028,28.6,0
kirana_merchant,17389.46,44,0.974,0.328,1,0.448,0.236,0.073,72.8,0
gig_worker,29216.19,32,1.056,0.269,1,0.593,0.0,0.281,82.0,0
kirana_merchant,47384.4,48,0.75,0.535,2,0.928,0.112,0.325,27.5,0
gig_worker,24733.9,43,0.612,0.102,2,0.693,0.0,0.103,60.0,0
kirana_merchant,28998.45,54,1.047,0.837,5,0.77,0.211,0.188,43.5,0
kirana_merchant,25669.97,52,1.089,0.525,13,0.94,0.768,0.312,62.1,0
gig_worker,40189.61,40,0.817,0.817,4,0.772,0.0,0.286,59.2,0
kirana_merchant,19266.22,44,0.828,0.376,3,0.718,0.719,0.302,49.8,0
kirana_merchant,8971.22,44,0.672,0.22,1,0.883,0.974,0.126,66.2,0
gig_worker,34044.86,48,0.838,0.254,4,0.754,0.0,0.116,61.6,0
gig_worker,44086.87,44,0.752,0.477,4,0.682,0.0,0.259,67.2,0
kirana_merchant,33630.45,54,1.097,0.132,13,0.392,0.077,0.192,83.2,1
freelancer,19533.47,42,0.692,0.725,0,0.221,0.0,0.307,34.4,1
gig_worker,15252.43,58,0.789,0.733,7,0.537,0.0,0.265,70.5,0
gig_worker,34449.47,52,0.908,0.662,3,0.856,0.0,0.135,73.2,1
gig_worker,28875.23,37,0.773,0.817,2,0.618,0.0,0.292,70.4,1
kirana_merchant,25263.19,48,0.837,0.54,3,0.267,0.203,0.324,56.5,0
gig_worker,66918.56,49,1.087,0.483,12,0.552,0.0,0.059,75.5,0
gig_worker,16757.48,51,0.854,0.523,2,0.684,0.0,0.197,64.9,0
kirana_merchant,65350.38,51,1.055,0.246,16,0.39,0.915,0.208,34.9,0
kirana_merchant,27334.15,49,0.622,0.51,7,0.267,0.142,0.04,49.0,0
gig_worker,10745.2,40,0.66,0.533,5,0.646,0.0,0.025,55.3,1
kirana_merchant,24597.47,43,1.072,0.712,10,0.27,0.254,0.079,57.6,1
kirana_merchant,43466.6,37,0.664,0.378,0,0.209,0.968,0.295,79.5,0
gig_worker,22414.7,46,0.968,0.174,1,0.792,0.0,0.231,75.0,0
gig_worker,12869.44,48,0.823,0.578,0,0.567,0.0,0.08,51.6,0
freelancer,24778.78,52,0.803,0.73,7,0.233,0.0,0.22,34.1,1
gig_worker,17525.53,46,0.93,0.876,0,0.678,0.0,0.227,65.5,0
kirana_merchant,34403.28,49,0.964,0.172,10,0.211,0.915,0.174,45.7,0
freelancer,39604.57,43,1.066,0.697,6,0.461,0.0,0.193,35.6,0
gig_worker,15864.91,47,0.728,0.577,3,0.337,0.0,0.248,89.6,0
gig_worker,18903.42,36,0.949,0.112,5,0.516,0.0,0.317,65.2,0
kirana_merchant,39274.13,46,0.771,0.675,16,0.212,0.012,0.303,43.1,1
freelancer,17510.88,62,0.959,0.121,6,0.977,0.0,0.254,22.3,1
freelancer,15660.88,52,0.671,0.728,2,0.318,0.0,0.302,41.1,0
kirana_merchant,14922.93,40,0.829,0.677,1,0.966,0.775,0.227,57.9,0
gig_worker,32081.0,38,0.692,0.65,4,0.605,0.0,0.268,91.4,0
kirana_merchant,31400.49,45,0.768,0.196,0,0.254,0.55,0.312,50.2,0
kirana_merchant,19110.19,38,0.958,0.835,0,0.904,0.886,0.31,48.2,0
kirana_merchant,26971.68,50,0.717,0.819,0,0.531,0.264,0.288,31.7,0
gig_worker,57731.96,41,0.942,0.82,5,0.318,0.0,0.201,42.3,1
gig_worker,16530.62,40,0.848,0.388,1,0.416,0.0,0.083,64.2,0
kirana_merchant,10138.84,52,0.646,0.494,2,0.435,0.806,0.297,40.2,0
kirana_merchant,33777.08,43,0.793,0.192,4,0.687,0.337,0.27,42.1,0
gig_worker,25458.36,51,1.035,0.141,6,0.978,0.0,0.275,49.6,0
gig_worker,18863.56,49,1.095,0.147,7,0.349,0.0,0.061,68.1,0
freelancer,37273.58,48,0.784,0.555,7,0.37,0.0,0.303,5.0,1
kirana_merchant,40929.75,62,0.627,0.357,17,0.975,0.336,0.283,23.4,1
gig_worker,8918.3,34,0.665,0.564,1,0.376,0.0,0.151,87.3,0
gig_worker,19413.05,48,0.994,0.574,10,0.384,0.0,0.178,90.4,0
gig_worker,85712.86,42,0.928,0.826,9,0.993,0.0,0.335,69.9,1
freelancer,36015.42,46,0.743,0.806,3,0.724,0.0,0.034,39.6,0
kirana_merchant,37724.0,41,0.796,0.675,4,0.446,0.915,0.064,50.3,1
kirana_merchant,48360.91,46,1.006,0.755,4,0.394,0.388,0.29,50.3,1
kirana_merchant,27133.77,53,0.807,0.103,0,0.582,0.263,0.222,29.7,0
gig_worker,40068.35,31,0.978,0.112,2,0.456,0.0,0.038,74.2,0
freelancer,38523.78,47,0.748,0.467,6,0.207,0.0,0.251,39.9,1
kirana_merchant,35225.33,45,0.962,0.623,3,0.256,0.819,0.148,47.6,0
gig_worker,22902.33,42,0.833,0.735,3,0.632,0.0,0.171,61.3,0
gig_worker,29320.13,52,0.873,0.458,1,0.41,0.0,0.094,56.0,0
kirana_merchant,20046.69,33,0.899,0.852,4,0.954,0.433,0.078,40.8,0
freelancer,27076.11,39,0.825,0.752,10,0.756,0.0,0.161,15.4,1
gig_worker,14999.24,36,0.833,0.182,7,0.982,0.0,0.213,60.8,0
freelancer,18118.49,38,0.733,0.452,13,0.844,0.0,0.091,43.0,0
kirana_merchant,23361.48,52,1.093,0.896,2,0.451,0.235,0.17,61.2,1
gig_worker,16783.43,35,1.053,0.428,3,0.796,0.0,0.214,84.1,0
gig_worker,20899.73,50,0.864,0.409,5,0.572,0.0,0.179,62.7,0
gig_worker,24786.07,56,0.617,0.335,0,0.611,0.0,0.174,66.4,0
kirana_merchant,32896.82,36,0.684,0.489,6,0.624,0.185,0.115,36.4,0
gig_worker,43244.64,41,1.027,0.684,6,0.747,0.0,0.057,74.8,0
gig_worker,21335.08,46,1.065,0.138,4,0.489,0.0,0.334,59.8,0
kirana_merchant,52446.68,44,0.681,0.769,3,0.827,0.679,0.318,44.8,0
kirana_merchant,43015.06,42,0.967,0.834,6,0.339,0.19,0.327,42.2,0
gig_worker,34615.16,42,0.912,0.725,0,0.486,0.0,0.2,80.3,0
kirana_merchant,29051.48,45,0.752,0.833,6,0.741,0.157,0.106,26.0,1
kirana_merchant,31557.31,47,0.818,0.176,0,0.877,0.526,0.129,28.7,0
kirana_merchant,48704.44,33,0.939,0.46,7,0.885,0.639,0.218,48.8,0
freelancer,49602.17,42,0.651,0.157,1,0.469,0.0,0.256,37.9,0
gig_worker,52442.54,41,0.695,0.769,0,0.537,0.0,0.233,55.9,0
freelancer,27464.88,56,0.617,0.862,6,0.41,0.0,0.078,8.0,1
kirana_merchant,35506.94,37,1.051,0.338,1,0.696,0.526,0.314,52.4,1
kirana_merchant,52668.52,45,0.887,0.528,6,0.499,0.338,0.223,45.9,0
kirana_merchant,19695.43,44,0.862,0.338,1,0.942,0.011,0.305,40.1,0
kirana_merchant,22943.54,51,0.953,0.403,6,0.48,0.469,0.224,52.2,0
gig_worker,27119.77,43,1.094,0.481,2,0.742,0.0,0.153,60.7,1
kirana_merchant,42184.13,38,0.686,0.733,0,0.733,0.18,0.048,50.6,0
kirana_merchant,42513.89,38,0.667,0.218,2,0.595,0.38,0.12,61.1,0
kirana_merchant,23970.23,40,0.747,0.226,0,0.217,0.168,0.083,50.2,0
gig_worker,12653.58,37,1.052,0.261,0,0.434,0.0,0.338,53.2,0
freelancer,30427.19,51,0.806,0.143,9,0.765,0.0,0.152,49.4,0
kirana_merchant,16997.85,50,0.997,0.615,3,0.528,0.614,0.319,26.2,0
gig_worker,12772.27,39,0.701,0.252,3,0.256,0.0,0.129,67.0,0
kirana_merchant,14300.71,50,0.847,0.45,1,0.918,0.198,0.061,50.8,0
kirana_merchant,31672.07,44,0.664,0.648,4,0.668,0.715,0.287,55.9,0
kirana_merchant,53131.15,38,0.806,0.459,1,0.266,0.786,0.175,43.2,0
kirana_merchant,27431.5,46,0.731,0.825,2,0.237,0.051,0.301,76.7,0
freelancer,29902.29,56,0.875,0.715,2,0.276,0.0,0.207,18.0,1
gig_worker,48603.34,40,0.99,0.318,3,0.999,0.0,0.053,99.0,0
kirana_merchant,12428.81,54,1.069,0.204,0,0.426,0.438,0.03,15.5,0
freelancer,34894.63,50,0.742,0.816,2,0.762,0.0,0.073,35.4,0
freelancer,26747.74,45,0.972,0.418,13,0.334,0.0,0.126,12.8,1
kirana_merchant,35704.38,45,1.043,0.406,13,0.408,0.638,0.155,49.3,1
freelancer,21125.96,52,0.662,0.748,2,0.206,0.0,0.305,12.9,0
gig_worker,17872.73,40,0.893,0.107,0,0.885,0.0,0.31,78.4,0
freelancer,28861.23,52,0.906,0.461,0,0.993,0.0,0.171,26.6,0
gig_worker,61365.05,44,0.736,0.671,1,0.502,0.0,0.237,47.6,1
gig_worker,41375.95,42,0.611,0.779,2,0.37,0.0,0.063,93.2,0
gig_worker,20871.79,39,0.728,0.808,7,0.331,0.0,0.334,81.6,0
kirana_merchant,13759.9,45,0.892,0.473,0,0.409,0.223,0.131,52.0,0
gig_worker,11602.39,48,0.698,0.778,9,0.507,0.0,0.234,97.6,0
gig_worker,51950.66,49,0.744,0.129,0,0.778,0.0,0.202,65.7,0
gig_worker,16688.23,39,0.954,0.344,7,0.768,0.0,0.273,88.9,0
gig_worker,22862.27,42,0.799,0.108,1,0.611,0.0,0.347,57.7,0
kirana_merchant,52083.61,44,0.633,0.232,1,0.516,0.409,0.164,44.1,0
kirana_merchant,12004.65,51,0.8,0.68,1,0.608,0.362,0.118,17.9,0
gig_worker,56734.19,45,1.1,0.104,4,0.651,0.0,0.053,98.1,0
kirana_merchant,23698.8,45,0.731,0.518,1,0.692,0.799,0.281,40.2,0
freelancer,15149.28,55,0.733,0.431,6,0.721,0.0,0.123,24.7,0
kirana_merchant,23773.45,51,0.685,0.198,5,0.716,0.42,0.167,74.6,0
gig_worker,18745.36,33,0.736,0.649,3,0.368,0.0,0.336,81.0,0
kirana_merchant,33537.18,42,0.887,0.654,1,0.585,0.627,0.333,31.8,0
gig_worker,19456.45,51,1.082,0.681,0,0.469,0.0,0.249,64.1,0
gig_worker,10344.18,47,0.904,0.712,3,0.676,0.0,0.054,74.9,0
gig_worker,24094.01,46,0.805,0.352,0,0.599,0.0,0.168,99.0,0
freelancer,13653.18,39,0.795,0.895,0,0.36,0.0,0.32,23.8,1
gig_worker,29796.91,51,0.612,0.158,5,0.744,0.0,0.186,82.1,0
gig_worker,14860.1,51,0.601,0.618,8,0.216,0.0,0.345,67.8,0
gig_worker,21078.18,48,0.999,0.877,10,0.451,0.0,0.082,85.4,0
freelancer,29474.89,44,0.845,0.279,1,0.828,0.0,0.217,31.4,1
kirana_merchant,24191.84,35,0.617,0.322,5,0.813,0.413,0.082,41.5,0
gig_worker,30491.86,52,0.743,0.561,1,0.96,0.0,0.283,49.2,0
kirana_merchant,37802.99,43,0.778,0.725,0,0.67,0.856,0.323,41.6,0
kirana_merchant,15078.62,56,0.992,0.363,1,0.583,0.975,0.04,86.1,0
kirana_merchant,26050.73,48,0.817,0.769,7,0.733,0.576,0.161,26.1,0
gig_worker,5091.09,44,0.995,0.293,1,0.876,0.0,0.033,69.0,0
freelancer,30444.68,37,0.917,0.799,3,0.68,0.0,0.043,36.4,1
gig_worker,23146.36,45,0.617,0.302,0,0.795,0.0,0.141,86.2,0
kirana_merchant,16453.2,46,1.084,0.594,1,0.451,0.537,0.212,44.6,0
gig_worker,31503.68,56,0.691,0.386,2,0.462,0.0,0.301,89.8,0
gig_worker,48356.15,41,0.738,0.357,1,0.256,0.0,0.333,60.2,1
gig_worker,21204.98,57,1.005,0.383,0,0.415,0.0,0.109,71.9,0
kirana_merchant,16774.12,44,0.695,0.499,1,0.593,0.534,0.094,43.1,0
gig_worker,29217.19,45,0.801,0.776,2,0.731,0.0,0.072,63.8,0
kirana_merchant,13796.86,44,1.032,0.707,0,0.638,0.097,0.026,44.3,1
gig_worker,19337.65,49,0.919,0.459,2,0.776,0.0,0.197,61.2,0
kirana_merchant,49572.97,36,0.751,0.326,13,0.563,0.891,0.195,56.5,0
freelancer,27752.73,29,0.922,0.783,0,0.61,0.0,0.048,16.5,1
kirana_merchant,10511.93,48,1.006,0.796,1,0.574,0.472,0.026,19.2,0
kirana_merchant,10954.48,37,0.802,0.463,21,0.681,0.735,0.146,27.9,0
kirana_merchant,29174.28,44,0.886,0.657,0,0.471,0.125,0.046,45.1,0
gig_worker,41406.59,39,1.094,0.395,3,0.691,0.0,0.039,78.2,0
freelancer,11982.34,45,1.082,0.219,3,0.525,0.0,0.183,26.2,0
gig_worker,33686.63,57,0.855,0.357,0,0.679,0.0,0.288,79.7,0
kirana_merchant,52321.98,39,0.648,0.646,2,0.474,0.548,0.241,5.0,0
kirana_merchant,69142.82,46,0.95,0.716,3,0.33,0.037,0.071,37.8,0
gig_worker,31748.84,52,0.734,0.781,1,0.356,0.0,0.238,64.4,0
gig_worker,34662.07,49,0.935,0.114,2,0.316,0.0,0.136,76.7,0
kirana_merchant,9259.52,44,0.776,0.489,12,0.327,0.964,0.048,60.5,0
freelancer,76870.41,50,0.959,0.319,1,0.696,0.0,0.142,76.2,0
freelancer,20176.12,40,0.784,0.647,10,0.903,0.0,0.306,34.3,1
kirana_merchant,16869.53,53,1.071,0.296,9,0.905,0.106,0.087,5.0,0
kirana_merchant,23680.26,44,0.668,0.553,5,0.783,0.632,0.182,45.3,0
freelancer,57287.44,33,0.634,0.67,2,0.635,0.0,0.136,32.2,0
gig_worker,81147.44,49,0.991,0.716,1,0.57,0.0,0.284,77.5,0
gig_worker,28644.15,41,0.801,0.316,4,0.302,0.0,0.218,78.4,0
kirana_merchant,44313.39,51,0.833,0.17,1,0.359,0.677,0.155,34.5,0
freelancer,27490.67,45,1.067,0.275,1,0.953,0.0,0.164,17.3,0
freelancer,16012.14,41,0.895,0.579,7,0.456,0.0,0.318,45.5,1
kirana_merchant,56295.61,37,0.93,0.132,2,0.671,0.862,0.103,62.8,0
gig_worker,19711.08,42,0.61,0.227,1,0.693,0.0,0.048,80.6,0
kirana_merchant,57974.9,41,0.935,0.896,0,0.374,0.3,0.302,52.4,0
gig_worker,51496.58,48,0.794,0.406,0,0.807,0.0,0.178,73.4,0
gig_worker,36571.27,51,0.83,0.497,1,0.277,0.0,0.036,85.1,0
kirana_merchant,67136.78,40,1.004,0.109,5,0.415,0.102,0.319,25.2,0
gig_worker,82139.39,53,0.862,0.574,0,0.646,0.0,0.227,77.2,0
freelancer,24646.21,57,1.093,0.36,7,0.589,0.0,0.103,23.7,1
kirana_merchant,17954.62,47,0.998,0.524,0,0.786,0.753,0.251,20.9,1
kirana_merchant,10592.11,47,0.964,0.521,4,0.967,0.078,0.108,62.5,0
gig_worker,82647.61,42,0.894,0.874,20,0.398,0.0,0.149,61.7,1
gig_worker,21593.75,36,0.806,0.315,4,0.228,0.0,0.137,77.6,1
gig_worker,47454.11,46,0.626,0.556,1,0.464,0.0,0.266,83.0,0
freelancer,18571.29,48,0.609,0.405,0,0.859,0.0,0.055,37.4,0
freelancer,58054.23,40,0.623,0.438,3,0.79,0.0,0.113,23.1,1
kirana_merchant,18957.24,48,1.079,0.144,7,0.611,0.322,0.317,68.3,0
gig_worker,14826.04,40,0.762,0.651,2,0.561,0.0,0.312,49.1,0
freelancer,24239.69,49,0.95,0.256,2,0.504,0.0,0.34,39.1,0
gig_worker,20621.97,52,0.897,0.475,0,0.37,0.0,0.029,99.0,0
gig_worker,36248.38,47,0.886,0.447,5,0.473,0.0,0.058,94.3,0
kirana_merchant,26220.65,46,0.89,0.475,1,0.354,0.033,0.339,33.0,0
freelancer,36822.02,37,0.751,0.4,7,0.252,0.0,0.115,55.0,0
gig_worker,23259.97,42,1.043,0.294,0,0.91,0.0,0.26,58.6,1
gig_worker,19292.01,42,1.06,0.459,13,0.395,0.0,0.332,61.3,0
freelancer,20094.87,47,0.922,0.137,3,0.278,0.0,0.294,44.6,1
gig_worker,74792.24,45,1.032,0.294,7,0.601,0.0,0.147,57.5,0
gig_worker,30109.18,45,0.63,0.728,0,0.4,0.0,0.224,61.3,0
kirana_merchant,9977.81,42,0.65,0.774,1,0.523,0.601,0.16,39.8,0
freelancer,20741.58,46,0.88,0.672,5,0.971,0.0,0.122,39.3,0
kirana_merchant,28238.26,39,1.023,0.606,1,0.35,0.105,0.265,41.5,0
freelancer,67690.41,42,0.758,0.749,1,0.447,0.0,0.344,31.2,1
kirana_merchant,44996.92,47,0.874,0.202,14,0.611,0.557,0.169,28.8,1
gig_worker,16968.96,42,0.605,0.52,12,0.54,0.0,0.202,44.9,0
freelancer,90145.28,48,1.093,0.193,8,0.279,0.0,0.163,19.0,0
kirana_merchant,26487.28,48,0.983,0.722,2,0.796,0.542,0.342,63.5,0
gig_worker,50169.62,48,0.781,0.516,1,0.576,0.0,0.26,75.2,0
kirana_merchant,15100.69,36,1.092,0.748,10,0.407,0.479,0.186,48.5,1
gig_worker,8110.53,35,0.646,0.739,2,0.816,0.0,0.271,85.5,0
gig_worker,13303.52,46,0.832,0.473,1,0.506,0.0,0.069,68.2,0
gig_worker,5296.67,66,0.629,0.497,8,0.455,0.0,0.031,82.5,0
kirana_merchant,77346.04,53,0.767,0.123,3,0.802,0.507,0.188,56.3,0
freelancer,29949.46,55,0.71,0.519,2,0.289,0.0,0.249,24.4,1
kirana_merchant,16944.15,51,0.758,0.642,1,0.927,0.008,0.054,56.4,0
freelancer,33735.7,33,1.074,0.287,0,0.238,0.0,0.107,40.7,1
gig_worker,29574.48,56,0.814,0.889,8,0.312,0.0,0.344,60.1,1
gig_worker,36697.6,35,0.762,0.88,4,0.386,0.0,0.078,97.3,0
gig_worker,49254.98,51,0.92,0.326,2,0.74,0.0,0.073,84.3,1
gig_worker,23272.77,41,0.942,0.67,3,0.75,0.0,0.144,58.1,0
gig_worker,17328.02,43,1.092,0.124,1,0.996,0.0,0.35,71.2,0
kirana_merchant,40696.1,42,0.873,0.633,2,0.638,0.199,0.122,33.6,0
freelancer,40181.68,50,0.976,0.599,26,0.863,0.0,0.087,58.5,1
freelancer,28292.95,33,0.791,0.758,3,0.561,0.0,0.078,24.9,0
gig_worker,79919.65,47,0.686,0.343,4,0.714,0.0,0.282,80.1,0
freelancer,21613.84,48,0.815,0.802,10,0.249,0.0,0.296,22.4,1
gig_worker,17155.45,48,0.809,0.786,4,0.858,0.0,0.256,95.6,0
gig_worker,33158.21,47,0.81,0.636,1,0.721,0.0,0.311,80.8,0
freelancer,19197.42,47,0.948,0.478,10,0.703,0.0,0.318,45.0,0
kirana_merchant,34467.02,38,0.803,0.595,0,0.376,0.397,0.281,48.5,0
gig_worker,17738.56,49,1.077,0.684,0,0.524,0.0,0.234,72.9,0
kirana_merchant,22023.8,43,1.091,0.88,2,0.383,0.252,0.274,8.2,1
gig_worker,69245.97,45,0.862,0.197,1,0.764,0.0,0.337,80.1,0
kirana_merchant,21965.02,42,0.879,0.35,6,0.996,0.744,0.256,45.8,0
kirana_merchant,18044.1,42,0.804,0.725,5,0.354,0.398,0.264,23.3,1
freelancer,48307.37,44,0.778,0.427,10,0.299,0.0,0.133,39.2,0
gig_worker,15906.44,44,1.093,0.638,1,0.47,0.0,0.179,55.4,0
gig_worker,19025.37,48,0.62,0.206,5,0.604,0.0,0.337,96.3,0
kirana_merchant,35892.39,40,0.805,0.667,8,0.762,0.224,0.313,45.1,0
kirana_merchant,43010.76,34,0.676,0.639,19,0.597,0.942,0.069,44.1,0
gig_worker,49525.26,45,0.963,0.569,1,0.988,0.0,0.051,80.3,0
kirana_merchant,18515.97,40,0.697,0.712,0,0.792,0.8,0.17,36.8,0
freelancer,36243.1,51,1.042,0.804,2,0.349,0.0,0.078,33.6,0
freelancer,21310.3,53,0.787,0.763,2,0.435,0.0,0.337,30.2,1
freelancer,19874.09,31,1.059,0.202,3,0.842,0.0,0.269,24.1,1
freelancer,49099.61,40,1.093,0.696,12,0.903,0.0,0.297,25.2,1
kirana_merchant,20439.46,52,0.986,0.46,0,0.625,0.579,0.237,43.6,1
freelancer,30918.26,54,0.912,0.367,4,0.56,0.0,0.281,31.0,0
gig_worker,29079.53,41,0.675,0.804,10,0.322,0.0,0.095,76.5,0
gig_worker,15750.43,47,1.067,0.548,1,0.397,0.0,0.346,54.1,0
gig_worker,43610.2,44,0.988,0.501,3,0.763,0.0,0.215,59.0,0
kirana_merchant,35601.41,41,0.744,0.728,7,0.239,0.099,0.132,45.5,1
gig_worker,9965.2,46,0.834,0.543,1,0.684,0.0,0.346,82.1,1
freelancer,30906.15,47,0.634,0.786,4,0.381,0.0,0.027,32.0,0
gig_worker,18279.09,42,0.93,0.182,3,0.378,0.0,0.248,68.1,0
gig_worker,46561.89,50,0.663,0.721,4,0.537,0.0,0.293,72.0,0
kirana_merchant,13059.88,43,0.926,0.231,0,0.562,0.285,0.049,45.5,0
gig_worker,22511.05,45,0.936,0.28,15,0.719,0.0,0.288,94.5,0
gig_worker,32241.58,29,0.762,0.244,9,0.32,0.0,0.253,79.4,0
gig_worker,27644.17,57,1.074,0.291,1,0.475,0.0,0.119,63.2,0
kirana_merchant,39398.35,39,0.989,0.685,2,0.329,0.67,0.058,48.0,0
kirana_merchant,12591.65,50,0.848,0.624,11,0.624,0.007,0.276,46.8,0
kirana_merchant,61448.65,59,1.059,0.284,0,0.354,0.617,0.324,18.8,0
kirana_merchant,34981.42,56,1.028,0.316,6,0.904,0.385,0.162,6.3,0
kirana_merchant,53096.12,42,0.946,0.179,0,0.245,0.627,0.209,55.6,0
gig_worker,41652.64,36,0.676,0.432,10,0.654,0.0,0.152,58.7,0
gig_worker,26747.46,57,0.849,0.403,7,0.766,0.0,0.272,88.2,0
kirana_merchant,14156.1,35,1.032,0.217,8,0.918,0.551,0.304,49.8,0
gig_worker,20296.9,57,0.904,0.768,6,0.397,0.0,0.222,70.8,0
gig_worker,59562.51,43,0.873,0.782,3,0.742,0.0,0.181,70.4,0
kirana_merchant,53783.33,39,1.078,0.187,3,0.768,0.48,0.253,38.2,0
kirana_merchant,19736.01,35,0.608,0.313,0,0.66,0.361,0.16,22.4,1
gig_worker,6573.8,47,0.606,0.689,4,0.881,0.0,0.224,65.8,0
gig_worker,24189.05,50,1.046,0.796,0,0.566,0.0,0.19,52.1,0
freelancer,23298.6,41,0.619,0.157,7,0.772,0.0,0.079,49.2,0
freelancer,23744.68,48,0.766,0.822,0,0.347,0.0,0.151,43.0,1
kirana_merchant,35040.84,39,1.062,0.149,18,0.976,0.464,0.106,40.8,0
kirana_merchant,41693.74,41,0.946,0.607,0,0.692,0.852,0.112,49.0,0
kirana_merchant,44141.24,44,0.924,0.118,2,0.788,0.703,0.025,60.6,0
freelancer,33619.27,47,0.928,0.843,0,0.441,0.0,0.293,5.0,1
freelancer,10933.81,50,0.759,0.383,1,0.54,0.0,0.029,32.9,0
gig_worker,22683.66,44,0.865,0.619,1,0.342,0.0,0.273,68.6,0
freelancer,85139.37,46,0.915,0.248,0,0.961,0.0,0.076,36.1,1
gig_worker,32438.73,57,0.753,0.357,0,0.925,0.0,0.328,63.7,0
gig_worker,32335.14,44,0.998,0.698,10,0.321,0.0,0.286,80.8,0
kirana_merchant,32200.68,44,0.761,0.878,4,0.396,0.935,0.058,58.7,0
kirana_merchant,33113.28,45,0.636,0.894,11,0.626,0.534,0.285,41.3,1
freelancer,8171.8,54,0.701,0.748,19,0.295,0.0,0.138,51.2,1
gig_worker,23866.66,36,0.804,0.778,0,0.668,0.0,0.322,78.3,0
kirana_merchant,26398.27,36,1.054,0.876,1,0.413,0.547,0.188,39.7,0
freelancer,51059.54,34,0.808,0.132,4,0.713,0.0,0.262,38.5,0
freelancer,27552.17,41,0.645,0.236,1,0.263,0.0,0.027,30.8,0
gig_worker,11810.5,40,0.698,0.142,0,0.331,0.0,0.038,79.3,0
gig_worker,33357.72,44,0.872,0.501,0,0.622,0.0,0.02,86.4,0
kirana_merchant,17999.29,38,0.689,0.867,1,0.756,0.247,0.031,57.6,0
gig_worker,14641.38,47,0.632,0.566,6,0.667,0.0,0.202,76.1,0
freelancer,17728.35,44,0.957,0.544,5,0.45,0.0,0.279,54.7,0
freelancer,35286.37,40,0.992,0.761,5,0.666,0.0,0.037,33.9,1
gig_worker,50482.43,37,1.025,0.843,0,0.419,0.0,0.11,82.7,1
gig_worker,34250.79,37,1.022,0.659,0,0.967,0.0,0.172,58.9,0
gig_worker,36901.65,54,0.79,0.816,3,0.329,0.0,0.187,80.2,0
freelancer,34081.93,50,0.967,0.24,3,0.688,0.0,0.239,44.4,0
gig_worker,28301.32,53,0.892,0.503,0,0.568,0.0,0.044,68.0,0
kirana_merchant,38118.89,53,0.612,0.392,4,0.476,0.638,0.273,51.9,0
kirana_merchant,8027.37,42,0.801,0.366,8,0.596,0.199,0.069,43.5,0
kirana_merchant,28439.78,60,0.626,0.271,4,0.295,0.022,0.156,72.0,0
gig_worker,15955.16,51,0.642,0.815,18,0.544,0.0,0.114,75.6,1
gig_worker,48119.91,43,0.628,0.46,1,0.919,0.0,0.183,34.1,0
freelancer,24994.78,46,1.08,0.524,4,0.322,0.0,0.089,17.7,1
freelancer,27322.72,45,1.022,0.321,2,0.649,0.0,0.256,36.0,1
kirana_merchant,12675.98,45,0.82,0.87,0,0.825,0.619,0.222,19.9,0
gig_worker,44730.7,44,0.724,0.589,2,0.856,0.0,0.228,69.8,0
gig_worker,36815.13,48,0.636,0.101,4,0.338,0.0,0.257,83.9,0
kirana_merchant,35542.13,51,0.816,0.314,1,0.792,0.67,0.09,57.5,0
gig_worker,17916.7,47,0.9,0.899,5,0.81,0.0,0.207,82.3,0
freelancer,18273.0,36,0.999,0.88,5,0.637,0.0,0.204,8.8,0
kirana_merchant,30085.53,51,0.626,0.536,0,0.539,0.611,0.237,57.6,0
gig_worker,19010.58,41,0.809,0.551,3,0.249,0.0,0.278,75.3,0
freelancer,33437.94,30,1.088,0.821,1,0.207,0.0,0.317,71.4,0
freelancer,9132.03,51,0.66,0.667,5,0.666,0.0,0.06,28.1,0
gig_worker,21083.11,35,0.8,0.846,0,0.489,0.0,0.059,82.4,1
kirana_merchant,66063.83,47,0.738,0.483,14,0.424,0.2,0.058,34.6,0
gig_worker,33514.82,39,0.667,0.881,2,0.291,0.0,0.314,62.7,0
gig_worker,29243.04,45,1.019,0.532,0,0.946,0.0,0.134,82.4,0
gig_worker,72592.24,34,0.949,0.616,5,0.346,0.0,0.24,50.9,1
kirana_merchant,8366.77,51,0.806,0.166,0,0.729,0.892,0.141,27.3,0
freelancer,17896.21,34,0.785,0.589,5,0.231,0.0,0.177,38.7,1
kirana_merchant,22013.55,46,1.014,0.714,4,0.726,0.987,0.225,36.0,0
gig_worker,41323.05,47,0.645,0.451,2,0.723,0.0,0.159,75.4,0
kirana_merchant,41682.15,45,0.673,0.502,18,0.925,0.916,0.05,46.7,0
gig_worker,17448.29,46,1.053,0.415,2,0.674,0.0,0.21,68.6,0
freelancer,44310.51,40,1.009,0.875,2,0.22,0.0,0.312,5.0,1
kirana_merchant,21989.99,43,0.987,0.481,15,0.967,0.334,0.19,46.6,1
gig_worker,49306.92,42,0.912,0.201,5,0.279,0.0,0.32,83.8,0
gig_worker,16053.44,52,0.746,0.123,7,0.392,0.0,0.211,78.5,0
kirana_merchant,25294.55,30,1.067,0.718,3,0.795,0.551,0.241,14.9,1
gig_worker,21055.48,69,0.846,0.538,8,0.762,0.0,0.124,63.3,0
kirana_merchant,45616.06,33,0.74,0.102,1,0.777,0.654,0.158,57.5,0
gig_worker,20714.92,40,0.783,0.406,1,0.536,0.0,0.221,91.0,0
gig_worker,26338.2,52,0.608,0.831,5,0.505,0.0,0.282,71.9,1
kirana_merchant,34662.22,49,0.728,0.858,4,0.671,0.827,0.257,16.8,0
freelancer,35335.0,45,0.694,0.143,8,0.418,0.0,0.236,24.5,1
freelancer,41918.24,50,0.668,0.199,5,0.358,0.0,0.334,24.0,1
gig_worker,29898.46,44,0.616,0.104,10,0.327,0.0,0.035,73.7,0
gig_worker,21826.4,53,0.713,0.795,6,0.508,0.0,0.314,71.9,0
gig_worker,22587.47,37,0.652,0.157,2,0.918,0.0,0.161,65.0,0
kirana_merchant,27250.75,41,0.623,0.186,5,0.94,0.061,0.08,12.7,0
kirana_merchant,30479.09,58,0.669,0.282,4,0.914,0.5,0.056,26.3,0
freelancer,24994.58,53,0.701,0.834,34,0.363,0.0,0.344,41.0,1
freelancer,27162.75,48,0.808,0.651,4,0.675,0.0,0.335,30.9,1
gig_worker,12599.0,45,0.892,0.594,0,0.721,0.0,0.346,67.8,1
kirana_merchant,37559.35,32,0.761,0.728,7,0.569,0.734,0.218,23.9,1
freelancer,29453.15,39,0.671,0.655,1,0.656,0.0,0.187,54.9,0
freelancer,44397.36,44,1.07,0.697,7,0.3,0.0,0.242,5.0,1
gig_worker,26905.35,33,0.857,0.159,1,0.919,0.0,0.129,93.9,0
gig_worker,11280.17,49,0.971,0.572,3,0.308,0.0,0.123,78.0,0
kirana_merchant,22488.89,48,0.947,0.703,0,0.868,0.159,0.204,34.6,0
gig_worker,24343.86,40,0.742,0.553,6,0.242,0.0,0.307,67.0,0
gig_worker,39005.25,51,0.88,0.109,0,0.522,0.0,0.337,69.0,0
gig_worker,9555.41,46,0.901,0.269,1,0.356,0.0,0.133,80.1,0
kirana_merchant,27462.86,41,0.776,0.87,2,0.327,0.893,0.317,41.5,0
gig_worker,34781.38,48,0.935,0.664,18,0.739,0.0,0.063,91.0,0
gig_worker,19326.96,50,0.995,0.651,0,0.911,0.0,0.066,54.7,0
gig_worker,27926.02,35,0.782,0.628,3,0.832,0.0,0.335,82.1,0
freelancer,19662.76,41,0.607,0.202,9,0.433,0.0,0.328,49.0,0
freelancer,18680.09,47,0.775,0.103,6,0.686,0.0,0.059,20.5,0
kirana_merchant,21933.93,47,0.658,0.453,1,0.436,0.116,0.321,47.5,1
kirana_merchant,18857.27,43,0.678,0.455,2,0.272,0.801,0.179,44.3,0
freelancer,37866.01,49,0.783,0.749,1,0.293,0.0,0.296,43.2,1
gig_worker,18629.92,33,0.704,0.245,0,0.339,0.0,0.116,74.6,0
gig_worker,17129.29,45,1.067,0.32,5,0.729,0.0,0.253,70.3,0
gig_worker,65118.52,38,0.926,0.163,0,0.307,0.0,0.31,69.1,0
gig_worker,43493.64,46,0.859,0.42,0,0.661,0.0,0.284,70.2,0
gig_worker,10606.72,43,0.605,0.305,0,0.201,0.0,0.137,61.5,0
freelancer,18354.24,46,0.652,0.31,0,0.785,0.0,0.047,25.8,0
kirana_merchant,30370.64,37,0.994,0.303,1,0.407,0.402,0.301,40.2,0
kirana_merchant,31630.51,44,0.795,0.285,1,0.655,0.899,0.144,55.2,0
freelancer,12768.72,39,0.623,0.356,1,0.478,0.0,0.217,23.2,0
gig_worker,48015.67,44,1.013,0.529,9,0.627,0.0,0.025,80.4,0
gig_worker,40644.23,52,0.751,0.45,0,0.355,0.0,0.34,43.7,1
kirana_merchant,34233.19,52,0.793,0.151,2,0.695,0.968,0.065,31.9,0
kirana_merchant,53016.81,46,1.087,0.441,3,0.906,0.231,0.234,51.2,0
gig_worker,33730.07,38,0.608,0.777,3,0.663,0.0,0.287,91.7,1
kirana_merchant,33667.57,46,0.961,0.181,1,0.554,0.593,0.056,52.6,0
kirana_merchant,58620.49,37,1.074,0.855,5,0.579,0.166,0.208,34.6,0
kirana_merchant,46658.47,50,0.632,0.347,3,0.524,0.21,0.338,63.2,0
kirana_merchant,17663.33,35,1.033,0.112,3,0.388,0.94,0.32,48.7,0
gig_worker,36923.28,43,0.808,0.303,7,0.504,0.0,0.11,69.2,0
gig_worker,19300.11,47,1.039,0.156,0,0.537,0.0,0.337,68.8,0
kirana_merchant,34616.21,58,0.754,0.553,1,0.751,0.5,0.338,50.4,0
gig_worker,34142.79,48,1.091,0.353,0,0.455,0.0,0.17,78.1,0
freelancer,13470.62,49,0.924,0.746,1,0.501,0.0,0.072,18.1,0
kirana_merchant,25313.1,45,0.914,0.686,7,0.698,0.974,0.042,38.3,1
gig_worker,30718.75,54,1.003,0.475,11,0.832,0.0,0.168,69.3,0
kirana_merchant,21630.4,44,0.818,0.548,0,0.873,0.439,0.197,34.1,0
kirana_merchant,31487.78,41,0.729,0.587,4,0.678,0.881,0.106,64.2,0
gig_worker,40253.37,45,0.731,0.317,1,0.566,0.0,0.021,80.6,0
freelancer,26494.79,48,0.765,0.212,1,0.729,0.0,0.065,19.7,0
freelancer,30100.58,37,0.909,0.401,3,0.225,0.0,0.1,56.9,0
kirana_merchant,53729.21,42,1.019,0.176,0,0.649,0.135,0.123,56.1,0
gig_worker,34084.51,37,0.85,0.352,2,0.446,0.0,0.157,61.3,1
kirana_merchant,29744.88,41,0.802,0.542,13,0.615,0.444,0.257,28.5,1
kirana_merchant,16663.24,45,0.997,0.532,2,0.432,0.48,0.278,41.0,0
gig_worker,37628.35,47,0.745,0.196,0,0.345,0.0,0.136,51.6,1
gig_worker,31731.81,50,0.945,0.107,2,0.394,0.0,0.324,87.9,0
freelancer,51116.86,49,0.653,0.171,3,0.795,0.0,0.078,27.8,0
gig_worker,27541.23,40,0.657,0.129,9,0.5,0.0,0.127,81.4,0
kirana_merchant,10849.42,54,0.922,0.42,7,0.78,0.656,0.067,42.0,1
kirana_merchant,11498.13,48,0.641,0.412,2,0.801,0.15,0.242,36.1,0
kirana_merchant,38864.65,42,0.678,0.293,5,0.216,0.549,0.092,49.1,0
gig_worker,20229.62,51,0.912,0.272,2,0.951,0.0,0.245,74.0,0
freelancer,33469.3,33,0.819,0.417,2,0.28,0.0,0.034,31.6,0
gig_worker,28484.53,37,0.881,0.169,15,0.577,0.0,0.088,69.7,1
kirana_merchant,24749.99,49,1.088,0.271,3,0.96,0.428,0.179,56.7,0
kirana_merchant,25637.7,53,0.916,0.425,2,0.327,0.54,0.276,30.4,1
kirana_merchant,17453.67,44,0.895,0.176,4,0.354,0.825,0.072,74.2,0
freelancer,26691.79,46,0.79,0.773,2,0.387,0.0,0.091,38.4,1
kirana_merchant,20085.5,44,0.915,0.641,7,0.864,0.212,0.221,44.1,0
gig_worker,22334.14,45,0.606,0.406,3,0.873,0.0,0.289,77.4,0
freelancer,22883.59,42,0.879,0.22,3,0.92,0.0,0.205,32.5,0
kirana_merchant,24020.27,42,0.634,0.255,4,0.604,0.57,0.223,29.1,0
gig_worker,42662.98,56,0.71,0.196,6,0.922,0.0,0.344,78.1,0
gig_worker,25212.74,57,0.882,0.228,1,0.415,0.0,0.282,72.1,0
freelancer,44884.65,44,0.934,0.438,13,0.688,0.0,0.171,46.3,0
gig_worker,58042.31,43,0.792,0.297,3,0.543,0.0,0.049,72.6,0
kirana_merchant,41252.72,43,0.809,0.808,3,0.43,0.883,0.311,33.1,0
kirana_merchant,35144.88,43,0.849,0.869,0,0.81,0.185,0.287,39.2,0
gig_worker,31679.22,42,0.98,0.653,5,0.788,0.0,0.161,82.9,0
kirana_merchant,41468.08,52,0.609,0.747,9,0.799,0.26,0.284,39.0,0
gig_worker,28132.49,39,0.824,0.304,0,0.679,0.0,0.26,87.5,0
kirana_merchant,44014.96,50,0.607,0.632,2,0.47,0.059,0.086,34.2,1
kirana_merchant,36572.54,39,0.76,0.146,9,0.737,0.225,0.078,42.7,0
kirana_merchant,22473.22,48,0.86,0.868,0,0.361,0.368,0.278,66.8,0
kirana_merchant,42105.15,39,0.64,0.636,4,0.399,0.744,0.205,49.4,0
freelancer,28162.31,49,0.843,0.353,5,0.966,0.0,0.167,57.0,0
kirana_merchant,25512.76,47,1.062,0.718,6,0.635,0.974,0.142,61.9,0
gig_worker,21203.05,42,0.943,0.113,2,0.773,0.0,0.257,36.2,0
gig_worker,29231.71,45,0.991,0.401,0,0.564,0.0,0.153,62.4,0
kirana_merchant,44277.47,42,0.89,0.817,5,0.201,0.005,0.024,73.5,1
freelancer,41959.91,42,1.048,0.311,6,0.608,0.0,0.123,25.8,0
freelancer,32102.75,47,0.673,0.634,1,0.632,0.0,0.319,42.4,1
freelancer,36309.03,41,0.825,0.388,2,0.278,0.0,0.142,51.8,0
gig_worker,50810.0,40,0.899,0.414,0,0.369,0.0,0.033,92.1,0
kirana_merchant,24959.68,36,1.037,0.697,4,0.3,0.657,0.261,37.5,0
kirana_merchant,15402.58,53,0.754,0.828,0,0.906,0.767,0.111,56.3,0
gig_worker,51563.27,45,0.601,0.233,4,0.224,0.0,0.039,84.7,0
gig_worker,20642.57,36,1.087,0.322,12,0.808,0.0,0.284,55.9,0
freelancer,19050.16,47,0.613,0.49,2,0.545,0.0,0.022,51.1,0
gig_worker,10958.83,44,0.676,0.591,6,0.202,0.0,0.073,85.9,0
gig_worker,35797.79,41,0.811,0.474,4,0.559,0.0,0.085,73.6,0
gig_worker,11959.41,63,0.848,0.744,1,0.982,0.0,0.247,83.5,0
freelancer,18487.88,46,1.017,0.714,6,0.56,0.0,0.057,54.0,0
kirana_merchant,36102.54,51,0.824,0.424,0,0.418,0.106,0.253,34.6,0
kirana_merchant,38598.19,50,0.874,0.132,5,0.936,0.041,0.125,64.4,0
freelancer,19421.73,42,0.7,0.256,0,0.264,0.0,0.189,66.6,1
gig_worker,25157.8,54,0.885,0.49,7,0.805,0.0,0.289,99.0,0
kirana_merchant,17390.91,46,0.774,0.842,4,0.398,0.003,0.166,42.8,0
gig_worker,20451.3,34,0.649,0.554,0,0.766,0.0,0.071,88.8,0
gig_worker,30733.47,45,1.073,0.524,6,0.311,0.0,0.065,71.4,0
freelancer,20934.98,38,0.641,0.679,10,0.239,0.0,0.147,18.6,1
kirana_merchant,23810.75,36,0.939,0.222,2,0.744,0.051,0.071,43.4,0
gig_worker,12934.41,45,1.054,0.218,2,0.502,0.0,0.228,77.4,0
gig_worker,47404.77,46,0.69,0.376,11,0.992,0.0,0.217,68.7,0
kirana_merchant,34718.69,51,0.719,0.896,7,0.649,0.531,0.255,28.9,1
gig_worker,39992.72,38,0.813,0.801,3,0.244,0.0,0.219,79.6,0
gig_worker,51288.03,44,0.747,0.644,6,0.313,0.0,0.138,99.0,0
gig_worker,17807.83,36,0.98,0.413,7,0.919,0.0,0.217,68.3,0
gig_worker,22489.48,27,0.769,0.544,15,0.257,0.0,0.305,76.0,1
freelancer,10431.47,51,1.093,0.343,7,0.631,0.0,0.034,36.3,0
gig_worker,129341.5,31,1.029,0.639,8,0.214,0.0,0.05,83.0,1
gig_worker,24964.43,43,1.048,0.435,2,0.774,0.0,0.343,72.4,0
kirana_merchant,45223.13,49,0.632,0.196,10,0.312,0.914,0.273,49.1,0
freelancer,14485.73,60,0.688,0.272,5,0.344,0.0,0.044,52.7,0
gig_worker,44275.83,44,0.685,0.587,0,0.426,0.0,0.33,88.6,0
gig_worker,68104.29,46,0.936,0.656,0,0.202,0.0,0.331,97.9,1
gig_worker,26104.41,39,0.606,0.177,5,0.619,0.0,0.244,68.1,0
kirana_merchant,16229.07,47,1.003,0.747,0,0.977,0.955,0.323,34.9,0
kirana_merchant,25099.46,44,0.874,0.759,0,0.756,0.712,0.133,13.2,0
freelancer,8836.26,48,0.883,0.678,2,0.962,0.0,0.153,32.3,0
freelancer,26398.35,35,0.869,0.647,14,0.304,0.0,0.166,26.8,1
kirana_merchant,40557.81,48,0.868,0.285,7,0.393,0.23,0.322,47.2,0
kirana_merchant,26426.46,50,0.699,0.836,3,0.478,0.195,0.33,41.2,0
kirana_merchant,23340.15,42,0.742,0.315,3,0.794,0.959,0.216,10.0,0
gig_worker,35023.83,52,0.844,0.246,1,0.997,0.0,0.319,50.3,0
freelancer,36388.66,56,0.939,0.611,0,0.885,0.0,0.303,24.5,0
gig_worker,11731.67,61,0.736,0.391,10,0.669,0.0,0.16,68.5,1
gig_worker,28124.93,57,1.003,0.846,4,0.668,0.0,0.252,99.0,0
kirana_merchant,90943.4,35,1.005,0.468,1,0.816,0.419,0.081,44.3,0
gig_worker,13800.94,53,0.737,0.231,2,0.351,0.0,0.069,73.0,0
kirana_merchant,25778.36,43,0.88,0.866,1,0.858,0.751,0.244,37.0,0
kirana_merchant,71031.1,45,0.774,0.512,15,0.791,0.622,0.164,32.5,0
kirana_merchant,46727.47,48,0.695,0.515,6,0.255,0.694,0.25,54.2,0
freelancer,20812.35,34,1.003,0.409,3,0.233,0.0,0.282,53.8,1
gig_worker,29823.97,54,1.096,0.769,1,0.324,0.0,0.158,99.0,0
kirana_merchant,26874.8,42,0.883,0.33,0,0.723,0.065,0.334,53.2,0
kirana_merchant,18508.11,53,1.057,0.111,2,0.963,0.75,0.322,37.7,0
kirana_merchant,25922.69,36,0.921,0.498,8,0.289,0.24,0.052,49.1,1
kirana_merchant,23388.9,40,0.883,0.841,1,0.687,0.623,0.065,57.9,0
gig_worker,28463.4,42,0.84,0.319,4,0.676,0.0,0.064,82.3,0
kirana_merchant,18505.23,49,0.718,0.313,7,0.336,0.311,0.194,47.3,0
gig_worker,14209.85,46,0.642,0.69,0,0.41,0.0,0.175,76.5,0
freelancer,26353.59,43,0.821,0.72,2,0.631,0.0,0.312,42.9,0
gig_worker,63421.56,58,0.881,0.448,1,0.469,0.0,0.142,61.9,0
kirana_merchant,28031.99,50,0.855,0.767,1,0.327,0.042,0.171,11.3,0
gig_worker,22792.87,49,0.948,0.238,2,0.544,0.0,0.31,72.9,0
gig_worker,39223.95,45,0.696,0.394,3,0.272,0.0,0.202,83.5,0
kirana_merchant,24855.65,40,0.777,0.423,8,0.664,0.844,0.218,20.9,0
freelancer,68460.79,39,0.808,0.35,1,0.315,0.0,0.059,26.0,0
kirana_merchant,26850.61,45,0.693,0.274,0,0.783,0.934,0.03,7.3,0
freelancer,38186.93,46,1.053,0.371,1,0.638,0.0,0.28,26.4,0
kirana_merchant,18447.75,53,0.941,0.114,0,0.263,0.868,0.116,20.9,0
kirana_merchant,34597.77,44,0.646,0.663,4,0.378,0.885,0.185,5.0,0
gig_worker,30870.2,55,0.956,0.647,0,0.543,0.0,0.299,58.8,0
freelancer,26153.73,47,0.874,0.46,10,0.516,0.0,0.154,28.5,1
gig_worker,20933.82,42,0.862,0.358,0,0.86,0.0,0.327,66.2,0
freelancer,19554.97,51,1.095,0.447,1,0.702,0.0,0.243,28.7,0
freelancer,30982.45,41,0.909,0.849,3,0.909,0.0,0.04,34.2,0
freelancer,36844.79,43,1.048,0.583,0,0.641,0.0,0.06,61.3,0
kirana_merchant,25245.89,62,1.057,0.685,3,0.452,0.006,0.288,34.4,1
kirana_merchant,31058.69,46,0.651,0.284,0,0.225,0.57,0.347,67.7,0
kirana_merchant,26397.98,44,0.604,0.176,1,0.369,0.062,0.075,70.7,0
gig_worker,28261.71,50,0.818,0.167,4,0.406,0.0,0.204,66.2,1
kirana_merchant,24337.59,40,0.985,0.478,2,0.273,0.418,0.161,23.4,1
gig_worker,27146.04,47,1.012,0.673,1,0.624,0.0,0.138,77.3,0
kirana_merchant,103675.41,48,0.994,0.719,0,0.71,0.847,0.262,69.5,0
gig_worker,31439.4,40,0.824,0.676,7,0.24,0.0,0.026,35.9,1
gig_worker,37147.38,57,0.975,0.83,0,0.476,0.0,0.245,68.3,1
gig_worker,33490.32,57,0.959,0.142,0,0.222,0.0,0.061,73.9,0
kirana_merchant,23590.32,36,0.757,0.784,0,0.783,0.562,0.151,71.5,0
kirana_merchant,51379.5,39,0.684,0.629,5,0.599,0.132,0.147,14.9,0
gig_worker,23258.32,57,0.911,0.24,4,0.754,0.0,0.125,77.4,0
kirana_merchant,45593.81,42,0.939,0.646,12,0.695,0.652,0.334,55.5,0
gig_worker,22763.11,41,0.884,0.509,0,0.883,0.0,0.235,60.0,0
kirana_merchant,16647.47,44,0.707,0.387,10,0.902,0.848,0.15,48.0,0
kirana_merchant,32295.98,50,0.738,0.298,3,0.648,0.895,0.059,49.1,0
kirana_merchant,15485.6,41,0.954,0.471,0,0.57,0.723,0.054,63.4,0
kirana_merchant,35165.48,44,1.081,0.291,0,0.993,0.726,0.25,65.1,0
gig_worker,14807.97,44,1.072,0.166,5,0.354,0.0,0.077,76.7,0
kirana_merchant,22936.76,47,0.86,0.777,0,0.712,0.169,0.246,47.1,0
kirana_merchant,13149.45,47,1.043,0.574,7,0.696,0.753,0.336,23.5,1
kirana_merchant,110424.08,45,0.615,0.391,0,0.966,0.22,0.265,45.1,0
kirana_merchant,11766.6,45,1.031,0.457,7,0.275,0.553,0.17,44.9,0
gig_worker,27035.52,49,0.838,0.792,2,0.958,0.0,0.236,59.9,0
kirana_merchant,47650.68,61,0.991,0.356,2,0.811,0.255,0.067,57.7,0
kirana_merchant,45170.2,48,0.603,0.404,5,0.303,0.451,0.151,49.5,0
gig_worker,41178.48,40,1.034,0.713,11,0.356,0.0,0.196,75.9,0
gig_worker,22957.18,43,0.897,0.26,2,0.42,0.0,0.13,79.6,0
gig_worker,52867.52,66,0.72,0.627,6,0.742,0.0,0.206,59.6,0
freelancer,42476.04,52,0.774,0.447,0,0.799,0.0,0.075,14.0,0
kirana_merchant,29916.03,39,0.7,0.5,1,0.79,0.469,0.28,53.3,0
gig_worker,30342.07,37,0.812,0.73,6,0.722,0.0,0.142,51.3,1
gig_worker,23110.42,44,0.765,0.895,0,0.307,0.0,0.093,99.0,0
kirana_merchant,17071.64,42,0.867,0.765,8,0.234,0.427,0.183,42.2,1
freelancer,49939.9,30,1.007,0.228,1,0.422,0.0,0.219,32.9,0
gig_worker,51849.68,51,1.091,0.28,8,0.68,0.0,0.187,84.7,0
gig_worker,17291.07,40,0.726,0.428,1,0.483,0.0,0.042,76.6,0
freelancer,24912.06,45,0.653,0.675,4,0.88,0.0,0.13,62.1,0
gig_worker,25041.47,42,0.798,0.507,5,0.857,0.0,0.09,85.8,0
gig_worker,26467.48,50,0.672,0.821,1,0.374,0.0,0.284,73.3,0
freelancer,27782.11,40,1.017,0.139,0,0.727,0.0,0.338,28.2,0
kirana_merchant,43192.87,37,0.851,0.307,2,0.864,0.909,0.24,64.0,0
gig_worker,18516.02,51,0.91,0.275,1,0.92,0.0,0.326,56.2,1
gig_worker,17620.64,51,0.675,0.695,0,0.542,0.0,0.287,70.8,0
gig_worker,49926.63,56,0.975,0.472,6,0.926,0.0,0.038,71.1,0
gig_worker,21347.24,54,1.087,0.112,1,0.793,0.0,0.295,66.7,0
freelancer,14306.69,35,0.841,0.719,15,0.437,0.0,0.254,74.5,0
kirana_merchant,21108.58,38,1.081,0.389,0,0.473,0.232,0.103,70.9,0
kirana_merchant,22810.44,60,0.617,0.308,10,0.311,0.812,0.126,58.0,0
freelancer,58540.93,47,0.618,0.246,0,0.503,0.0,0.271,76.2,0
kirana_merchant,42719.6,48,1.08,0.857,0,0.491,0.292,0.327,63.4,1
gig_worker,47751.24,45,0.95,0.854,1,0.699,0.0,0.089,75.8,0
kirana_merchant,40537.67,40,0.694,0.161,3,0.445,0.286,0.274,38.0,1
freelancer,43179.53,55,0.782,0.286,3,0.537,0.0,0.264,20.2,0
freelancer,19071.66,36,0.854,0.617,14,0.305,0.0,0.279,25.3,1
gig_worker,24360.03,47,0.951,0.636,9,0.785,0.0,0.184,73.2,0
kirana_merchant,16400.09,47,1.021,0.434,2,0.233,0.279,0.032,24.5,1
kirana_merchant,24215.69,33,0.641,0.555,0,0.799,0.321,0.064,19.4,1
freelancer,37875.23,46,0.928,0.662,8,0.342,0.0,0.16,53.0,0
gig_worker,28775.85,41,0.838,0.86,0,0.985,0.0,0.258,52.2,0
kirana_merchant,51830.83,51,0.899,0.68,1,0.991,0.219,0.294,43.2,0
freelancer,15203.67,54,0.854,0.188,4,0.995,0.0,0.281,49.2,0
kirana_merchant,34548.49,42,0.825,0.674,3,0.21,0.405,0.25,42.8,0
kirana_merchant,14412.46,47,0.703,0.154,0,0.374,0.879,0.293,29.8,0
gig_worker,28200.31,48,0.836,0.502,1,0.643,0.0,0.208,83.9,0
gig_worker,38955.17,37,0.695,0.522,3,0.787,0.0,0.02,57.7,0
gig_worker,24167.13,53,0.622,0.723,1,0.853,0.0,0.228,86.7,0
freelancer,35438.83,44,0.787,0.109,1,0.308,0.0,0.305,30.7,0
gig_worker,16649.47,31,0.612,0.8,0,0.885,0.0,0.186,80.5,0
kirana_merchant,11709.49,52,0.881,0.631,2,0.759,0.055,0.225,48.3,0
kirana_merchant,35543.58,53,0.636,0.125,0,0.432,0.068,0.308,64.7,0
gig_worker,64344.4,36,0.819,0.228,2,0.207,0.0,0.314,64.9,0
kirana_merchant,16349.91,37,1.09,0.132,6,0.931,0.432,0.263,53.6,0
kirana_merchant,49567.82,37,0.605,0.713,1,0.359,0.655,0.106,31.5,0
freelancer,27493.69,46,0.783,0.237,5,0.492,0.0,0.05,19.2,1
kirana_merchant,13796.28,37,0.937,0.136,0,0.88,0.305,0.112,48.9,0
kirana_merchant,15279.19,44,0.679,0.21,2,0.731,0.408,0.343,56.3,0
gig_worker,27116.36,38,0.88,0.548,2,0.306,0.0,0.187,80.6,0
freelancer,21977.38,44,0.729,0.496,1,0.983,0.0,0.286,43.1,0
gig_worker,13954.31,47,0.711,0.297,4,0.456,0.0,0.105,72.3,1
kirana_merchant,11533.15,51,1.047,0.854,3,0.676,0.015,0.301,62.1,1
gig_worker,17617.36,34,0.702,0.784,1,0.703,0.0,0.123,61.5,1
freelancer,29640.72,46,0.788,0.352,3,0.654,0.0,0.341,21.1,0
kirana_merchant,26817.22,43,0.685,0.48,8,0.664,0.79,0.21,52.9,0
kirana_merchant,20939.26,46,0.742,0.513,11,0.394,0.752,0.312,35.0,0
gig_worker,29760.69,53,0.747,0.705,0,0.968,0.0,0.02,59.5,0
kirana_merchant,45252.51,49,0.763,0.442,0,0.59,0.96,0.132,54.2,0
kirana_merchant,32763.27,40,0.921,0.537,7,0.312,0.409,0.147,59.9,0
kirana_merchant,25319.89,45,0.971,0.43,6,0.88,0.104,0.238,46.5,0
gig_worker,42788.99,40,0.855,0.71,10,0.318,0.0,0.199,48.5,1
freelancer,16648.49,50,0.905,0.545,1,0.89,0.0,0.243,68.6,0
freelancer,24041.58,56,1.007,0.762,3,0.648,0.0,0.163,51.5,0
gig_worker,24329.77,38,1.1,0.143,10,0.235,0.0,0.106,40.8,1
freelancer,14494.48,56,0.828,0.823,3,0.298,0.0,0.333,10.9,1
kirana_merchant,21808.67,41,1.068,0.756,2,0.955,0.86,0.089,47.5,1
kirana_merchant,9533.05,41,0.845,0.755,5,0.302,0.983,0.298,52.4,0
gig_worker,69988.7,54,0.991,0.212,2,0.669,0.0,0.317,62.4,0
kirana_merchant,16836.31,48,0.887,0.311,0,0.451,0.992,0.11,46.2,0
kirana_merchant,59459.88,45,1.042,0.884,1,0.838,0.914,0.212,55.7,0
kirana_merchant,27420.39,60,0.824,0.86,3,0.835,0.261,0.264,54.8,1
kirana_merchant,35683.09,40,0.948,0.281,11,0.838,0.441,0.309,28.2,0
kirana_merchant,21069.89,45,0.833,0.446,1,0.366,0.97,0.295,76.9,0
kirana_merchant,29850.74,48,1.029,0.225,0,0.769,0.399,0.29,69.8,0
gig_worker,37243.95,40,1.097,0.31,2,0.273,0.0,0.043,84.6,1
freelancer,37506.75,49,0.722,0.248,3,0.261,0.0,0.342,22.1,1
kirana_merchant,39631.78,50,0.837,0.165,6,0.527,0.866,0.192,62.6,0
gig_worker,22378.0,53,0.641,0.564,3,0.678,0.0,0.122,59.4,0
gig_worker,21158.99,39,0.67,0.293,2,0.451,0.0,0.084,82.0,0
kirana_merchant,12123.63,41,1.065,0.894,1,0.444,0.273,0.337,49.8,1
freelancer,34947.75,51,0.872,0.512,4,0.26,0.0,0.039,48.4,1
gig_worker,46220.99,44,0.798,0.387,2,0.357,0.0,0.327,66.1,1
kirana_merchant,60354.5,51,0.936,0.831,1,0.688,0.185,0.091,65.4,0
gig_worker,31337.99,57,0.88,0.597,0,0.745,0.0,0.342,76.6,1
kirana_merchant,18338.54,52,0.744,0.202,5,0.926,0.284,0.033,32.1,0
freelancer,11515.53,38,0.713,0.498,7,0.5,0.0,0.064,46.6,1
kirana_merchant,45289.63,39,0.895,0.453,4,0.389,0.893,0.024,50.6,0
gig_worker,10958.4,37,0.694,0.712,0,0.775,0.0,0.024,84.3,0
kirana_merchant,22690.42,35,0.67,0.655,6,0.739,0.686,0.325,34.8,0
gig_worker,24048.95,50,0.759,0.397,4,0.42,0.0,0.273,68.4,0
kirana_merchant,25984.94,41,1.031,0.476,2,0.815,0.638,0.316,47.4,0
kirana_merchant,27389.12,32,0.618,0.515,5,0.361,0.262,0.03,34.5,0
kirana_merchant,28827.17,54,1.017,0.438,2,0.478,0.957,0.042,32.6,0
gig_worker,8041.08,49,0.91,0.186,12,0.396,0.0,0.348,54.1,1
freelancer,27101.06,46,0.62,0.824,0,0.72,0.0,0.182,36.1,1
kirana_merchant,8823.84,48,0.901,0.638,0,0.593,0.239,0.065,33.7,1
gig_worker,38797.42,43,0.813,0.476,9,0.787,0.0,0.167,62.7,0
kirana_merchant,20382.61,38,1.021,0.556,5,0.286,0.443,0.054,34.5,1
kirana_merchant,9149.75,45,1.054,0.271,0,0.405,0.396,0.344,21.3,0
kirana_merchant,17906.12,48,0.743,0.524,3,0.588,0.284,0.257,35.1,1
kirana_merchant,20230.82,49,0.992,0.697,1,0.245,0.96,0.085,46.7,0
kirana_merchant,48793.37,51,0.755,0.527,0,0.785,0.771,0.205,33.6,0
gig_worker,29682.68,48,0.748,0.485,8,0.426,0.0,0.259,51.6,1
freelancer,31959.43,35,0.696,0.47,1,0.683,0.0,0.264,49.9,0
kirana_merchant,48562.69,56,0.939,0.709,1,0.921,0.361,0.119,39.5,0
gig_worker,25640.49,42,0.731,0.703,6,0.403,0.0,0.045,69.9,0
kirana_merchant,39225.96,47,0.832,0.7,3,0.797,0.128,0.31,29.5,0
freelancer,37870.61,45,1.006,0.297,1,0.707,0.0,0.327,22.7,0
freelancer,14140.03,40,0.996,0.594,0,0.344,0.0,0.199,37.8,0
gig_worker,56189.87,48,1.028,0.723,8,0.787,0.0,0.305,43.7,1
gig_worker,13224.8,44,0.681,0.55,14,0.249,0.0,0.198,45.7,0
kirana_merchant,42560.56,58,0.893,0.723,2,0.615,0.252,0.106,51.0,1
gig_worker,12600.14,52,1.057,0.784,1,0.295,0.0,0.237,76.5,0
freelancer,36337.97,51,0.621,0.239,7,0.749,0.0,0.207,22.3,0
gig_worker,68251.69,55,0.997,0.345,5,0.443,0.0,0.319,66.8,0
gig_worker,24185.55,54,0.723,0.581,0,0.845,0.0,0.331,63.3,0
kirana_merchant,23666.65,38,0.935,0.332,0,0.592,0.709,0.165,22.9,0
gig_worker,36505.57,36,0.959,0.853,3,0.264,0.0,0.077,68.1,0
kirana_merchant,22817.93,48,1.063,0.255,0,0.678,0.284,0.28,38.7,0
kirana_merchant,66778.69,39,0.854,0.386,21,0.21,0.516,0.097,61.1,0
gig_worker,29616.77,43,1.024,0.895,6,0.435,0.0,0.212,54.6,0
gig_worker,22923.44,53,0.623,0.251,1,0.415,0.0,0.241,99.0,0
kirana_merchant,20534.41,44,0.81,0.459,8,0.984,0.942,0.3,25.7,0
gig_worker,16873.94,34,0.82,0.351,11,0.395,0.0,0.088,79.0,0
kirana_merchant,19655.7,37,0.869,0.748,1,0.741,0.442,0.296,44.8,0
kirana_merchant,22576.47,51,0.841,0.343,2,0.406,0.676,0.189,84.6,1
kirana_merchant,21082.12,53,1.084,0.229,0,0.264,0.753,0.195,56.5,0
freelancer,19358.99,38,0.639,0.847,9,0.25,0.0,0.329,46.0,1
freelancer,76835.39,54,0.733,0.354,2,0.941,0.0,0.146,54.8,0
freelancer,16073.91,41,1.084,0.693,2,0.277,0.0,0.03,33.7,1
gig_worker,28949.73,42,0.823,0.332,9,0.865,0.0,0.108,64.8,0
gig_worker,36179.95,42,0.886,0.243,1,0.635,0.0,0.273,79.6,0
gig_worker,36866.33,65,0.641,0.742,21,0.546,0.0,0.3,66.5,0
freelancer,26126.27,46,0.742,0.144,0,0.998,0.0,0.186,34.1,0
freelancer,23852.6,49,0.62,0.366,0,0.913,0.0,0.174,50.2,0
freelancer,33717.55,33,0.669,0.724,3,0.391,0.0,0.137,15.3,0
gig_worker,30738.18,37,0.917,0.51,7,0.679,0.0,0.294,72.9,0
freelancer,23635.87,46,0.982,0.652,1,0.326,0.0,0.157,33.5,1
kirana_merchant,12321.0,57,1.035,0.153,0,0.678,0.778,0.102,39.1,1
gig_worker,21290.97,51,0.726,0.7,2,0.301,0.0,0.259,79.2,0
kirana_merchant,15164.69,44,0.766,0.238,2,0.702,0.573,0.191,19.8,0
gig_worker,19272.23,41,0.885,0.747,2,0.978,0.0,0.046,60.1,0
kirana_merchant,27353.82,36,0.642,0.551,2,0.665,0.065,0.244,36.6,0
gig_worker,32188.61,39,1.003,0.691,2,0.301,0.0,0.156,53.4,1
kirana_merchant,65527.58,40,0.842,0.27,4,0.84,0.17,0.302,62.6,0
kirana_merchant,20563.99,45,1.083,0.416,4,0.466,0.454,0.331,33.6,0
freelancer,39628.86,56,0.659,0.742,0,0.275,0.0,0.339,65.9,0
kirana_merchant,31350.33,37,0.667,0.829,0,0.725,0.331,0.346,36.2,0
kirana_merchant,51431.13,44,0.774,0.281,1,0.864,0.876,0.303,31.2,0
freelancer,35886.42,51,0.703,0.735,1,0.586,0.0,0.141,48.1,0
freelancer,16248.56,37,0.948,0.187,4,0.945,0.0,0.105,22.4,1
gig_worker,11367.08,40,1.073,0.441,12,0.746,0.0,0.087,31.5,0
kirana_merchant,31433.54,52,0.645,0.851,4,0.7,0.371,0.264,52.2,1
gig_worker,20656.28,44,0.721,0.856,11,0.483,0.0,0.231,96.3,1
gig_worker,16479.02,34,0.719,0.337,1,0.45,0.0,0.21,49.1,0
kirana_merchant,14274.23,46,0.855,0.254,19,0.426,0.069,0.156,50.7,0
freelancer,29158.09,44,0.826,0.22,1,0.967,0.0,0.274,52.5,1
gig_worker,57173.96,45,0.963,0.485,1,0.72,0.0,0.154,73.9,0
freelancer,21931.16,48,0.966,0.174,1,0.675,0.0,0.168,55.4,0
freelancer,36139.26,40,0.886,0.385,3,0.456,0.0,0.131,33.4,1
freelancer,25562.12,52,0.896,0.114,3,0.483,0.0,0.175,23.6,1
gig_worker,14119.46,48,1.021,0.308,5,0.423,0.0,0.061,59.5,0
freelancer,38847.76,65,0.798,0.82,1,0.325,0.0,0.323,43.2,1
gig_worker,15563.04,44,0.606,0.458,0,0.936,0.0,0.268,69.0,0
kirana_merchant,27195.68,51,0.707,0.159,0,0.666,0.086,0.206,37.9,0
gig_worker,22680.02,44,0.618,0.617,2,0.787,0.0,0.306,83.4,0
gig_worker,42046.81,41,0.797,0.865,4,0.58,0.0,0.067,89.6,0
kirana_merchant,15850.0,47,0.779,0.471,2,0.246,0.048,0.064,39.6,0
kirana_merchant,32709.96,54,0.649,0.599,2,0.576,0.707,0.275,26.4,1
gig_worker,17678.44,55,0.978,0.836,15,0.234,0.0,0.145,88.1,1
gig_worker,20836.21,42,0.877,0.435,0,0.957,0.0,0.277,98.3,0
kirana_merchant,4369.48,51,0.713,0.632,9,0.474,0.486,0.283,24.5,1
gig_worker,76576.79,55,0.98,0.453,5,0.323,0.0,0.322,64.1,1
freelancer,35428.73,42,0.934,0.87,0,0.382,0.0,0.125,64.8,1
gig_worker,18330.59,44,0.696,0.503,0,0.929,0.0,0.037,68.6,0
gig_worker,15331.61,41,1.091,0.809,4,0.366,0.0,0.18,99.0,0
gig_worker,20997.86,39,0.689,0.506,5,0.306,0.0,0.047,69.9,0
kirana_merchant,38501.01,43,0.986,0.635,3,0.694,0.837,0.19,50.2,0
gig_worker,10445.82,53,1.084,0.409,4,0.275,0.0,0.307,54.0,0
gig_worker,25064.5,47,0.963,0.834,4,0.578,0.0,0.197,42.7,0
freelancer,65206.92,48,0.933,0.618,19,0.743,0.0,0.082,32.3,1
kirana_merchant,15260.56,50,1.052,0.116,2,0.312,0.257,0.095,47.6,1
gig_worker,28006.52,42,0.735,0.113,0,0.823,0.0,0.307,81.1,0
kirana_merchant,80955.5,42,0.739,0.641,5,0.543,0.469,0.299,67.5,0
freelancer,36904.02,39,0.921,0.191,8,0.769,0.0,0.173,30.9,0
gig_worker,28651.52,38,1.041,0.673,13,0.403,0.0,0.272,76.8,1
gig_worker,34659.19,50,0.909,0.358,3,0.549,0.0,0.025,71.2,0
kirana_merchant,22016.94,43,1.089,0.531,4,0.581,0.295,0.306,30.3,1
kirana_merchant,51524.65,61,0.711,0.24,8,0.437,0.223,0.085,47.2,0
kirana_merchant,22033.85,36,1.013,0.297,2,0.833,0.76,0.098,73.2,0
gig_worker,10101.2,39,1.064,0.45,1,0.342,0.0,0.199,84.8,0
gig_worker,22122.46,56,0.814,0.632,2,0.731,0.0,0.173,78.6,1
kirana_merchant,16591.28,39,1.081,0.225,0,0.946,0.447,0.067,33.5,0
gig_worker,23374.55,62,0.701,0.325,1,0.87,0.0,0.251,65.3,0
kirana_merchant,23634.39,37,1.076,0.266,15,0.811,0.537,0.21,47.2,0
kirana_merchant,48957.68,54,1.051,0.79,1,0.314,0.821,0.319,53.0,1
gig_worker,38087.69,40,0.633,0.618,0,0.807,0.0,0.338,70.1,0
freelancer,30688.18,39,0.861,0.475,2,0.5,0.0,0.149,36.0,0
freelancer,26863.59,57,0.864,0.858,4,0.283,0.0,0.146,19.3,1
kirana_merchant,15844.39,54,0.628,0.689,2,0.758,0.802,0.302,39.1,0
gig_worker,9039.98,41,0.62,0.846,12,0.253,0.0,0.059,75.1,1
gig_worker,28469.25,44,0.603,0.578,3,0.505,0.0,0.032,75.1,0
kirana_merchant,40027.44,44,0.862,0.21,2,0.888,0.161,0.026,65.1,0
gig_worker,25484.69,48,0.832,0.64,3,0.749,0.0,0.335,59.8,0
freelancer,20590.25,39,1.07,0.261,1,0.614,0.0,0.165,32.3,0
gig_worker,33936.66,34,0.771,0.377,9,0.906,0.0,0.232,97.6,0
kirana_merchant,25805.27,49,0.929,0.508,11,0.8,0.997,0.065,24.6,0
gig_worker,62496.89,38,0.604,0.226,4,0.576,0.0,0.034,69.2,0
kirana_merchant,49829.59,40,0.932,0.117,6,0.798,0.509,0.312,70.1,0
gig_worker,43466.86,41,1.057,0.362,0,0.907,0.0,0.264,96.1,0
kirana_merchant,39295.57,47,0.777,0.759,1,0.315,0.768,0.269,43.7,0
gig_worker,14113.91,38,0.757,0.112,4,0.36,0.0,0.174,59.6,0
freelancer,37477.53,43,0.913,0.188,1,0.781,0.0,0.226,32.3,0
gig_worker,32472.96,50,0.764,0.745,2,0.336,0.0,0.225,72.7,1
freelancer,36432.35,37,0.801,0.345,1,0.333,0.0,0.346,35.8,0
freelancer,34416.96,44,0.737,0.851,7,0.725,0.0,0.175,57.9,0
gig_worker,33738.04,51,0.772,0.404,7,0.628,0.0,0.15,63.2,0
kirana_merchant,103822.01,59,0.94,0.737,3,0.805,0.38,0.254,51.9,0
gig_worker,25897.64,45,1.061,0.307,3,0.455,0.0,0.247,72.1,0
freelancer,42966.19,37,0.892,0.149,13,0.687,0.0,0.218,38.3,0
kirana_merchant,21258.35,52,0.605,0.805,2,0.917,0.974,0.149,48.1,0
gig_worker,39947.48,62,0.732,0.842,0,0.923,0.0,0.167,64.6,0
gig_worker,43030.31,46,1.076,0.666,3,0.723,0.0,0.102,86.1,0
gig_worker,32280.32,46,1.055,0.716,0,0.219,0.0,0.097,80.3,1
freelancer,61983.5,45,0.658,0.106,11,0.623,0.0,0.304,44.8,0
gig_worker,17289.63,33,1.054,0.703,2,0.254,0.0,0.092,61.1,1
kirana_merchant,21086.53,49,1.082,0.478,6,0.992,0.933,0.299,70.4,0
kirana_merchant,29917.24,43,0.762,0.462,0,0.998,0.295,0.079,47.7,0
freelancer,41789.63,44,0.951,0.532,5,0.293,0.0,0.199,30.5,0
gig_worker,29428.38,48,0.88,0.317,2,0.565,0.0,0.177,59.5,0
kirana_merchant,51168.51,42,0.769,0.657,9,0.889,0.875,0.272,34.1,0
kirana_merchant,19325.0,46,0.677,0.336,3,0.293,0.102,0.313,41.5,0
kirana_merchant,15210.04,54,0.783,0.547,7,0.642,0.594,0.104,5.0,1
gig_worker,31384.34,41,1.064,0.21,1,0.36,0.0,0.17,95.4,0
gig_worker,25884.77,52,1.006,0.64,4,0.589,0.0,0.08,81.7,0
gig_worker,35292.72,47,0.765,0.252,8,0.362,0.0,0.133,89.3,0
kirana_merchant,26537.1,40,0.874,0.236,3,0.624,0.728,0.102,42.1,0
gig_worker,22697.05,52,0.803,0.119,1,0.529,0.0,0.339,87.5,0
kirana_merchant,25913.81,38,0.833,0.197,3,0.515,0.976,0.164,55.5,0
gig_worker,27294.06,43,0.981,0.286,5,0.328,0.0,0.109,76.9,0
freelancer,23098.19,47,0.872,0.278,7,0.728,0.0,0.054,31.5,0
freelancer,24304.92,52,0.691,0.362,5,0.256,0.0,0.135,43.8,1
kirana_merchant,21986.93,46,0.735,0.144,1,0.947,0.747,0.317,54.5,0
gig_worker,41288.22,41,0.884,0.848,1,0.247,0.0,0.254,82.3,1
gig_worker,29643.87,33,0.946,0.195,1,0.529,0.0,0.066,70.2,0
gig_worker,83147.9,34,0.854,0.662,0,0.429,0.0,0.024,65.9,1
gig_worker,29154.14,49,0.91,0.528,7,0.641,0.0,0.22,73.7,0
kirana_merchant,20426.15,54,0.995,0.542,0,0.22,0.016,0.336,49.2,0
kirana_merchant,102266.53,55,0.873,0.184,11,0.551,0.668,0.114,59.0,0
freelancer,33084.27,35,1.089,0.295,1,0.803,0.0,0.145,20.7,0
gig_worker,44137.38,47,0.718,0.724,9,0.846,0.0,0.29,55.4,1
kirana_merchant,36172.39,46,1.06,0.471,1,0.947,0.299,0.144,40.9,0
kirana_merchant,36735.74,55,0.724,0.466,10,0.287,0.726,0.197,40.6,0
kirana_merchant,35165.72,51,0.866,0.537,8,0.643,0.115,0.031,41.0,1
gig_worker,15505.62,44,0.828,0.447,0,0.521,0.0,0.244,99.0,0
kirana_merchant,32330.44,38,0.786,0.745,3,0.718,0.321,0.026,69.8,0
kirana_merchant,13871.19,41,1.081,0.699,9,0.866,0.203,0.142,54.2,1
kirana_merchant,24657.06,40,0.736,0.354,0,0.68,0.146,0.048,34.5,0
freelancer,18717.07,39,0.937,0.75,0,0.383,0.0,0.036,46.3,0
gig_worker,32168.25,47,1.002,0.515,1,0.457,0.0,0.021,67.0,0
gig_worker,31794.96,41,0.699,0.602,0,0.914,0.0,0.027,75.3,0
kirana_merchant,34220.25,44,1.087,0.793,3,0.737,0.907,0.214,44.2,0
kirana_merchant,31059.14,46,0.873,0.481,10,0.677,0.546,0.026,33.2,0
gig_worker,19862.47,41,1.057,0.705,4,0.311,0.0,0.045,46.3,0
kirana_merchant,23611.71,47,0.932,0.602,7,0.473,0.811,0.156,18.1,1
freelancer,42625.08,54,0.925,0.441,0,0.458,0.0,0.154,45.8,0
freelancer,45886.6,40,0.773,0.731,4,0.221,0.0,0.107,38.2,0
gig_worker,15162.92,47,0.985,0.184,2,0.944,0.0,0.239,85.8,0
freelancer,12513.16,43,0.615,0.565,0,0.465,0.0,0.042,45.0,0
kirana_merchant,18705.17,35,0.878,0.137,1,0.282,0.111,0.115,75.9,0
kirana_merchant,45369.88,44,0.616,0.225,2,0.595,0.306,0.249,47.2,0
kirana_merchant,49386.98,44,0.753,0.579,2,0.559,0.778,0.055,42.2,0
freelancer,16943.58,45,0.648,0.346,2,0.88,0.0,0.255,20.6,0
kirana_merchant,31371.49,57,1.056,0.31,2,0.84,0.845,0.025,47.0,0
gig_worker,67320.2,41,0.914,0.865,6,0.825,0.0,0.252,78.5,0
kirana_merchant,33112.16,40,0.934,0.393,3,0.946,0.625,0.28,40.3,0
kirana_merchant,54761.99,49,1.026,0.552,6,0.5,0.497,0.25,50.5,0
gig_worker,44327.62,39,0.967,0.527,1,0.672,0.0,0.27,73.7,0
freelancer,17066.98,49,0.662,0.15,4,0.736,0.0,0.293,57.5,0
kirana_merchant,24465.26,59,0.909,0.639,3,0.578,0.119,0.175,44.5,0
kirana_merchant,27374.77,55,1.089,0.51,1,0.395,0.994,0.141,44.4,1
gig_worker,28341.05,41,0.707,0.405,1,0.919,0.0,0.239,78.2,0
kirana_merchant,42538.49,45,0.91,0.153,6,0.921,0.857,0.212,72.2,0
gig_worker,33002.62,46,0.882,0.334,25,0.814,0.0,0.254,72.5,0
gig_worker,6197.49,45,0.796,0.807,2,0.477,0.0,0.289,64.8,1
kirana_merchant,13954.81,40,1.077,0.239,1,0.202,0.597,0.032,48.6,0
kirana_merchant,9011.98,40,0.778,0.275,11,0.593,0.854,0.217,40.1,1
kirana_merchant,29368.64,37,0.647,0.264,17,0.62,0.437,0.213,23.8,0
gig_worker,30340.65,43,1.081,0.813,1,0.59,0.0,0.267,82.3,0
kirana_merchant,30995.97,52,0.965,0.66,8,0.277,0.383,0.317,18.2,1
gig_worker,16656.17,43,0.771,0.805,1,0.83,0.0,0.096,58.7,0
freelancer,37687.06,42,0.74,0.831,0,0.626,0.0,0.316,29.0,1
kirana_merchant,38489.13,45,1.064,0.842,4,0.377,0.666,0.269,59.1,0
kirana_merchant,14363.21,47,0.737,0.489,3,0.965,0.26,0.101,51.9,0
gig_worker,12925.8,37,0.869,0.481,6,0.442,0.0,0.238,92.7,0
gig_worker,26901.41,39,0.707,0.763,5,0.506,0.0,0.242,78.8,0
freelancer,65899.83,40,1.098,0.366,2,0.521,0.0,0.128,32.9,1
gig_worker,62935.86,39,0.985,0.118,0,0.521,0.0,0.145,49.4,0
kirana_merchant,35657.05,55,0.884,0.365,9,0.714,0.665,0.049,38.9,0
kirana_merchant,18676.13,50,0.973,0.673,6,0.427,0.115,0.194,54.4,0
gig_worker,41915.93,51,1.058,0.199,11,0.923,0.0,0.343,55.1,0
freelancer,21456.61,47,1.082,0.728,0,0.658,0.0,0.039,43.4,0
kirana_merchant,18329.12,46,0.993,0.752,1,0.904,0.816,0.221,46.6,0
gig_worker,9209.74,56,1.025,0.181,1,0.934,0.0,0.027,70.2,0
gig_worker,28316.25,46,0.799,0.178,6,0.815,0.0,0.035,69.8,0
gig_worker,19634.95,51,0.796,0.259,14,0.395,0.0,0.213,64.8,1
freelancer,28232.11,49,1.004,0.385,3,0.464,0.0,0.251,16.3,1
kirana_merchant,8521.27,35,0.98,0.526,0,0.383,0.613,0.222,5.0,0
gig_worker,29287.42,36,1.05,0.488,0,0.565,0.0,0.186,87.8,0
gig_worker,7977.97,46,0.667,0.783,1,0.609,0.0,0.274,75.3,0
kirana_merchant,46349.7,36,0.945,0.214,4,0.471,0.191,0.076,52.7,0
kirana_merchant,34924.56,47,0.924,0.658,8,0.898,0.784,0.326,50.7,0
kirana_merchant,23404.13,43,0.999,0.539,14,0.516,0.09,0.256,49.8,0
gig_worker,35644.85,44,0.612,0.689,20,0.763,0.0,0.277,99.0,1
gig_worker,16497.48,41,1.013,0.374,4,0.867,0.0,0.035,77.1,0
kirana_merchant,27894.58,48,0.763,0.477,1,0.329,0.472,0.209,61.6,0
freelancer,40030.1,59,0.944,0.123,6,0.772,0.0,0.188,24.5,0
gig_worker,5726.47,42,0.908,0.193,3,0.328,0.0,0.301,78.0,0
kirana_merchant,21512.47,36,0.82,0.4,4,0.811,0.163,0.281,77.3,0
kirana_merchant,26600.3,49,0.973,0.485,5,0.654,0.62,0.127,51.4,0
kirana_merchant,24388.16,51,1.081,0.169,2,0.611,0.055,0.067,39.0,0
gig_worker,55745.44,43,0.762,0.76,6,0.624,0.0,0.109,71.9,1
freelancer,15337.4,50,0.974,0.857,1,0.521,0.0,0.316,9.0,1
kirana_merchant,19720.63,44,0.757,0.577,1,0.24,0.458,0.147,30.1,0
kirana_merchant,10322.34,56,1.023,0.143,4,0.642,0.425,0.327,53.0,0
gig_worker,57247.73,44,0.819,0.691,0,0.218,0.0,0.148,80.8,0
gig_worker,23786.06,52,0.825,0.274,2,0.93,0.0,0.346,78.3,0
gig_worker,21607.5,50,0.986,0.687,0,0.399,0.0,0.116,62.3,1
kirana_merchant,26206.39,45,0.848,0.447,6,0.719,0.871,0.158,47.8,1
gig_worker,36979.46,44,0.733,0.143,3,0.648,0.0,0.124,91.9,0
kirana_merchant,32006.1,55,1.098,0.323,0,0.693,0.55,0.347,18.2,0
gig_worker,101107.75,31,0.91,0.442,0,0.459,0.0,0.161,68.4,1
kirana_merchant,33757.84,49,0.923,0.689,6,0.56,0.761,0.287,37.8,0
kirana_merchant,21319.5,36,0.923,0.206,0,0.799,0.337,0.072,48.8,0
gig_worker,20319.2,50,1.042,0.33,5,0.513,0.0,0.052,57.3,0
gig_worker,22106.36,59,0.692,0.167,1,0.428,0.0,0.316,59.7,1
gig_worker,12696.5,42,0.63,0.593,1,0.225,0.0,0.151,80.1,0
kirana_merchant,27444.8,42,0.793,0.479,1,0.581,0.7,0.257,37.1,0
kirana_merchant,39804.45,55,0.882,0.843,0,0.756,0.321,0.159,55.7,0
gig_worker,19797.64,51,0.743,0.692,8,0.431,0.0,0.288,77.4,0
kirana_merchant,17967.32,42,0.945,0.722,0,0.893,0.843,0.222,58.0,0
gig_worker,57409.93,43,0.637,0.232,12,0.293,0.0,0.259,57.9,0
gig_worker,13183.99,57,0.995,0.313,0,0.499,0.0,0.272,91.3,0
gig_worker,9567.15,52,0.959,0.511,3,0.792,0.0,0.077,76.8,0
freelancer,15116.6,42,0.707,0.111,16,0.976,0.0,0.137,50.7,0
gig_worker,12453.83,48,0.749,0.796,11,0.502,0.0,0.124,52.5,0
gig_worker,32634.1,48,1.004,0.722,1,0.793,0.0,0.223,70.0,1
gig_worker,22463.52,40,0.987,0.146,3,0.754,0.0,0.037,72.6,0
gig_worker,24104.56,43,1.007,0.779,12,0.949,0.0,0.073,78.6,1
kirana_merchant,47880.67,36,0.761,0.104,5,0.601,0.684,0.021,64.1,0
gig_worker,19040.67,47,1.085,0.191,2,0.672,0.0,0.148,67.4,0
gig_worker,39638.05,29,0.958,0.144,1,0.33,0.0,0.165,52.2,1
kirana_merchant,57277.4,40,0.633,0.483,3,0.413,0.172,0.079,12.3,1
gig_worker,21421.89,46,0.839,0.727,5,0.706,0.0,0.077,67.7,0
kirana_merchant,38890.74,41,0.932,0.243,2,0.648,0.59,0.161,55.0,1
kirana_merchant,23839.31,45,0.684,0.717,4,0.557,0.195,0.102,51.9,1
gig_worker,42704.05,37,1.051,0.248,1,0.76,0.0,0.044,71.7,0
kirana_merchant,12261.94,45,0.977,0.892,0,0.396,0.828,0.324,55.5,0
gig_worker,11816.4,46,0.641,0.783,1,0.759,0.0,0.306,97.5,0
kirana_merchant,22122.85,35,1.057,0.69,1,0.35,0.451,0.037,73.0,0
kirana_merchant,17249.49,58,0.802,0.573,5,0.596,0.206,0.088,64.4,0
gig_worker,20777.91,49,0.826,0.294,0,0.291,0.0,0.253,82.3,0
kirana_merchant,24106.5,41,0.992,0.195,21,0.614,0.377,0.042,33.9,1
freelancer,38561.39,44,0.922,0.468,2,0.857,0.0,0.323,65.8,0
freelancer,21942.26,44,0.819,0.422,4,0.587,0.0,0.025,54.4,0
kirana_merchant,17819.87,47,0.73,0.64,5,0.462,0.885,0.197,47.4,0
kirana_merchant,22566.99,34,0.858,0.236,0,0.31,0.544,0.153,26.9,0
gig_worker,18314.12,51,0.89,0.55,0,0.487,0.0,0.177,82.3,0
gig_worker,16865.03,38,0.915,0.655,9,0.885,0.0,0.259,85.2,0
kirana_merchant,12009.96,46,0.903,0.339,20,0.513,0.991,0.029,45.0,1
gig_worker,27854.2,47,0.909,0.724,1,0.348,0.0,0.225,51.4,0
freelancer,20244.68,37,0.838,0.445,0,0.911,0.0,0.296,29.3,1
gig_worker,43614.26,50,0.881,0.23,3,0.942,0.0,0.253,78.0,0
gig_worker,13046.85,53,0.744,0.256,0,0.963,0.0,0.141,89.2,0
gig_worker,20515.96,30,0.679,0.323,0,0.615,0.0,0.081,72.6,0
freelancer,66599.58,41,0.903,0.227,9,0.65,0.0,0.256,25.0,0
kirana_merchant,16817.84,52,0.623,0.55,6,0.443,0.946,0.14,9.2,0
kirana_merchant,23902.38,40,0.633,0.859,16,0.469,0.796,0.284,75.4,0
gig_worker,14648.28,38,0.724,0.817,2,0.612,0.0,0.029,72.4,0
freelancer,13708.7,45,0.697,0.359,0,0.329,0.0,0.024,25.1,0
gig_worker,58317.38,45,0.787,0.792,9,0.97,0.0,0.182,46.3,1
freelancer,29305.19,42,0.786,0.863,1,0.748,0.0,0.059,28.7,0
kirana_merchant,28762.84,46,0.658,0.335,8,0.237,0.747,0.292,68.7,1
gig_worker,11520.02,38,0.723,0.824,1,0.407,0.0,0.048,54.7,1
kirana_merchant,32188.7,37,0.602,0.898,0,0.44,0.484,0.333,58.4,0
kirana_merchant,47988.23,44,0.775,0.738,7,0.208,0.656,0.113,29.3,0
gig_worker,47797.97,43,0.998,0.412,1,0.987,0.0,0.309,72.7,0
freelancer,37577.72,46,0.733,0.587,4,0.424,0.0,0.111,49.7,1
kirana_merchant,15294.63,45,0.922,0.391,6,0.241,0.052,0.155,23.4,0
gig_worker,31462.82,43,0.649,0.897,3,0.901,0.0,0.089,84.3,0
gig_worker,37563.66,41,0.606,0.154,1,0.288,0.0,0.036,76.4,0
kirana_merchant,10968.45,53,0.849,0.814,1,0.565,0.682,0.217,49.1,0
kirana_merchant,15357.51,53,0.831,0.16,2,0.492,0.657,0.286,43.3,0
kirana_merchant,41943.5,37,0.696,0.134,1,0.262,0.623,0.261,54.0,0
kirana_merchant,41690.26,35,0.743,0.852,2,0.226,0.257,0.34,41.5,1
kirana_merchant,12403.18,52,0.615,0.794,5,0.415,0.669,0.32,19.6,1
freelancer,40035.06,40,0.999,0.389,9,0.488,0.0,0.066,34.6,1
kirana_merchant,28216.2,35,0.751,0.866,0,0.797,0.536,0.227,74.6,0
freelancer,39755.54,41,0.71,0.789,5,0.779,0.0,0.177,33.5,0
gig_worker,19589.31,45,1.002,0.822,9,0.571,0.0,0.082,70.4,0
gig_worker,37145.27,41,0.62,0.576,11,0.368,0.0,0.268,55.3,1
gig_worker,41024.08,61,0.742,0.867,3,0.874,0.0,0.18,99.0,0
kirana_merchant,22569.0,45,0.731,0.748,0,0.719,0.73,0.251,15.7,0
freelancer,27143.05,43,0.731,0.852,0,0.479,0.0,0.04,34.6,1
gig_worker,19452.66,48,0.606,0.325,0,0.897,0.0,0.057,64.7,0
gig_worker,61440.19,46,1.067,0.526,4,0.854,0.0,0.166,65.6,0
freelancer,25333.02,39,1.032,0.794,2,0.2,0.0,0.026,22.7,1
gig_worker,16966.36,43,0.807,0.564,1,0.895,0.0,0.083,72.2,0
kirana_merchant,18808.93,42,0.823,0.741,0,0.624,0.88,0.296,31.5,0
kirana_merchant,28663.66,37,0.862,0.878,1,0.94,0.964,0.175,26.8,0
freelancer,39209.16,46,0.839,0.744,10,0.817,0.0,0.256,5.0,1
gig_worker,13795.35,59,0.99,0.352,6,0.317,0.0,0.074,56.5,0
gig_worker,67766.96,46,0.844,0.195,1,0.473,0.0,0.146,75.9,0
kirana_merchant,31392.92,43,0.694,0.318,11,0.449,0.244,0.29,66.6,1
freelancer,33969.83,40,0.658,0.63,4,0.762,0.0,0.034,22.9,0
kirana_merchant,25627.09,42,1.059,0.109,3,0.631,0.779,0.124,53.9,0
gig_worker,27163.5,36,0.624,0.252,15,0.416,0.0,0.189,69.3,0
kirana_merchant,24980.69,48,1.049,0.362,4,0.809,0.363,0.225,35.1,0
freelancer,44752.29,38,0.945,0.8,17,0.723,0.0,0.068,30.4,1
freelancer,26796.75,40,0.802,0.141,1,0.835,0.0,0.325,21.3,0
freelancer,39479.04,55,0.694,0.14,2,0.798,0.0,0.263,23.3,0
gig_worker,21656.83,44,0.755,0.541,0,0.691,0.0,0.041,64.3,0
gig_worker,29667.88,40,0.865,0.242,1,0.333,0.0,0.167,71.9,0
kirana_merchant,17998.43,41,0.928,0.294,6,0.356,0.379,0.314,25.4,1
freelancer,49427.59,35,0.946,0.247,4,0.83,0.0,0.317,37.9,0
gig_worker,17732.0,40,0.824,0.565,2,0.885,0.0,0.31,62.8,0
gig_worker,22868.38,39,0.787,0.144,2,0.602,0.0,0.059,77.8,0
kirana_merchant,22983.22,45,0.984,0.852,1,0.99,0.672,0.185,59.3,0
gig_worker,22539.49,33,1.063,0.199,7,0.436,0.0,0.17,75.1,1
gig_worker,38609.28,51,1.057,0.861,0,0.785,0.0,0.159,38.8,0
kirana_merchant,22963.73,68,0.876,0.723,2,0.736,0.326,0.145,35.2,0
kirana_merchant,54012.04,52,0.64,0.762,3,0.797,0.781,0.303,34.4,0
kirana_merchant,17867.92,45,0.637,0.238,1,0.533,0.299,0.281,43.2,0
gig_worker,29280.84,41,0.801,0.636,4,0.395,0.0,0.082,64.5,1
kirana_merchant,18253.41,48,0.966,0.754,12,0.524,0.386,0.278,41.6,0
kirana_merchant,33206.02,47,0.849,0.546,5,0.352,0.013,0.244,43.6,0
kirana_merchant,26689.49,42,0.914,0.541,4,0.289,0.465,0.035,57.0,0
kirana_merchant,24896.16,39,1.022,0.228,0,0.747,0.956,0.055,36.7,0
gig_worker,48739.13,34,0.62,0.431,0,0.989,0.0,0.333,40.3,0
gig_worker,19396.13,39,1.062,0.22,4,0.734,0.0,0.195,81.5,0
gig_worker,36071.47,37,0.765,0.878,1,0.308,0.0,0.349,72.6,1
gig_worker,18315.81,43,0.623,0.648,4,0.617,0.0,0.339,61.3,0
kirana_merchant,28462.5,55,1.018,0.139,2,0.683,0.226,0.274,28.5,0
freelancer,14797.48,47,1.067,0.481,2,0.789,0.0,0.126,37.6,0
kirana_merchant,19317.01,59,0.984,0.61,5,0.82,0.934,0.084,36.8,0
kirana_merchant,25820.61,42,1.002,0.177,2,0.358,0.966,0.024,74.0,0
gig_worker,66657.62,47,1.036,0.632,10,0.462,0.0,0.071,84.4,0
kirana_merchant,28293.91,48,0.861,0.242,0,0.635,0.296,0.31,47.4,0
gig_worker,61533.32,43,0.94,0.426,1,0.204,0.0,0.255,86.1,0
gig_worker,30036.29,57,0.743,0.6,0,0.359,0.0,0.3,74.2,0
gig_worker,22169.17,47,0.725,0.392,8,0.966,0.0,0.297,64.3,0
kirana_merchant,58085.9,43,0.904,0.405,11,0.486,0.891,0.342,27.2,0
freelancer,33473.48,52,0.967,0.775,0,0.796,0.0,0.251,52.0,0
gig_worker,19509.16,43,0.799,0.347,0,0.578,0.0,0.205,62.5,0
gig_worker,34039.8,43,0.8,0.624,2,0.999,0.0,0.215,87.4,0
kirana_merchant,23241.68,47,1.077,0.779,5,0.921,0.119,0.245,55.1,1
gig_worker,9951.54,43,0.859,0.222,3,0.429,0.0,0.171,75.7,0
freelancer,42958.36,37,1.093,0.137,6,0.842,0.0,0.245,42.9,0
kirana_merchant,46512.07,46,1.031,0.76,4,0.642,0.904,0.216,37.3,1
freelancer,67438.48,50,0.92,0.541,0,0.444,0.0,0.073,35.6,0
kirana_merchant,33225.46,57,0.605,0.762,6,0.612,0.516,0.057,39.7,1
kirana_merchant,23757.14,37,0.748,0.27,2,0.467,0.173,0.092,44.1,1
kirana_merchant,40843.16,46,0.809,0.766,1,0.345,0.214,0.276,28.0,1
kirana_merchant,41147.16,42,0.926,0.176,5,0.574,0.8,0.105,51.4,0
kirana_merchant,61031.21,42,0.798,0.807,1,0.54,0.683,0.304,62.5,0
gig_worker,26309.52,45,1.014,0.758,3,0.452,0.0,0.115,74.1,1
kirana_merchant,24765.59,51,0.931,0.554,4,0.695,0.795,0.224,68.2,0
kirana_merchant,18811.58,54,0.774,0.587,0,0.303,0.054,0.306,62.7,0
freelancer,35197.52,38,0.992,0.377,2,0.979,0.0,0.3,58.7,1
kirana_merchant,12405.18,41,0.752,0.261,5,0.37,0.089,0.296,38.1,0
kirana_merchant,39657.83,37,0.631,0.464,1,0.69,0.703,0.291,25.6,0
gig_worker,36095.29,34,0.686,0.626,5,0.521,0.0,0.247,87.3,1
kirana_merchant,36045.42,44,0.601,0.899,10,0.208,0.862,0.257,60.8,1
kirana_merchant,28828.29,45,1.016,0.754,6,0.37,0.969,0.335,48.4,0
freelancer,57900.95,50,0.914,0.447,4,0.641,0.0,0.278,15.6,1
freelancer,41605.88,42,0.885,0.695,13,0.479,0.0,0.067,39.2,1
gig_worker,19859.97,44,0.931,0.186,1,0.869,0.0,0.097,67.3,0
freelancer,20038.5,41,0.927,0.432,2,0.738,0.0,0.131,49.7,0
gig_worker,17329.46,39,0.883,0.44,2,0.325,0.0,0.049,82.6,0
gig_worker,35441.6,43,1.021,0.899,0,0.948,0.0,0.311,66.7,0
kirana_merchant,16316.47,46,0.82,0.413,0,0.393,0.899,0.158,31.7,0
gig_worker,46244.42,47,1.002,0.167,6,0.249,0.0,0.162,59.3,0
kirana_merchant,52129.52,52,0.993,0.154,0,0.589,0.01,0.155,35.8,1
gig_worker,17335.16,41,0.7,0.659,2,0.55,0.0,0.176,73.2,0
gig_worker,24519.54,51,0.827,0.331,5,0.593,0.0,0.085,69.0,0
kirana_merchant,27127.7,50,1.017,0.795,8,0.258,0.36,0.261,16.8,1
kirana_merchant,41856.05,35,1.015,0.486,4,0.437,0.569,0.311,66.3,0
freelancer,60154.51,45,0.612,0.364,2,0.937,0.0,0.258,15.0,0
kirana_merchant,11582.54,39,0.712,0.707,5,0.837,0.549,0.11,29.1,0
kirana_merchant,22946.25,50,0.812,0.434,0,0.318,0.144,0.029,38.4,0
gig_worker,23552.6,51,0.624,0.69,2,0.431,0.0,0.066,62.6,0
gig_worker,13355.25,41,0.73,0.671,2,0.798,0.0,0.243,67.9,1
gig_worker,21108.79,45,0.729,0.679,3,0.886,0.0,0.271,72.6,0
kirana_merchant,33319.05,39,0.707,0.786,2,0.312,0.901,0.182,42.2,0
kirana_merchant,23403.96,55,0.798,0.779,4,0.677,0.989,0.029,24.8,1
kirana_merchant,12427.78,55,1.007,0.632,2,0.551,0.109,0.18,36.0,1
kirana_merchant,113214.71,56,0.722,0.866,1,0.589,0.316,0.313,36.2,0
kirana_merchant,30732.9,37,0.891,0.117,0,0.834,0.736,0.06,24.0,0
gig_worker,28448.4,51,0.879,0.844,0,0.675,0.0,0.32,51.1,0
gig_worker,15537.89,41,1.009,0.219,4,0.646,0.0,0.334,63.8,0
freelancer,30648.93,43,0.797,0.269,3,0.504,0.0,0.239,30.1,0
kirana_merchant,24782.5,45,0.712,0.754,1,0.458,0.415,0.041,87.1,0
freelancer,10464.44,48,1.046,0.42,1,0.784,0.0,0.131,48.2,0
gig_worker,15754.36,40,1.016,0.44,0,0.932,0.0,0.305,84.2,0
freelancer,40033.14,48,0.911,0.309,12,0.22,0.0,0.257,30.2,1
gig_worker,71111.82,56,0.647,0.28,7,0.581,0.0,0.182,99.0,0
gig_worker,32324.56,37,0.608,0.185,4,0.654,0.0,0.073,77.7,0
freelancer,46701.97,44,0.691,0.257,2,0.427,0.0,0.18,43.4,0
gig_worker,24887.53,42,0.698,0.553,11,0.271,0.0,0.051,77.8,1
kirana_merchant,25763.83,44,0.668,0.665,10,0.335,0.619,0.223,58.5,0
gig_worker,46420.18,36,0.731,0.691,17,0.766,0.0,0.277,75.8,0
kirana_merchant,61783.32,53,0.769,0.396,7,0.375,0.472,0.227,48.0,0
freelancer,51562.42,54,0.977,0.838,3,0.518,0.0,0.025,50.8,0
gig_worker,15785.05,37,0.955,0.363,1,0.213,0.0,0.241,71.1,0
kirana_merchant,26017.39,45,0.652,0.189,1,0.336,0.055,0.18,9.2,1
gig_worker,30907.75,43,1.089,0.856,5,0.853,0.0,0.162,75.9,0
kirana_merchant,23627.37,46,0.976,0.533,0,0.621,0.28,0.113,11.0,0
gig_worker,32660.73,57,0.682,0.877,1,0.278,0.0,0.058,67.2,1
gig_worker,40549.89,40,0.662,0.415,6,0.266,0.0,0.205,77.0,0
gig_worker,44418.21,55,0.644,0.706,20,0.937,0.0,0.295,76.6,1
gig_worker,62500.83,51,0.966,0.188,3,0.497,0.0,0.345,63.5,0
freelancer,22817.42,51,0.718,0.783,2,0.813,0.0,0.229,10.4,0
gig_worker,13602.15,39,0.636,0.237,3,0.549,0.0,0.123,55.7,0
gig_worker,32180.54,49,0.811,0.155,0,0.299,0.0,0.157,40.8,0
kirana_merchant,69003.02,39,0.954,0.178,3,0.62,0.525,0.259,21.4,0
gig_worker,21194.82,54,0.752,0.546,2,0.279,0.0,0.177,60.1,1
kirana_merchant,37927.19,44,0.841,0.333,13,0.89,0.411,0.192,41.3,0
freelancer,38096.32,49,0.696,0.869,0,0.239,0.0,0.066,44.3,1
kirana_merchant,29605.67,33,0.815,0.782,5,0.76,0.548,0.197,37.3,0
freelancer,26996.5,42,0.779,0.743,2,0.982,0.0,0.341,40.3,0
kirana_merchant,16954.45,41,0.817,0.748,3,0.909,0.189,0.131,41.4,0
gig_worker,8597.0,54,0.833,0.813,3,0.925,0.0,0.075,99.0,0
kirana_merchant,15430.09,46,0.646,0.792,1,0.404,0.037,0.177,21.2,0
kirana_merchant,22133.51,48,0.647,0.843,13,0.574,0.445,0.191,77.3,1
kirana_merchant,46569.98,57,0.73,0.847,0,0.385,0.175,0.349,31.1,0
freelancer,25551.11,44,0.658,0.339,5,0.751,0.0,0.091,44.9,0
kirana_merchant,20753.85,46,0.726,0.276,1,0.724,0.423,0.199,32.2,0
freelancer,17231.72,56,0.612,0.614,0,0.437,0.0,0.143,26.3,0
kirana_merchant,37361.76,52,0.775,0.199,5,0.528,0.312,0.266,45.9,0
kirana_merchant,53060.0,36,0.707,0.269,10,0.504,0.259,0.307,26.6,0
kirana_merchant,45785.28,42,1.046,0.718,5,0.758,0.816,0.271,41.8,0
gig_worker,36427.34,33,1.029,0.619,10,0.215,0.0,0.083,74.9,0
freelancer,12864.07,43,0.75,0.621,18,0.94,0.0,0.235,5.0,0
kirana_merchant,22565.17,40,0.838,0.861,1,0.313,0.323,0.097,24.2,1
gig_worker,71228.77,38,1.078,0.634,1,0.452,0.0,0.345,60.7,0
gig_worker,47144.62,57,0.862,0.445,4,0.238,0.0,0.205,99.0,0
kirana_merchant,12472.09,35,1.024,0.324,6,0.551,0.293,0.162,29.8,0
gig_worker,26165.7,46,1.013,0.371,3,0.79,0.0,0.233,75.0,0
gig_worker,32258.9,50,1.071,0.322,8,0.828,0.0,0.218,86.4,0
kirana_merchant,18378.21,48,0.753,0.128,0,0.489,0.984,0.323,35.2,0
gig_worker,8479.43,42,0.622,0.309,2,0.506,0.0,0.189,62.0,0
kirana_merchant,28265.92,51,0.652,0.768,0,0.472,0.666,0.27,48.1,1
gig_worker,18144.47,46,0.886,0.683,1,0.376,0.0,0.345,59.9,1
gig_worker,18180.03,47,0.865,0.597,3,0.772,0.0,0.228,81.6,0
kirana_merchant,22531.28,50,0.749,0.822,8,0.915,0.761,0.065,58.9,0
kirana_merchant,25163.81,44,0.724,0.311,3,0.525,0.452,0.349,46.9,0
gig_worker,26781.29,49,0.955,0.562,0,0.776,0.0,0.232,86.5,0
gig_worker,17292.1,47,0.77,0.125,7,0.591,0.0,0.346,84.2,0
kirana_merchant,24098.27,39,0.902,0.814,5,0.303,0.408,0.192,29.7,0
gig_worker,11173.37,52,0.956,0.458,2,0.609,0.0,0.036,41.4,1
gig_worker,31430.04,53,0.815,0.242,1,0.414,0.0,0.326,37.5,0
gig_worker,6450.17,48,0.697,0.291,4,0.735,0.0,0.313,80.5,0
freelancer,23277.79,52,1.03,0.779,3,0.559,0.0,0.181,24.9,0
kirana_merchant,42599.3,39,0.647,0.187,4,0.742,0.642,0.134,40.2,0
kirana_merchant,15840.57,53,1.015,0.84,0,0.585,0.884,0.069,60.8,0
kirana_merchant,38492.36,56,1.018,0.399,0,0.809,0.104,0.326,37.1,0
kirana_merchant,47947.71,59,0.885,0.301,0,0.998,0.186,0.192,38.4,0
kirana_merchant,5146.39,41,0.915,0.365,4,0.888,0.786,0.278,38.2,0
kirana_merchant,24942.25,42,0.779,0.427,3,0.766,0.562,0.224,31.3,0
gig_worker,6387.6,42,1.021,0.538,3,0.396,0.0,0.059,65.2,1
kirana_merchant,25359.17,45,0.732,0.569,1,0.656,0.535,0.036,63.5,0
kirana_merchant,26806.89,46,0.88,0.458,5,0.707,0.921,0.145,28.9,0
kirana_merchant,7775.46,37,0.601,0.457,4,0.786,0.183,0.022,49.6,0
gig_worker,70433.14,40,1.07,0.328,1,0.355,0.0,0.09,82.7,0
gig_worker,31039.25,47,1.074,0.407,16,0.614,0.0,0.323,88.4,1
kirana_merchant,17597.08,33,0.955,0.474,1,0.57,0.38,0.211,69.8,1
kirana_merchant,55976.64,47,0.812,0.578,5,0.41,0.776,0.249,40.6,1
freelancer,10962.04,44,0.689,0.205,1,0.631,0.0,0.277,44.6,0
gig_worker,14550.99,46,0.846,0.711,3,0.927,0.0,0.332,76.2,1
kirana_merchant,8520.86,40,0.996,0.644,2,0.815,0.202,0.071,65.8,0
kirana_merchant,66205.75,55,0.903,0.339,8,0.646,0.743,0.21,43.5,0
freelancer,31766.68,45,0.864,0.467,2,0.784,0.0,0.148,58.3,0
kirana_merchant,37410.28,41,1.025,0.858,5,0.831,0.015,0.146,57.4,1
kirana_merchant,31272.69,43,0.757,0.116,0,0.778,0.495,0.245,37.3,0
kirana_merchant,35842.29,60,1.03,0.749,1,0.889,0.919,0.087,29.3,0
kirana_merchant,27974.23,34,0.82,0.509,3,0.822,0.532,0.229,37.3,0
freelancer,30805.87,44,0.601,0.595,4,0.862,0.0,0.14,31.5,0
gig_worker,28390.27,41,0.966,0.648,7,0.615,0.0,0.059,55.4,1
gig_worker,19844.94,38,1.039,0.465,7,0.602,0.0,0.3,72.9,0
freelancer,26283.26,43,0.842,0.253,3,0.487,0.0,0.067,34.6,0
kirana_merchant,30847.08,43,0.827,0.828,1,0.595,0.737,0.187,20.7,0
kirana_merchant,28432.11,47,1.003,0.692,5,0.758,0.131,0.112,19.3,0
kirana_merchant,12850.19,37,1.042,0.548,1,0.449,0.341,0.335,51.4,0
gig_worker,13732.31,40,1.087,0.459,4,0.379,0.0,0.222,77.2,0
kirana_merchant,46231.69,35,0.773,0.499,2,0.905,0.394,0.23,35.6,0
kirana_merchant,23074.95,45,0.897,0.759,3,0.222,0.15,0.199,29.9,1
gig_worker,36039.21,55,1.011,0.11,3,0.948,0.0,0.316,83.1,0
gig_worker,15583.07,48,0.866,0.792,0,0.88,0.0,0.12,59.7,0
freelancer,12879.95,43,0.831,0.137,4,0.727,0.0,0.208,47.0,0
gig_worker,17644.89,39,0.886,0.593,9,0.808,0.0,0.094,92.5,1
freelancer,24069.9,32,0.778,0.366,9,0.68,0.0,0.085,49.7,0
gig_worker,19291.69,41,0.696,0.643,15,0.658,0.0,0.179,54.2,0
kirana_merchant,51378.07,45,0.633,0.168,3,0.719,0.104,0.11,30.7,0
freelancer,29429.76,47,0.905,0.545,4,0.204,0.0,0.267,28.7,1
kirana_merchant,67810.3,47,0.79,0.784,2,0.868,0.7,0.034,45.4,0
kirana_merchant,32932.13,44,1.041,0.496,8,0.853,0.108,0.058,46.6,1
kirana_merchant,8052.39,45,0.711,0.167,15,0.589,0.38,0.225,27.5,1
gig_worker,45616.32,45,0.755,0.13,0,0.39,0.0,0.045,85.7,0
gig_worker,12647.62,39,1.085,0.597,0,0.467,0.0,0.125,80.5,0
freelancer,30190.02,49,0.878,0.156,5,0.542,0.0,0.227,33.9,1
kirana_merchant,18263.47,43,0.773,0.157,11,0.327,0.061,0.091,36.6,1
kirana_merchant,78539.39,46,1.03,0.44,5,0.686,0.025,0.277,49.4,0
gig_worker,55259.69,51,0.972,0.268,2,0.321,0.0,0.337,68.6,0
gig_worker,18566.05,46,0.887,0.263,8,0.747,0.0,0.329,72.9,0
gig_worker,25243.43,39,1.045,0.485,4,0.651,0.0,0.049,74.9,0
kirana_merchant,30403.08,39,0.647,0.325,9,0.869,0.937,0.258,30.7,0
kirana_merchant,41427.78,43,0.797,0.275,6,0.518,0.108,0.27,78.4,0
kirana_merchant,27298.2,46,1.005,0.512,8,0.925,0.749,0.078,34.3,0
freelancer,16115.75,37,0.793,0.333,0,0.722,0.0,0.051,27.1,0
gig_worker,18792.64,45,1.063,0.164,8,0.201,0.0,0.054,56.5,0
gig_worker,26842.97,29,0.676,0.646,3,0.55,0.0,0.184,68.9,0
gig_worker,49872.67,30,0.768,0.568,1,0.974,0.0,0.308,92.8,0
kirana_merchant,33320.19,48,0.813,0.27,3,0.969,0.453,0.13,28.2,1
gig_worker,18275.06,36,0.943,0.566,1,0.657,0.0,0.075,74.0,0
freelancer,37204.55,42,0.698,0.864,1,0.73,0.0,0.219,51.0,0
gig_worker,22170.27,44,0.605,0.865,6,0.389,0.0,0.144,52.8,0
freelancer,41990.72,51,1.088,0.526,0,0.457,0.0,0.344,38.6,0
kirana_merchant,95178.11,49,1.049,0.178,6,0.516,0.709,0.194,49.7,0
freelancer,22484.62,47,0.75,0.467,14,0.531,0.0,0.025,55.2,1
kirana_merchant,40167.06,55,0.842,0.122,1,0.766,0.987,0.271,46.0,0
freelancer,18532.91,48,0.844,0.432,7,0.261,0.0,0.329,41.7,0
gig_worker,25434.66,46,1.035,0.828,6,0.237,0.0,0.268,49.5,0
kirana_merchant,27303.8,60,0.899,0.474,7,0.616,0.702,0.112,55.7,0
freelancer,24420.01,43,1.013,0.54,15,0.663,0.0,0.306,60.5,1
gig_worker,92180.77,50,1.056,0.226,1,0.51,0.0,0.214,86.4,0
gig_worker,23079.58,39,0.883,0.113,6,0.798,0.0,0.19,68.1,0
kirana_merchant,36077.54,43,0.743,0.895,12,0.335,0.309,0.082,41.9,0
freelancer,10249.22,45,0.849,0.371,3,0.993,0.0,0.161,35.9,0
kirana_merchant,33389.55,47,1.025,0.323,7,0.48,0.124,0.249,75.9,0
kirana_merchant,47620.91,39,0.892,0.557,0,0.465,0.644,0.293,68.2,0
gig_worker,20665.1,30,1.048,0.696,0,0.515,0.0,0.312,61.3,0
gig_worker,7668.6,44,1.048,0.301,17,0.869,0.0,0.202,59.8,0
freelancer,26388.25,39,0.787,0.519,0,0.376,0.0,0.308,53.5,0
gig_worker,27135.33,38,0.824,0.366,1,0.565,0.0,0.337,68.9,0
kirana_merchant,38639.78,53,0.939,0.485,0,0.413,0.159,0.252,51.2,0
freelancer,73530.2,51,0.656,0.229,8,0.234,0.0,0.306,41.3,0
gig_worker,22247.24,39,0.833,0.508,5,0.494,0.0,0.333,92.6,1
kirana_merchant,17533.28,43,0.675,0.138,2,0.261,0.238,0.137,27.1,1
gig_worker,15011.04,48,1.024,0.772,0,0.976,0.0,0.29,78.0,0
kirana_merchant,29704.07,48,1.071,0.602,9,0.313,0.512,0.223,67.6,0
gig_worker,34189.61,42,0.671,0.853,5,0.988,0.0,0.275,99.0,0
kirana_merchant,20479.35,42,0.934,0.58,1,0.568,0.698,0.057,53.0,0
gig_worker,39709.33,36,0.918,0.246,6,0.333,0.0,0.32,61.6,0
kirana_merchant,33951.63,38,0.98,0.487,3,0.413,0.566,0.258,42.4,0
kirana_merchant,27491.05,41,0.948,0.632,20,0.51,0.652,0.103,38.8,0
gig_worker,17133.53,53,0.709,0.399,2,0.743,0.0,0.244,87.8,0
kirana_merchant,21143.08,61,0.746,0.542,2,0.771,0.688,0.237,53.1,0
gig_worker,7983.42,57,0.683,0.23,2,0.375,0.0,0.202,83.1,0
kirana_merchant,30269.43,43,1.061,0.722,11,0.358,0.966,0.079,46.0,0
gig_worker,27259.86,50,0.861,0.828,4,0.931,0.0,0.192,76.8,0
kirana_merchant,29561.84,41,1.088,0.352,6,0.562,0.588,0.23,42.4,0
gig_worker,34619.05,54,0.825,0.735,2,0.487,0.0,0.202,70.4,0
kirana_merchant,32627.5,49,0.876,0.174,7,0.701,0.016,0.13,19.0,0
gig_worker,25458.59,28,0.995,0.297,4,0.639,0.0,0.252,73.4,0
kirana_merchant,27565.88,47,0.999,0.469,4,0.916,0.175,0.231,57.2,0
gig_worker,13330.92,59,0.716,0.409,7,0.327,0.0,0.097,81.3,0
freelancer,20093.26,41,0.744,0.596,8,0.561,0.0,0.145,39.3,0
freelancer,27590.74,53,0.649,0.55,1,0.36,0.0,0.176,36.0,0
gig_worker,18621.52,48,1.003,0.17,8,0.285,0.0,0.301,64.1,0
kirana_merchant,41360.24,35,0.997,0.205,1,0.431,0.268,0.054,39.7,0
gig_worker,19354.57,42,0.641,0.141,13,0.254,0.0,0.153,88.1,0
gig_worker,29976.01,48,0.729,0.862,0,0.682,0.0,0.051,80.5,0
kirana_merchant,28517.77,45,0.825,0.616,12,0.881,0.523,0.243,43.8,0
kirana_merchant,39071.12,48,0.871,0.784,2,0.442,0.043,0.155,59.8,1
kirana_merchant,42209.29,47,0.861,0.533,2,0.706,0.841,0.116,68.4,0
gig_worker,38063.7,46,1.092,0.255,1,0.304,0.0,0.299,81.3,0
gig_worker,9386.21,51,0.982,0.601,0,0.388,0.0,0.348,80.9,0
gig_worker,48877.58,44,0.657,0.504,0,0.741,0.0,0.26,62.0,0
kirana_merchant,57737.04,54,0.747,0.427,12,0.936,0.157,0.023,56.1,0
kirana_merchant,21140.33,53,0.773,0.397,7,0.215,0.303,0.341,44.2,1
kirana_merchant,30282.45,43,0.758,0.62,8,0.714,0.916,0.066,42.5,0
gig_worker,17233.05,39,0.993,0.594,6,0.764,0.0,0.118,85.3,1
gig_worker,10155.91,55,0.78,0.221,4,0.678,0.0,0.157,68.9,0
gig_worker,18594.9,52,0.846,0.753,9,0.542,0.0,0.067,59.0,0
gig_worker,20535.91,39,0.867,0.609,0,0.99,0.0,0.161,88.0,0
gig_worker,22529.36,42,0.735,0.529,0,0.418,0.0,0.317,75.2,0
freelancer,16656.29,39,0.761,0.699,1,0.573,0.0,0.107,25.5,1
freelancer,18644.14,41,0.99,0.223,7,0.739,0.0,0.108,36.6,0
kirana_merchant,26755.54,29,1.033,0.836,5,0.2,0.207,0.215,50.0,0
kirana_merchant,18304.21,43,0.619,0.316,2,0.489,0.177,0.241,30.5,0
gig_worker,35304.37,40,0.903,0.31,5,0.514,0.0,0.216,68.9,1
freelancer,37828.96,41,0.917,0.752,0,0.208,0.0,0.046,35.6,0
gig_worker,88450.1,44,0.969,0.367,4,0.221,0.0,0.31,44.1,0
freelancer,47232.62,41,0.947,0.765,0,0.991,0.0,0.262,61.9,0
kirana_merchant,30380.36,41,1.039,0.362,6,0.287,0.949,0.209,70.4,0
gig_worker,19729.45,37,0.639,0.541,18,0.389,0.0,0.167,74.0,1
freelancer,31159.48,44,0.794,0.285,6,0.311,0.0,0.342,39.8,0
gig_worker,31675.47,44,0.991,0.685,1,0.611,0.0,0.296,75.9,0
kirana_merchant,20813.22,50,1.023,0.234,0,0.789,0.008,0.106,29.5,0
kirana_merchant,39809.69,33,0.732,0.82,1,0.262,0.648,0.227,52.6,0
gig_worker,13372.44,32,0.893,0.397,3,0.669,0.0,0.097,60.9,0
kirana_merchant,23808.55,50,0.69,0.477,3,0.482,0.63,0.208,14.2,0
kirana_merchant,35522.77,35,1.025,0.119,7,0.592,0.287,0.262,43.1,0
kirana_merchant,23299.98,53,0.965,0.881,1,0.413,0.11,0.174,41.5,0
gig_worker,24260.94,38,0.711,0.751,2,0.891,0.0,0.12,95.2,0
freelancer,25112.15,43,0.912,0.458,0,0.562,0.0,0.133,26.2,0
gig_worker,17715.57,44,0.855,0.836,6,0.328,0.0,0.304,69.0,1
gig_worker,48385.26,34,0.729,0.845,2,0.833,0.0,0.043,67.1,1
gig_worker,16171.1,41,1.047,0.526,5,0.801,0.0,0.321,63.8,0
gig_worker,31542.14,43,0.674,0.287,0,0.588,0.0,0.105,59.9,0
gig_worker,33084.62,47,0.834,0.49,5,0.777,0.0,0.223,62.4,0
freelancer,16742.22,36,0.891,0.36,2,0.682,0.0,0.186,39.7,0
gig_worker,27904.75,55,1.012,0.458,1,0.332,0.0,0.124,60.4,0
gig_worker,17071.81,39,0.675,0.829,10,0.999,0.0,0.317,99.0,0
gig_worker,53934.26,45,0.905,0.325,2,0.818,0.0,0.293,69.9,0
kirana_merchant,15223.7,46,0.603,0.771,6,0.733,0.479,0.202,82.6,0
freelancer,19400.45,31,1.011,0.848,0,0.865,0.0,0.154,27.1,0
gig_worker,14587.02,39,0.717,0.744,1,0.942,0.0,0.243,47.2,0
gig_worker,13645.3,34,0.96,0.522,0,0.662,0.0,0.059,79.1,0
gig_worker,59611.73,52,0.901,0.551,0,0.671,0.0,0.333,63.2,0
gig_worker,35291.14,40,0.625,0.756,3,0.219,0.0,0.313,60.0,0
gig_worker,28858.12,35,0.692,0.136,0,0.532,0.0,0.189,48.7,0
kirana_merchant,19374.47,47,0.734,0.689,11,0.607,0.687,0.295,39.0,1
gig_worker,42353.48,40,1.043,0.523,0,0.387,0.0,0.323,90.2,0
kirana_merchant,17816.65,44,0.84,0.418,2,0.488,0.845,0.063,46.8,0
gig_worker,40007.4,42,1.057,0.714,0,0.493,0.0,0.107,70.3,1
freelancer,17391.63,53,0.624,0.313,1,0.494,0.0,0.09,31.6,0
freelancer,19491.74,49,0.603,0.816,1,0.965,0.0,0.239,57.7,0
kirana_merchant,39306.34,52,1.074,0.651,5,0.67,0.45,0.344,40.6,1
gig_worker,41436.34,44,0.962,0.588,0,0.451,0.0,0.031,58.9,1
gig_worker,36269.65,43,0.992,0.518,12,0.444,0.0,0.348,68.6,0
kirana_merchant,15917.32,44,1.058,0.27,3,0.878,0.396,0.058,46.1,0
kirana_merchant,21517.82,46,1.092,0.594,2,0.713,0.027,0.226,35.7,0
kirana_merchant,29098.72,53,0.649,0.68,0,0.881,0.184,0.244,8.7,1
freelancer,17594.81,54,0.679,0.109,1,0.715,0.0,0.032,31.5,0
freelancer,53395.48,49,0.694,0.393,22,0.932,0.0,0.13,45.8,1
gig_worker,8095.2,38,1.009,0.766,14,0.522,0.0,0.174,64.6,1
kirana_merchant,18226.47,45,0.778,0.606,4,0.874,0.106,0.319,35.7,0
gig_worker,20852.24,34,0.897,0.592,1,0.341,0.0,0.252,84.1,0
gig_worker,6490.07,37,1.028,0.283,3,0.736,0.0,0.227,82.5,0
kirana_merchant,13384.94,46,0.942,0.606,8,0.491,0.406,0.063,38.8,0
gig_worker,36777.62,54,0.633,0.729,4,0.62,0.0,0.116,65.4,0
freelancer,27313.65,39,0.823,0.421,0,0.789,0.0,0.165,13.0,0
gig_worker,59075.29,53,0.634,0.246,0,0.652,0.0,0.12,74.8,0
kirana_merchant,58256.63,47,0.839,0.162,4,0.784,0.38,0.164,38.3,0
kirana_merchant,33407.08,40,0.71,0.505,1,0.229,0.533,0.324,73.2,1
kirana_merchant,31464.62,44,0.601,0.647,2,0.52,0.651,0.22,54.2,0
gig_worker,27804.84,48,1.007,0.23,5,0.963,0.0,0.191,88.0,0
freelancer,7132.8,40,1.085,0.437,2,0.809,0.0,0.197,22.0,0
kirana_merchant,13396.12,46,1.082,0.555,4,0.586,0.327,0.275,50.2,0
kirana_merchant,28292.1,48,0.75,0.225,3,0.767,0.357,0.342,44.7,0
gig_worker,36607.66,33,1.014,0.316,0,0.222,0.0,0.344,64.6,1
kirana_merchant,31096.01,45,0.939,0.587,1,0.434,0.478,0.238,37.7,0
freelancer,17218.98,46,1.0,0.68,0,0.922,0.0,0.142,5.8,0
kirana_merchant,42989.15,57,1.023,0.609,1,0.597,0.782,0.215,63.3,0
freelancer,56456.29,41,1.09,0.671,1,0.962,0.0,0.042,10.6,0
kirana_merchant,43001.69,38,0.676,0.565,3,0.412,0.914,0.073,45.6,0
gig_worker,44125.79,49,0.985,0.769,6,0.868,0.0,0.314,80.9,0
gig_worker,20340.86,38,0.967,0.761,6,0.216,0.0,0.267,89.5,1
gig_worker,46072.29,40,0.744,0.737,2,0.203,0.0,0.101,95.2,0
kirana_merchant,28937.09,41,0.796,0.56,2,0.309,0.816,0.156,54.4,0
kirana_merchant,34744.54,52,0.688,0.895,1,0.409,0.482,0.041,49.4,0
gig_worker,32296.56,41,1.057,0.131,8,0.234,0.0,0.305,93.8,1
kirana_merchant,25317.63,51,1.04,0.257,0,0.369,0.281,0.119,37.5,1
kirana_merchant,17500.75,46,0.907,0.747,5,0.898,0.246,0.2,34.0,0
kirana_merchant,25820.7,55,0.856,0.761,11,0.932,0.586,0.345,44.9,0
gig_worker,44063.22,42,0.716,0.755,0,0.295,0.0,0.08,60.6,0
gig_worker,21574.39,48,0.995,0.798,6,0.452,0.0,0.311,61.3,0
gig_worker,42052.48,37,0.604,0.438,5,0.688,0.0,0.105,78.3,0
gig_worker,38891.67,47,0.831,0.845,2,0.729,0.0,0.058,71.2,0
gig_worker,23168.09,45,1.03,0.267,0,0.222,0.0,0.027,63.6,0
gig_worker,53873.83,41,0.909,0.85,6,0.93,0.0,0.297,73.2,0
kirana_merchant,22521.52,56,0.918,0.545,5,0.542,0.557,0.021,50.2,0
gig_worker,57226.56,48,0.635,0.231,0,0.553,0.0,0.334,64.6,0
freelancer,33425.14,47,0.743,0.689,0,0.268,0.0,0.081,44.3,0
gig_worker,26690.61,37,0.937,0.337,13,0.62,0.0,0.288,70.4,1
gig_worker,17259.18,41,0.625,0.276,4,0.67,0.0,0.304,82.6,0
gig_worker,25741.76,48,0.765,0.238,5,0.566,0.0,0.048,75.1,0
gig_worker,24297.29,41,0.777,0.124,7,0.91,0.0,0.146,45.5,0
freelancer,14340.63,57,0.849,0.712,6,0.287,0.0,0.111,45.1,1
gig_worker,24129.54,41,0.781,0.489,3,0.348,0.0,0.025,80.7,0
freelancer,17999.48,47,0.827,0.883,2,0.5,0.0,0.16,18.8,0
freelancer,36062.03,45,0.873,0.451,1,0.687,0.0,0.18,29.8,1
kirana_merchant,51696.24,44,0.664,0.775,7,0.539,0.082,0.244,36.7,0
kirana_merchant,14567.41,53,0.69,0.874,1,0.881,0.362,0.101,32.9,0
kirana_merchant,63332.5,49,1.016,0.118,0,0.37,0.159,0.299,21.8,0
gig_worker,25228.37,56,0.83,0.184,3,0.392,0.0,0.178,82.2,0
kirana_merchant,16522.68,45,0.778,0.378,8,0.913,0.64,0.241,52.2,0
gig_worker,39295.98,52,0.817,0.796,1,0.575,0.0,0.174,84.4,0
gig_worker,21520.75,46,0.687,0.77,3,0.722,0.0,0.047,70.0,0
kirana_merchant,25825.86,39,0.72,0.393,4,0.501,0.164,0.35,62.7,0
kirana_merchant,21979.4,46,0.858,0.26,2,0.5,0.763,0.277,20.3,0
freelancer,17883.45,42,0.779,0.742,1,0.316,0.0,0.344,42.2,1
gig_worker,38638.27,49,0.838,0.578,1,0.91,0.0,0.291,85.9,0
freelancer,23314.93,46,0.675,0.125,9,0.861,0.0,0.171,22.2,0
gig_worker,13117.13,41,0.678,0.743,4,0.629,0.0,0.248,66.0,0
gig_worker,35437.65,42,0.792,0.866,6,0.231,0.0,0.296,53.2,0
gig_worker,14723.63,40,0.789,0.134,4,0.38,0.0,0.232,82.7,0
kirana_merchant,15113.9,45,1.042,0.329,6,0.353,0.194,0.235,29.9,1
gig_worker,48839.91,48,0.617,0.756,3,0.63,0.0,0.086,72.0,0
kirana_merchant,14791.83,38,1.096,0.568,6,0.326,0.645,0.056,36.8,1
freelancer,8448.78,44,1.078,0.891,5,0.546,0.0,0.262,21.9,1
kirana_merchant,36733.0,37,0.871,0.832,4,0.356,0.455,0.207,39.0,0
kirana_merchant,23111.1,49,0.959,0.243,0,0.429,0.866,0.262,49.1,1
freelancer,24129.07,41,1.068,0.639,0,0.441,0.0,0.212,37.5,1
kirana_merchant,22988.51,48,0.726,0.623,12,0.382,0.109,0.024,23.0,1
kirana_merchant,30207.18,46,0.758,0.189,0,0.41,0.072,0.341,50.2,0
gig_worker,18465.15,28,0.655,0.172,1,0.323,0.0,0.061,76.8,0
freelancer,56277.91,48,0.882,0.556,9,0.819,0.0,0.254,52.1,0
kirana_merchant,12860.1,45,0.68,0.422,0,0.978,0.67,0.223,26.2,0
gig_worker,33605.25,41,1.065,0.536,0,0.826,0.0,0.102,86.7,0
gig_worker,37088.44,47,0.816,0.291,12,0.493,0.0,0.293,60.8,1
freelancer,18401.25,55,1.06,0.545,1,0.805,0.0,0.106,14.5,1
gig_worker,16125.11,42,0.703,0.407,2,0.25,0.0,0.043,80.3,0
freelancer,44738.38,50,0.947,0.81,0,0.483,0.0,0.249,45.2,0
gig_worker,16392.34,48,0.924,0.345,3,0.517,0.0,0.128,84.3,1
kirana_merchant,19864.07,42,0.8,0.797,2,0.21,0.366,0.074,31.0,1
gig_worker,41925.71,36,1.049,0.412,5,0.96,0.0,0.078,61.0,0
kirana_merchant,27374.59,42,0.817,0.563,0,0.572,0.761,0.025,35.1,0
freelancer,10953.65,45,0.699,0.329,1,0.99,0.0,0.12,33.8,0
kirana_merchant,64442.56,50,1.088,0.747,4,0.423,0.607,0.111,57.5,0
kirana_merchant,20640.17,40,0.821,0.775,3,0.983,0.26,0.179,27.5,0
gig_worker,21996.12,37,0.704,0.747,6,0.691,0.0,0.178,77.3,0
gig_worker,30573.6,39,0.782,0.612,4,0.533,0.0,0.244,76.0,1
gig_worker,36773.71,38,0.907,0.344,10,0.866,0.0,0.189,65.6,0
kirana_merchant,71721.95,55,0.856,0.609,0,0.633,0.417,0.289,56.3,1
gig_worker,11730.72,36,0.918,0.868,14,0.861,0.0,0.309,88.8,0
gig_worker,40659.02,39,0.931,0.619,4,0.605,0.0,0.202,87.5,0
kirana_merchant,39007.33,54,0.662,0.865,7,0.535,0.092,0.3,41.4,0
kirana_merchant,25119.95,41,0.757,0.344,1,0.687,0.821,0.347,51.9,0
kirana_merchant,39880.26,38,0.974,0.777,4,0.805,0.096,0.238,39.7,1
gig_worker,42921.88,50,0.925,0.675,7,0.238,0.0,0.083,67.7,0
gig_worker,13480.76,52,0.644,0.755,5,0.522,0.0,0.196,68.6,0
freelancer,64529.85,38,0.758,0.669,10,0.335,0.0,0.04,19.9,0
gig_worker,12340.22,47,1.066,0.484,3,0.96,0.0,0.277,55.5,0
freelancer,15250.11,38,1.031,0.649,2,0.978,0.0,0.034,21.6,0
freelancer,23602.46,37,0.935,0.846,1,0.928,0.0,0.179,42.5,0
kirana_merchant,70436.74,40,0.636,0.434,5,0.61,0.293,0.327,57.6,0
gig_worker,23060.39,43,0.904,0.861,16,0.805,0.0,0.3,49.8,1
freelancer,26477.04,50,0.606,0.14,2,0.938,0.0,0.036,24.8,0
kirana_merchant,55052.32,32,0.931,0.111,11,0.897,0.962,0.146,19.2,0
kirana_merchant,23152.1,44,0.966,0.495,0,0.629,0.071,0.128,41.5,0
gig_worker,14924.83,51,0.849,0.779,10,0.319,0.0,0.043,73.2,1
gig_worker,21837.47,68,0.602,0.298,2,0.928,0.0,0.057,70.9,0
gig_worker,53390.92,36,0.933,0.655,8,0.856,0.0,0.206,93.0,0
kirana_merchant,27873.52,45,1.01,0.538,1,0.521,0.22,0.127,24.4,0
kirana_merchant,70638.4,50,0.893,0.333,1,0.571,0.487,0.034,21.0,0
gig_worker,38908.48,59,0.955,0.329,0,0.991,0.0,0.301,60.3,0
kirana_merchant,19488.81,52,0.645,0.159,4,0.681,0.485,0.2,37.7,0
gig_worker,27599.09,40,0.958,0.529,1,0.336,0.0,0.252,91.3,0
kirana_merchant,17560.21,62,0.907,0.46,19,0.331,0.393,0.25,53.0,0
freelancer,19259.96,44,0.766,0.332,0,0.252,0.0,0.046,33.9,0
gig_worker,252594.86,26,0.943,0.876,9,0.67,0.0,0.021,87.2,1
gig_worker,44770.84,46,0.923,0.755,3,0.221,0.0,0.299,69.9,1
gig_worker,41379.84,43,0.9,0.52,4,0.854,0.0,0.341,65.5,0
kirana_merchant,19700.71,37,0.691,0.517,3,0.455,0.549,0.204,46.5,0
kirana_merchant,58970.47,53,0.748,0.255,2,0.474,0.94,0.19,24.6,0
freelancer,46616.41,44,1.096,0.619,0,0.809,0.0,0.059,22.3,0
gig_worker,68927.51,43,0.817,0.863,5,0.285,0.0,0.204,94.3,0
freelancer,67275.88,58,0.63,0.819,3,0.623,0.0,0.027,43.3,0
gig_worker,12841.73,48,1.05,0.168,4,0.496,0.0,0.281,81.7,0
kirana_merchant,15445.61,44,0.686,0.142,0,0.281,0.304,0.191,37.6,0
gig_worker,16286.73,43,0.802,0.869,7,0.438,0.0,0.257,69.5,0
freelancer,16781.45,57,0.739,0.26,7,0.703,0.0,0.177,57.4,0
kirana_merchant,31625.73,51,1.082,0.54,3,0.731,0.822,0.264,29.6,0
kirana_merchant,20263.94,45,0.789,0.16,8,0.301,0.814,0.202,47.9,0
freelancer,75833.79,46,0.954,0.775,1,0.951,0.0,0.196,51.9,0
gig_worker,69726.79,44,0.899,0.194,1,0.347,0.0,0.142,58.2,0
gig_worker,26816.41,54,0.621,0.615,4,0.731,0.0,0.114,60.7,0
freelancer,71515.04,39,0.792,0.145,1,0.46,0.0,0.273,25.2,0
gig_worker,56617.16,35,0.795,0.225,0,0.762,0.0,0.254,71.5,0
gig_worker,21475.04,58,1.095,0.51,6,0.851,0.0,0.317,69.9,1
kirana_merchant,9851.63,48,1.006,0.137,4,0.265,0.937,0.28,33.4,0
kirana_merchant,24125.29,31,1.028,0.256,2,0.838,0.221,0.044,47.4,0
gig_worker,19490.63,41,0.757,0.209,2,0.297,0.0,0.335,66.8,0
gig_worker,29829.49,44,0.765,0.132,7,0.615,0.0,0.267,67.7,0
gig_worker,28130.63,39,0.858,0.877,3,0.47,0.0,0.134,87.7,0
kirana_merchant,27764.37,55,0.916,0.46,7,0.446,0.939,0.233,46.3,0
freelancer,34955.89,47,0.964,0.787,0,0.322,0.0,0.272,44.1,1
freelancer,14672.63,51,1.01,0.387,22,0.741,0.0,0.065,38.6,0
kirana_merchant,33046.8,42,1.037,0.134,0,0.442,0.531,0.339,33.4,0
gig_worker,21594.46,62,0.612,0.657,3,0.604,0.0,0.235,71.6,0
freelancer,29732.35,39,0.998,0.131,0,0.212,0.0,0.027,25.0,1
kirana_merchant,43421.28,44,0.905,0.542,0,0.683,0.467,0.203,44.5,0
gig_worker,14585.75,51,0.866,0.211,0,0.742,0.0,0.084,86.3,0
freelancer,23373.38,44,0.914,0.637,0,0.25,0.0,0.103,17.6,1
kirana_merchant,25355.04,47,1.041,0.814,1,0.626,0.172,0.043,34.0,0
kirana_merchant,20803.27,55,0.873,0.865,6,0.771,0.442,0.158,56.7,0
kirana_merchant,42189.0,50,0.681,0.522,2,0.313,0.717,0.107,39.1,0
gig_worker,18766.07,53,0.818,0.526,5,0.235,0.0,0.296,58.3,1
gig_worker,20379.81,38,1.062,0.131,1,0.355,0.0,0.304,52.1,0
kirana_merchant,18864.56,56,1.007,0.716,16,0.481,0.305,0.029,37.5,1
gig_worker,46445.17,51,0.702,0.865,0,0.541,0.0,0.275,73.1,0
kirana_merchant,21031.53,59,0.957,0.451,9,0.258,0.486,0.033,56.2,0
kirana_merchant,33861.12,46,0.728,0.735,8,0.983,0.873,0.168,60.9,0
kirana_merchant,72247.47,55,0.774,0.738,1,0.752,0.925,0.054,38.7,0
kirana_merchant,25915.35,36,0.834,0.729,0,0.307,0.385,0.205,51.0,0
kirana_merchant,46912.07,59,0.82,0.707,2,0.838,0.369,0.336,48.8,0
freelancer,62048.84,43,0.615,0.272,5,0.456,0.0,0.096,35.8,0
kirana_merchant,44963.03,29,0.987,0.701,2,0.5,0.293,0.297,67.8,0
gig_worker,26678.13,55,1.023,0.216,14,0.258,0.0,0.279,27.8,1
gig_worker,37088.19,50,0.865,0.67,0,0.538,0.0,0.271,45.0,0
gig_worker,14133.61,48,0.686,0.103,1,0.262,0.0,0.108,67.4,0
gig_worker,18214.59,41,0.724,0.835,0,0.744,0.0,0.224,77.8,0
gig_worker,19883.84,53,0.663,0.762,3,0.475,0.0,0.048,97.9,0
gig_worker,82479.58,39,0.685,0.646,2,0.437,0.0,0.18,71.6,0
kirana_merchant,17920.63,33,1.038,0.176,15,0.719,0.115,0.324,50.7,0
freelancer,17787.68,45,0.84,0.76,1,0.75,0.0,0.189,35.7,1
gig_worker,15963.17,52,0.656,0.8,1,0.711,0.0,0.031,84.3,0
kirana_merchant,35593.06,46,0.727,0.65,0,0.831,0.902,0.25,32.6,1
kirana_merchant,28891.73,40,1.075,0.881,3,0.711,0.523,0.308,42.9,0
gig_worker,46322.33,47,0.855,0.174,0,0.956,0.0,0.085,54.9,0
freelancer,37632.75,54,0.858,0.667,3,0.653,0.0,0.072,27.1,0
kirana_merchant,13491.36,50,0.863,0.52,3,0.908,0.461,0.029,26.8,1
gig_worker,17968.24,33,0.656,0.216,5,0.969,0.0,0.272,63.7,0
kirana_merchant,53245.28,53,1.085,0.627,22,0.331,0.354,0.321,40.2,1
gig_worker,24302.9,45,0.642,0.74,7,0.741,0.0,0.181,75.7,0
kirana_merchant,48717.61,47,0.95,0.232,6,0.725,0.496,0.112,75.5,0
gig_worker,24963.24,38,0.629,0.735,4,0.896,0.0,0.325,86.4,1
freelancer,16583.64,43,0.822,0.174,11,0.47,0.0,0.085,43.2,0
kirana_merchant,23118.06,56,1.05,0.573,1,0.515,0.266,0.16,13.2,0
kirana_merchant,16580.38,36,0.984,0.739,6,0.238,0.104,0.318,28.4,0
gig_worker,20276.62,40,0.767,0.217,2,0.813,0.0,0.346,73.0,0
kirana_merchant,29746.38,52,0.876,0.557,12,0.413,0.865,0.107,63.5,0
kirana_merchant,34745.4,38,0.683,0.44,4,0.943,0.048,0.334,40.4,1
kirana_merchant,12147.81,38,1.078,0.586,3,0.73,0.937,0.179,51.7,0
kirana_merchant,26670.57,54,0.954,0.439,0,0.466,0.07,0.23,23.2,1
kirana_merchant,20064.19,33,0.787,0.301,5,0.855,0.209,0.271,29.8,0
freelancer,19453.7,37,0.759,0.303,2,0.854,0.0,0.143,32.1,0
kirana_merchant,28748.54,50,0.719,0.792,6,0.329,0.015,0.295,11.5,1
freelancer,20430.29,47,0.993,0.225,0,0.633,0.0,0.325,45.0,1
freelancer,53694.67,32,0.817,0.198,5,0.208,0.0,0.271,50.2,1
kirana_merchant,48729.06,52,0.765,0.178,1,0.475,0.057,0.059,55.5,0
gig_worker,48577.42,42,1.053,0.159,0,0.756,0.0,0.038,49.1,0
kirana_merchant,21005.61,47,0.675,0.112,11,0.464,0.571,0.119,42.0,0
freelancer,16626.46,43,0.732,0.228,1,0.307,0.0,0.275,23.2,0
gig_worker,28029.56,49,0.772,0.254,0,0.662,0.0,0.303,63.0,0
kirana_merchant,24954.91,43,0.73,0.316,7,0.969,0.422,0.155,5.0,0
freelancer,19842.64,48,0.893,0.199,13,0.53,0.0,0.061,46.4,0
gig_worker,14945.01,39,0.901,0.175,10,0.934,0.0,0.266,88.7,0
kirana_merchant,26350.46,54,0.627,0.533,3,0.924,0.888,0.298,5.0,0
gig_worker,21981.69,50,0.672,0.675,10,0.735,0.0,0.056,55.8,0
gig_worker,37955.64,37,0.699,0.604,3,0.256,0.0,0.16,77.0,0
kirana_merchant,37517.13,35,0.635,0.545,1,0.723,0.741,0.232,41.9,0
gig_worker,46648.68,41,0.662,0.452,23,0.673,0.0,0.269,71.5,0
gig_worker,14333.46,50,0.72,0.607,7,0.665,0.0,0.334,64.3,0
freelancer,32877.02,47,0.773,0.821,4,0.471,0.0,0.086,44.9,0
gig_worker,18699.78,38,0.996,0.602,3,0.8,0.0,0.32,54.2,0
freelancer,14614.84,37,0.709,0.149,14,0.906,0.0,0.3,46.8,0
freelancer,21713.7,42,0.935,0.556,0,0.74,0.0,0.186,35.9,1
gig_worker,45906.06,43,0.629,0.519,5,0.318,0.0,0.215,70.5,0
gig_worker,22333.45,39,0.929,0.462,1,0.828,0.0,0.251,96.1,0
kirana_merchant,58848.84,48,0.997,0.555,4,0.325,0.458,0.316,45.1,0
kirana_merchant,35399.01,32,0.902,0.638,3,0.84,0.419,0.203,44.3,0
gig_worker,22091.64,39,0.701,0.13,0,0.686,0.0,0.092,65.1,0
kirana_merchant,48051.29,36,0.765,0.484,3,0.474,0.824,0.161,37.6,0
gig_worker,33614.02,49,1.003,0.754,1,0.653,0.0,0.13,93.6,0
freelancer,16877.22,41,0.816,0.525,2,0.859,0.0,0.333,56.3,0
gig_worker,68145.56,51,0.728,0.154,1,0.609,0.0,0.053,69.5,0
gig_worker,30630.13,47,1.066,0.72,0,0.581,0.0,0.174,99.0,0
gig_worker,27157.22,59,0.919,0.853,2,0.37,0.0,0.346,64.6,0
freelancer,17539.9,39,1.003,0.781,4,0.493,0.0,0.187,43.8,0
kirana_merchant,48521.83,30,0.612,0.39,6,0.616,0.987,0.164,50.2,0
freelancer,34844.05,44,0.77,0.528,4,0.291,0.0,0.239,25.8,0
gig_worker,36850.3,41,0.829,0.573,0,0.77,0.0,0.094,77.6,0
gig_worker,20873.47,57,0.894,0.673,7,0.916,0.0,0.299,61.4,0
gig_worker,40825.02,46,0.695,0.633,6,0.832,0.0,0.177,89.8,0
kirana_merchant,42442.56,31,0.849,0.259,1,0.589,0.68,0.156,48.2,0
kirana_merchant,19256.63,43,0.943,0.774,8,0.207,0.834,0.16,41.5,1
kirana_merchant,13246.72,45,0.773,0.779,1,0.565,0.921,0.245,40.6,0
gig_worker,35978.85,49,0.946,0.423,0,0.299,0.0,0.237,77.7,0
freelancer,12250.56,43,0.795,0.205,6,0.794,0.0,0.189,5.0,0
gig_worker,29027.76,40,0.835,0.587,7,0.302,0.0,0.217,82.3,0
freelancer,21512.24,57,0.667,0.386,2,0.299,0.0,0.306,31.6,0
gig_worker,49480.43,43,0.926,0.693,0,0.61,0.0,0.286,58.4,1
kirana_merchant,22105.42,38,0.712,0.353,1,0.393,0.364,0.192,33.5,0
gig_worker,46799.91,41,1.014,0.31,3,0.393,0.0,0.328,76.6,1
kirana_merchant,20803.89,46,0.877,0.794,5,0.968,0.233,0.172,33.0,1
kirana_merchant,44355.66,49,0.88,0.593,3,0.435,0.583,0.122,37.9,0
kirana_merchant,75370.47,36,1.056,0.169,4,0.935,0.977,0.072,71.6,0
kirana_merchant,15771.76,45,0.684,0.651,5,0.386,0.38,0.094,30.3,0
kirana_merchant,31132.82,54,0.865,0.702,2,0.919,0.214,0.243,17.8,1
kirana_merchant,106339.41,50,0.791,0.288,0,0.363,0.947,0.21,37.4,0
freelancer,27813.99,39,1.083,0.874,2,0.34,0.0,0.063,23.0,1
gig_worker,27747.31,43,0.996,0.398,20,0.422,0.0,0.178,88.2,1
kirana_merchant,39904.7,38,0.979,0.852,10,0.537,0.129,0.071,30.9,1
kirana_merchant,27461.5,61,0.702,0.335,9,0.367,0.581,0.154,24.5,0
gig_worker,11457.35,43,0.719,0.587,6,0.693,0.0,0.1,85.6,0
kirana_merchant,47388.92,38,0.615,0.514,12,0.575,0.448,0.181,36.1,1
gig_worker,9882.55,53,0.919,0.894,1,0.631,0.0,0.305,92.1,0
gig_worker,21842.31,46,0.785,0.427,12,0.732,0.0,0.118,64.4,0
gig_worker,49203.15,31,0.756,0.243,6,0.57,0.0,0.341,46.1,1
gig_worker,22510.31,50,0.919,0.767,13,0.276,0.0,0.185,55.3,0
kirana_merchant,19018.2,30,1.014,0.134,7,0.483,0.315,0.077,5.0,0
kirana_merchant,41757.4,49,0.667,0.808,0,0.614,0.679,0.24,5.0,1
freelancer,17578.69,52,1.059,0.188,10,0.343,0.0,0.306,35.8,1
kirana_merchant,14601.61,38,0.617,0.558,4,0.594,0.157,0.178,54.7,1
gig_worker,30861.26,57,0.648,0.671,0,0.299,0.0,0.314,88.3,0
freelancer,24551.75,54,1.019,0.369,0,0.482,0.0,0.275,38.8,0
freelancer,14445.86,59,0.846,0.776,1,0.871,0.0,0.058,50.1,0
kirana_merchant,36992.71,51,1.07,0.575,1,0.238,0.262,0.302,35.5,1
kirana_merchant,33936.41,50,0.831,0.416,1,0.229,0.515,0.058,52.0,0
freelancer,22474.18,49,1.063,0.36,6,0.519,0.0,0.147,7.2,0
kirana_merchant,23256.36,43,0.72,0.19,3,0.932,0.312,0.327,36.7,0
freelancer,34036.76,48,0.908,0.612,0,0.692,0.0,0.109,53.7,0
gig_worker,48785.12,38,1.097,0.391,13,0.75,0.0,0.023,64.1,0
gig_worker,23355.86,42,0.788,0.356,6,0.645,0.0,0.161,68.9,0
kirana_merchant,37322.22,47,0.601,0.86,4,0.82,0.923,0.331,63.8,0
kirana_merchant,35689.08,50,0.632,0.318,0,0.526,0.311,0.16,49.7,0
freelancer,41758.31,48,1.03,0.801,17,0.799,0.0,0.055,13.2,1
freelancer,27437.19,50,0.846,0.88,3,0.947,0.0,0.159,51.6,0
gig_worker,17048.84,34,0.868,0.758,3,0.476,0.0,0.346,89.2,0
gig_worker,21348.79,42,1.0,0.116,0,0.529,0.0,0.087,58.0,0
freelancer,31934.01,48,1.006,0.795,6,0.34,0.0,0.322,55.6,1
kirana_merchant,66784.89,41,0.839,0.271,7,0.294,0.474,0.059,47.5,0
gig_worker,21120.31,49,1.029,0.383,3,0.8,0.0,0.055,73.1,1
kirana_merchant,40231.02,44,0.834,0.893,9,0.67,0.392,0.036,19.3,1
kirana_merchant,22833.22,42,0.938,0.424,16,0.773,0.207,0.073,58.5,0
kirana_merchant,28430.97,41,0.617,0.624,6,0.334,0.791,0.331,53.9,1
kirana_merchant,57394.19,34,0.669,0.349,3,0.806,0.133,0.291,56.7,0
gig_worker,39424.64,46,1.026,0.396,0,0.451,0.0,0.13,80.5,0
freelancer,14463.02,50,0.757,0.578,0,0.696,0.0,0.066,38.7,0
kirana_merchant,20206.56,44,0.767,0.859,2,0.878,0.016,0.205,34.9,0
kirana_merchant,50418.36,49,0.931,0.326,8,0.692,0.358,0.061,62.0,0
gig_worker,28880.99,50,0.896,0.298,0,0.337,0.0,0.243,44.4,0
kirana_merchant,15147.34,48,0.641,0.121,12,0.6,0.799,0.311,65.3,0
gig_worker,17863.66,50,0.983,0.262,2,0.402,0.0,0.193,74.7,0
gig_worker,38244.18,40,0.909,0.31,1,0.642,0.0,0.097,55.3,0
kirana_merchant,44232.06,39,1.028,0.15,4,0.263,0.621,0.124,31.8,0
gig_worker,27144.44,46,0.868,0.551,4,0.986,0.0,0.146,65.9,0
kirana_merchant,92749.44,49,0.807,0.201,3,0.696,0.54,0.337,67.6,0
gig_worker,40622.45,47,0.786,0.509,3,0.505,0.0,0.304,69.1,0
kirana_merchant,23819.49,39,0.602,0.251,4,0.476,0.441,0.2,54.2,0
gig_worker,17892.68,48,0.62,0.849,1,0.665,0.0,0.246,92.7,0
gig_worker,16523.81,47,0.666,0.346,1,0.738,0.0,0.052,79.0,0
gig_worker,31815.56,44,1.065,0.174,3,0.388,0.0,0.08,64.1,0
freelancer,21070.13,48,1.04,0.769,7,0.641,0.0,0.202,33.2,0
freelancer,62123.02,43,0.849,0.422,1,0.885,0.0,0.062,20.8,1
gig_worker,56002.74,38,0.69,0.756,2,0.848,0.0,0.027,67.6,0
kirana_merchant,36920.91,39,0.673,0.35,11,0.348,0.116,0.055,24.4,0
kirana_merchant,14920.66,49,0.728,0.5,1,0.507,0.111,0.054,27.3,1
freelancer,19223.53,46,1.054,0.456,0,0.833,0.0,0.265,43.2,0
gig_worker,50404.65,49,0.861,0.546,2,0.447,0.0,0.3,60.8,1
kirana_merchant,20301.84,44,1.002,0.421,1,0.815,0.136,0.289,44.0,0
gig_worker,47149.13,46,0.853,0.497,0,0.767,0.0,0.347,54.8,0
gig_worker,34108.5,31,0.905,0.643,0,0.346,0.0,0.312,89.1,0
freelancer,27607.95,39,0.905,0.432,1,0.757,0.0,0.161,37.8,0
kirana_merchant,18931.52,45,0.616,0.648,5,0.87,0.876,0.168,64.8,0
gig_worker,25664.86,41,0.823,0.671,1,0.926,0.0,0.122,69.6,0
gig_worker,29579.12,37,1.032,0.699,0,0.396,0.0,0.092,59.6,0
kirana_merchant,45083.4,41,0.845,0.477,6,0.998,0.572,0.281,33.9,0
kirana_merchant,17277.01,44,0.818,0.103,7,0.592,0.719,0.231,40.2,0
gig_worker,23590.32,56,0.863,0.703,9,0.401,0.0,0.066,76.3,0
freelancer,27512.94,42,0.79,0.827,5,0.777,0.0,0.251,30.3,1
gig_worker,37471.62,52,0.858,0.622,2,0.77,0.0,0.084,75.2,1
gig_worker,17081.78,39,0.668,0.52,9,0.691,0.0,0.156,62.7,0
freelancer,13928.82,46,1.084,0.548,0,0.316,0.0,0.314,30.3,1
gig_worker,37683.69,49,0.617,0.613,6,0.226,0.0,0.041,92.2,1
gig_worker,12594.63,55,0.842,0.899,2,0.788,0.0,0.143,64.8,0
kirana_merchant,51148.57,46,0.705,0.15,2,0.479,0.03,0.028,27.0,0
freelancer,24885.41,40,0.629,0.117,15,0.278,0.0,0.167,47.4,1
gig_worker,12409.71,48,0.926,0.871,5,0.945,0.0,0.243,34.1,0
freelancer,21158.35,51,1.093,0.452,2,0.941,0.0,0.02,60.2,0
kirana_merchant,32518.41,43,0.975,0.59,4,0.714,0.843,0.237,41.4,0
gig_worker,20612.43,54,0.727,0.703,7,0.394,0.0,0.234,73.3,0
kirana_merchant,27173.97,51,0.847,0.694,0,0.988,0.159,0.319,31.2,1
gig_worker,38950.2,54,0.625,0.618,1,0.393,0.0,0.166,81.2,0
kirana_merchant,24316.36,44,0.866,0.478,7,0.209,0.122,0.073,32.7,1
kirana_merchant,16839.31,48,0.65,0.561,6,0.92,0.081,0.245,48.5,0
freelancer,23167.55,45,0.997,0.684,13,0.357,0.0,0.147,49.0,0
gig_worker,54579.85,55,0.628,0.781,2,0.704,0.0,0.077,86.5,0
kirana_merchant,62475.65,51,0.605,0.202,1,0.391,0.743,0.227,52.0,0
kirana_merchant,9799.01,36,1.031,0.322,8,0.558,0.48,0.058,39.3,1
gig_worker,46421.31,47,1.071,0.418,0,0.522,0.0,0.072,99.0,0
gig_worker,30487.56,46,0.643,0.632,0,0.5,0.0,0.262,63.2,0
gig_worker,42701.59,47,0.739,0.417,10,0.454,0.0,0.247,73.8,0
kirana_merchant,20429.92,24,0.971,0.291,5,0.212,0.823,0.218,16.3,1
kirana_merchant,11112.97,50,0.87,0.127,1,0.372,0.279,0.28,38.6,0
gig_worker,36034.94,46,1.075,0.774,0,0.995,0.0,0.07,66.5,0
freelancer,16806.34,47,0.795,0.435,13,0.206,0.0,0.046,32.1,0
freelancer,13438.16,48,0.602,0.363,4,0.258,0.0,0.347,27.8,1
kirana_merchant,13916.07,47,0.61,0.525,3,0.226,0.747,0.19,46.6,0
gig_worker,36332.1,50,0.882,0.198,2,0.611,0.0,0.34,89.9,0
kirana_merchant,28845.99,42,0.976,0.418,5,0.229,0.919,0.216,14.0,1
gig_worker,39784.51,50,0.995,0.701,5,0.629,0.0,0.255,98.9,0
gig_worker,37591.66,45,1.056,0.689,9,0.461,0.0,0.118,78.4,1
kirana_merchant,21797.12,48,0.715,0.718,2,0.902,0.055,0.306,48.0,0
gig_worker,25971.71,45,0.969,0.474,0,0.487,0.0,0.148,60.6,0
gig_worker,20832.74,38,1.014,0.395,17,0.856,0.0,0.31,81.0,0
gig_worker,24217.63,37,1.018,0.765,1,0.764,0.0,0.114,67.9,0
gig_worker,16586.97,46,0.806,0.239,5,0.976,0.0,0.215,86.1,0
gig_worker,32703.66,47,0.913,0.68,2,0.554,0.0,0.278,88.1,0
freelancer,46053.56,41,0.876,0.81,4,0.964,0.0,0.279,30.8,0
gig_worker,17884.57,40,0.899,0.329,0,0.717,0.0,0.28,60.0,0
gig_worker,51053.78,49,0.741,0.258,8,0.506,0.0,0.349,60.5,0
gig_worker,28474.4,49,0.942,0.51,6,0.592,0.0,0.336,69.1,0
freelancer,30349.63,41,0.955,0.273,0,0.784,0.0,0.087,48.6,0
kirana_merchant,11502.1,47,0.698,0.797,1,0.908,0.869,0.142,42.3,0
gig_worker,10898.37,56,0.822,0.296,0,0.525,0.0,0.19,48.5,0
freelancer,28913.33,45,0.811,0.351,1,0.954,0.0,0.26,12.4,0
gig_worker,39929.32,58,0.974,0.811,1,0.583,0.0,0.243,71.5,1
gig_worker,19231.59,49,0.933,0.264,1,0.816,0.0,0.243,80.3,0
gig_worker,62009.75,45,0.838,0.808,2,0.926,0.0,0.113,62.9,0
gig_worker,38850.18,44,0.926,0.268,4,0.376,0.0,0.131,52.5,0
gig_worker,17082.83,38,0.731,0.829,12,0.361,0.0,0.088,85.0,0
kirana_merchant,27321.37,39,0.716,0.354,1,0.746,0.363,0.31,9.9,1
gig_worker,92824.38,42,0.72,0.297,7,0.706,0.0,0.158,87.4,0
kirana_merchant,14453.88,49,0.615,0.482,2,0.863,0.728,0.174,63.7,0
gig_worker,35036.13,47,0.946,0.395,2,0.633,0.0,0.336,88.5,0
gig_worker,22893.94,48,1.093,0.261,0,0.781,0.0,0.322,80.2,0
kirana_merchant,38309.31,56,0.755,0.371,0,0.336,0.325,0.112,53.9,0
freelancer,50697.75,42,1.065,0.671,16,0.636,0.0,0.313,49.4,1
gig_worker,22178.56,49,0.903,0.766,1,0.208,0.0,0.201,80.2,0
kirana_merchant,47073.06,54,0.712,0.757,2,0.746,0.772,0.236,25.4,0
gig_worker,81683.04,50,0.606,0.705,8,0.976,0.0,0.162,72.6,0
gig_worker,27809.62,44,0.962,0.104,1,0.34,0.0,0.345,60.9,0
gig_worker,39832.74,33,0.948,0.441,0,0.309,0.0,0.246,82.2,0
gig_worker,20025.86,41,0.715,0.235,5,0.579,0.0,0.136,69.7,0
gig_worker,27163.51,45,0.766,0.159,3,0.557,0.0,0.208,55.9,0
gig_worker,24628.57,36,1.049,0.689,3,0.554,0.0,0.307,89.5,0
kirana_merchant,40073.4,43,0.679,0.735,6,0.432,0.782,0.041,78.8,0
gig_worker,49135.54,53,1.018,0.752,6,0.311,0.0,0.092,60.5,1
kirana_merchant,25467.86,40,0.685,0.812,7,0.938,0.774,0.022,28.8,1
gig_worker,57919.62,41,0.841,0.572,4,0.479,0.0,0.072,54.6,1
kirana_merchant,57816.17,47,0.849,0.899,0,0.526,0.148,0.201,15.8,0
kirana_merchant,41086.17,47,0.836,0.487,3,0.537,0.53,0.144,50.9,0
gig_worker,20785.0,51,0.744,0.807,1,0.302,0.0,0.183,76.3,0
gig_worker,19812.84,40,0.727,0.19,0,0.358,0.0,0.18,59.9,0
kirana_merchant,17922.45,36,0.967,0.219,1,0.21,0.361,0.082,49.6,0
freelancer,43242.67,56,0.738,0.572,5,0.598,0.0,0.291,18.8,0
gig_worker,14678.16,41,0.905,0.199,3,0.643,0.0,0.133,82.0,0
gig_worker,37737.85,40,1.023,0.16,2,0.371,0.0,0.297,89.1,0
freelancer,15669.09,55,1.019,0.257,5,0.538,0.0,0.084,43.7,0
gig_worker,40610.14,34,0.684,0.73,3,0.753,0.0,0.133,76.1,0
kirana_merchant,27135.82,47,0.927,0.842,9,0.407,0.783,0.232,40.2,1
gig_worker,52408.25,48,0.901,0.367,3,0.494,0.0,0.13,81.7,0
gig_worker,47606.63,56,0.741,0.88,4,0.763,0.0,0.091,99.0,0
kirana_merchant,55134.6,40,0.796,0.748,1,0.677,0.518,0.331,46.8,1
kirana_merchant,55849.14,38,0.743,0.281,9,0.605,0.127,0.169,34.0,0
gig_worker,28906.32,43,0.869,0.569,1,0.895,0.0,0.323,64.3,0
kirana_merchant,15072.14,36,1.002,0.885,1,0.256,0.332,0.345,43.1,1
kirana_merchant,15894.66,42,1.039,0.779,6,0.621,0.494,0.141,57.3,0
kirana_merchant,9476.55,34,0.961,0.391,2,0.76,0.884,0.134,64.4,0
gig_worker,15649.07,40,0.842,0.345,10,0.421,0.0,0.089,74.9,1
kirana_merchant,27845.09,29,1.079,0.755,12,0.43,0.096,0.189,49.3,0
kirana_merchant,20336.51,44,0.882,0.539,0,0.599,0.865,0.091,38.9,0
kirana_merchant,24585.99,60,0.839,0.231,2,0.473,0.137,0.102,48.4,1
kirana_merchant,34418.78,50,1.028,0.362,14,0.539,0.752,0.27,42.7,1
gig_worker,23108.77,46,0.692,0.629,0,0.753,0.0,0.164,73.6,0
kirana_merchant,15353.3,51,0.679,0.223,2,0.498,0.77,0.091,32.3,0
kirana_merchant,26196.55,53,0.991,0.659,2,0.222,0.103,0.118,35.7,1
gig_worker,17167.18,40,1.035,0.668,0,0.275,0.0,0.084,84.3,0
kirana_merchant,23496.5,42,0.636,0.317,0,0.605,0.608,0.099,21.9,0
gig_worker,52648.26,28,0.982,0.418,11,0.948,0.0,0.267,75.6,1
kirana_merchant,23499.8,35,0.812,0.848,3,0.428,0.434,0.302,54.4,0
gig_worker,65217.22,49,0.952,0.699,8,0.219,0.0,0.335,63.3,0
kirana_merchant,55040.14,62,0.667,0.73,0,0.851,0.539,0.347,26.4,0
freelancer,20137.67,54,1.087,0.513,6,0.817,0.0,0.154,16.7,0
kirana_merchant,15435.7,43,1.041,0.271,1,0.897,0.756,0.042,44.1,0
freelancer,26205.46,48,0.803,0.573,6,0.573,0.0,0.219,51.0,1
freelancer,47890.09,35,1.047,0.718,0,0.261,0.0,0.043,48.9,1
gig_worker,21055.24,44,1.047,0.103,20,0.318,0.0,0.25,99.0,1
kirana_merchant,42363.62,43,0.831,0.191,2,0.968,0.396,0.252,55.9,0
kirana_merchant,49228.11,32,1.073,0.479,1,0.885,0.856,0.069,29.8,0
freelancer,18269.48,36,1.088,0.45,7,0.685,0.0,0.272,20.9,0
gig_worker,19186.74,43,0.709,0.886,3,0.241,0.0,0.106,73.7,1
freelancer,38419.91,44,0.633,0.174,1,0.253,0.0,0.146,16.8,0
kirana_merchant,29025.32,41,0.766,0.359,0,0.347,0.655,0.04,23.4,1
kirana_merchant,19090.94,45,0.844,0.752,1,0.727,0.632,0.162,32.6,0
gig_worker,22559.46,50,0.646,0.59,9,0.978,0.0,0.12,72.9,0
gig_worker,25971.11,43,0.67,0.549,3,0.663,0.0,0.231,63.1,0
kirana_merchant,12302.68,40,1.086,0.693,3,0.87,0.471,0.109,47.1,0
gig_worker,39451.27,38,0.969,0.132,3,0.813,0.0,0.224,66.9,1
freelancer,21176.64,56,1.037,0.858,2,0.41,0.0,0.119,10.2,0
gig_worker,6688.48,49,1.086,0.253,1,0.666,0.0,0.098,89.2,0
kirana_merchant,26583.99,39,0.789,0.165,12,0.766,0.507,0.265,60.9,0
gig_worker,18568.36,45,0.944,0.371,0,0.458,0.0,0.122,95.6,0
kirana_merchant,62593.15,43,0.692,0.662,5,0.689,0.749,0.09,56.0,1
kirana_merchant,20075.94,42,0.876,0.285,2,0.304,0.773,0.336,44.3,0
gig_worker,15540.09,54,0.705,0.14,7,0.841,0.0,0.303,68.2,0
gig_worker,34681.66,48,0.68,0.146,2,0.449,0.0,0.178,86.9,0
gig_worker,19337.01,40,0.649,0.305,8,0.444,0.0,0.045,71.0,0
kirana_merchant,18219.94,41,0.89,0.208,0,0.784,0.907,0.195,52.5,0
kirana_merchant,34708.87,56,1.075,0.398,6,0.828,0.626,0.032,34.2,0
kirana_merchant,15990.76,52,0.661,0.238,1,0.784,0.355,0.294,50.5,0
kirana_merchant,12982.57,50,0.851,0.375,5,0.466,0.552,0.16,55.4,0
kirana_merchant,63767.5,32,0.944,0.456,4,0.936,0.35,0.091,51.4,1
gig_worker,35945.15,36,0.848,0.694,4,0.676,0.0,0.272,69.7,0
gig_worker,23573.9,40,1.056,0.282,2,0.488,0.0,0.075,67.7,0
gig_worker,26856.45,41,0.683,0.48,2,0.477,0.0,0.25,84.2,0
freelancer,34645.81,47,0.612,0.752,1,0.263,0.0,0.231,41.9,0
freelancer,43768.46,48,0.792,0.889,9,0.334,0.0,0.073,35.2,1
gig_worker,18435.11,38,0.878,0.546,10,0.723,0.0,0.239,85.2,0
kirana_merchant,32308.1,56,0.727,0.446,0,0.452,0.717,0.278,28.1,1
freelancer,20882.11,51,0.684,0.605,2,0.406,0.0,0.277,14.5,1
kirana_merchant,24477.49,52,1.002,0.489,0,0.204,0.021,0.219,70.8,0
gig_worker,29153.97,46,0.694,0.232,3,0.875,0.0,0.052,48.5,0
gig_worker,26813.5,42,0.821,0.468,2,0.417,0.0,0.076,88.2,0
kirana_merchant,38862.44,53,1.077,0.883,15,0.446,0.89,0.118,59.3,1
freelancer,34322.05,45,0.906,0.612,0,0.995,0.0,0.329,50.1,1
kirana_merchant,12656.36,46,0.849,0.327,4,0.583,0.134,0.052,52.2,0
gig_worker,13644.45,58,0.78,0.858,5,0.63,0.0,0.201,75.9,0
gig_worker,22362.52,35,0.86,0.411,2,0.247,0.0,0.314,68.0,0
kirana_merchant,67125.05,43,0.967,0.412,4,0.606,0.478,0.165,60.8,1
freelancer,17574.5,45,1.011,0.593,9,0.541,0.0,0.311,30.4,1
kirana_merchant,24243.13,46,0.925,0.555,7,0.896,0.019,0.127,18.5,0
kirana_merchant,20574.9,53,0.995,0.332,2,0.618,0.962,0.166,35.9,0
gig_worker,20393.63,60,0.644,0.474,4,0.895,0.0,0.217,65.2,0
freelancer,29410.88,41,0.607,0.366,5,0.804,0.0,0.235,45.8,0
kirana_merchant,54197.42,55,0.967,0.69,9,0.21,0.507,0.15,49.4,1
gig_worker,33792.16,39,0.731,0.198,0,0.978,0.0,0.172,47.1,0
kirana_merchant,18001.93,42,1.039,0.7,9,0.259,0.956,0.222,9.4,1
gig_worker,106576.12,47,0.868,0.229,13,0.228,0.0,0.301,77.3,0
gig_worker,27981.16,42,0.839,0.345,5,0.448,0.0,0.138,53.1,0
gig_worker,20158.67,50,0.986,0.367,4,0.539,0.0,0.205,78.4,1
gig_worker,54505.03,42,0.971,0.892,3,0.379,0.0,0.27,60.8,1
gig_worker,21278.76,53,0.952,0.572,18,0.598,0.0,0.338,54.2,0
kirana_merchant,61787.53,48,0.945,0.722,9,0.974,0.956,0.06,78.1,0
kirana_merchant,17407.89,46,0.858,0.544,1,0.644,0.295,0.046,39.3,0
kirana_merchant,54995.97,47,1.063,0.887,5,0.289,0.791,0.032,58.6,0
gig_worker,29748.2,47,1.045,0.242,12,0.93,0.0,0.09,40.3,0
gig_worker,51304.11,47,0.765,0.584,7,0.288,0.0,0.195,76.3,0
kirana_merchant,69625.27,28,1.002,0.738,4,0.566,0.444,0.076,25.3,0
gig_worker,15270.78,40,1.046,0.603,1,0.569,0.0,0.102,83.4,0
gig_worker,50913.63,53,0.909,0.818,0,0.783,0.0,0.074,62.3,0
freelancer,13300.38,41,0.878,0.581,3,0.744,0.0,0.31,18.4,0
kirana_merchant,15937.14,40,0.936,0.761,1,0.693,0.312,0.308,24.6,1
freelancer,18003.03,43,0.682,0.241,9,0.709,0.0,0.173,45.3,0
kirana_merchant,34607.24,40,0.644,0.31,1,0.808,0.73,0.128,18.8,0
gig_worker,27350.99,42,1.01,0.455,2,0.338,0.0,0.324,60.2,1
kirana_merchant,24746.32,39,0.887,0.781,0,0.981,0.683,0.228,60.3,0
gig_worker,28943.98,45,0.661,0.441,1,0.637,0.0,0.074,79.3,0
kirana_merchant,36157.69,38,0.808,0.602,8,0.777,0.306,0.287,63.5,0
gig_worker,37576.12,51,0.749,0.417,12,0.663,0.0,0.123,68.9,1
freelancer,46494.23,40,1.038,0.745,6,0.9,0.0,0.304,58.9,1
gig_worker,66837.35,36,0.854,0.26,2,0.67,0.0,0.197,65.6,0
freelancer,26617.36,38,0.889,0.575,0,0.277,0.0,0.249,48.2,0
freelancer,20732.45,39,0.718,0.562,3,0.899,0.0,0.255,26.6,1
kirana_merchant,36562.12,36,1.0,0.423,4,0.282,0.624,0.036,26.6,1
kirana_merchant,15182.1,49,1.065,0.664,14,0.617,0.535,0.263,40.0,0
kirana_merchant,19161.3,38,0.996,0.123,1,0.361,0.622,0.096,47.4,0
freelancer,44342.13,45,0.846,0.773,0,0.297,0.0,0.272,9.7,0
kirana_merchant,25284.22,31,1.018,0.378,1,0.298,0.425,0.122,48.3,0
kirana_merchant,14704.43,48,0.694,0.734,1,0.893,0.388,0.051,35.0,0
kirana_merchant,12773.12,31,0.657,0.344,1,0.477,0.58,0.22,53.7,0
freelancer,27566.55,52,0.819,0.25,4,0.482,0.0,0.346,32.8,0
kirana_merchant,47617.15,40,0.691,0.412,8,0.748,0.473,0.028,53.4,0
kirana_merchant,47300.35,44,0.73,0.738,12,0.865,0.405,0.026,51.7,0
kirana_merchant,28436.83,47,0.893,0.663,2,0.856,0.678,0.081,46.7,0
freelancer,73456.94,44,0.802,0.421,2,0.718,0.0,0.065,33.7,0
kirana_merchant,25529.5,48,1.033,0.85,0,0.774,0.892,0.26,62.2,0
gig_worker,25102.34,35,0.713,0.427,0,0.693,0.0,0.219,71.0,0
kirana_merchant,7452.33,56,1.098,0.381,7,0.865,0.35,0.047,27.5,0
freelancer,21510.97,34,0.78,0.216,3,0.476,0.0,0.058,17.0,1
kirana_merchant,41192.34,33,0.858,0.156,2,0.39,0.64,0.271,53.9,0
freelancer,58804.91,45,0.666,0.38,0,0.357,0.0,0.09,41.0,0
gig_worker,17763.17,47,0.89,0.174,13,0.683,0.0,0.068,90.0,0
kirana_merchant,33898.5,48,1.081,0.47,1,0.39,0.077,0.038,68.5,0
kirana_merchant,45407.82,48,0.975,0.788,1,0.304,0.278,0.282,51.2,1
freelancer,27054.38,44,0.722,0.481,4,0.972,0.0,0.331,25.2,1
gig_worker,8590.05,41,0.821,0.484,0,0.502,0.0,0.298,79.8,0
freelancer,30444.02,33,0.813,0.303,5,0.915,0.0,0.025,52.0,0
kirana_merchant,39368.26,46,0.649,0.233,1,0.764,0.866,0.102,22.1,0
gig_worker,16752.26,55,1.043,0.278,0,0.479,0.0,0.287,67.0,0
gig_worker,23692.71,54,0.791,0.554,0,0.314,0.0,0.276,32.6,0
gig_worker,15097.01,40,0.847,0.573,0,0.873,0.0,0.081,79.6,0
kirana_merchant,7442.23,52,0.746,0.276,4,0.913,0.354,0.275,68.9,0
gig_worker,44958.82,48,0.676,0.419,0,0.346,0.0,0.123,82.6,0
gig_worker,26852.81,38,1.051,0.555,11,0.703,0.0,0.346,48.7,1
freelancer,59804.58,49,0.619,0.708,4,0.65,0.0,0.32,20.0,1
gig_worker,41301.79,45,0.8,0.356,12,0.943,0.0,0.309,73.8,1
gig_worker,22536.58,45,0.965,0.317,14,0.718,0.0,0.174,80.9,0
kirana_merchant,25807.22,43,0.754,0.684,0,0.417,0.396,0.195,67.2,0
kirana_merchant,35706.52,42,0.823,0.511,4,0.773,0.17,0.245,49.6,0
kirana_merchant,43627.45,47,0.882,0.785,6,0.622,0.735,0.076,21.8,0
kirana_merchant,31613.37,54,1.098,0.269,2,0.478,0.177,0.204,39.3,1
kirana_merchant,46760.62,47,0.979,0.717,1,0.686,0.867,0.273,37.7,0
kirana_merchant,23194.39,41,1.084,0.23,1,0.97,0.607,0.038,47.3,0
gig_worker,16340.93,48,0.947,0.568,10,0.854,0.0,0.094,81.7,0
gig_worker,26045.37,43,0.735,0.327,1,0.794,0.0,0.295,50.8,0
kirana_merchant,29809.8,42,0.744,0.181,5,0.261,0.763,0.155,50.3,0
gig_worker,14753.45,58,1.011,0.593,1,0.297,0.0,0.073,51.3,0
kirana_merchant,13789.17,45,0.814,0.505,0,0.69,0.593,0.117,45.6,0
kirana_merchant,33647.47,40,0.785,0.489,7,0.225,0.382,0.257,69.1,0
gig_worker,21956.57,44,1.073,0.574,7,0.714,0.0,0.225,74.1,1
gig_worker,24762.35,44,0.607,0.398,1,0.442,0.0,0.217,51.1,0
gig_worker,22474.88,48,0.862,0.636,9,0.329,0.0,0.154,84.3,0
kirana_merchant,57543.73,53,0.988,0.205,0,0.237,0.828,0.261,28.1,0
kirana_merchant,50558.21,43,0.968,0.672,7,0.369,0.18,0.269,65.4,0
kirana_merchant,14491.58,38,0.784,0.564,3,0.757,0.399,0.259,32.5,0
gig_worker,20611.48,49,0.868,0.489,2,0.56,0.0,0.283,54.6,0
kirana_merchant,41150.94,56,0.603,0.202,5,0.226,0.134,0.111,71.8,1
freelancer,36350.68,37,0.867,0.323,15,0.255,0.0,0.321,35.7,1
gig_worker,26351.25,51,0.895,0.336,0,0.667,0.0,0.132,67.2,0
kirana_merchant,15232.7,54,1.037,0.287,1,0.87,0.214,0.111,46.7,0
freelancer,19124.59,32,0.705,0.863,4,0.677,0.0,0.237,16.0,1
gig_worker,20777.3,48,1.013,0.833,0,0.508,0.0,0.338,75.2,0
kirana_merchant,30899.56,47,0.959,0.537,10,0.549,0.971,0.105,51.2,0
gig_worker,63061.36,46,0.933,0.265,1,0.52,0.0,0.083,43.4,0
kirana_merchant,19083.13,48,0.797,0.829,16,0.917,0.396,0.037,61.4,0
gig_worker,16106.57,50,0.784,0.7,12,0.322,0.0,0.175,62.8,1
freelancer,25481.47,45,0.952,0.131,1,0.505,0.0,0.319,34.4,0
kirana_merchant,45065.37,51,1.095,0.493,4,0.447,0.864,0.317,36.7,0
kirana_merchant,13050.2,51,0.803,0.584,1,0.671,0.345,0.275,63.1,0
kirana_merchant,55648.87,44,1.059,0.153,7,0.754,0.062,0.103,46.9,0
kirana_merchant,24685.82,51,0.893,0.14,0,0.614,0.619,0.181,44.9,0
kirana_merchant,18635.8,48,1.034,0.471,31,0.993,0.092,0.058,44.0,1
freelancer,12087.24,38,0.709,0.102,4,0.403,0.0,0.211,40.5,0
freelancer,38302.11,41,0.981,0.137,3,0.215,0.0,0.338,48.3,1
kirana_merchant,24696.44,37,1.017,0.232,2,0.779,0.261,0.268,56.3,0
freelancer,29300.29,45,1.016,0.828,4,0.396,0.0,0.165,37.0,0
kirana_merchant,17147.27,41,0.992,0.713,1,0.977,0.821,0.237,55.1,0
kirana_merchant,22935.75,41,0.752,0.46,3,0.843,0.948,0.21,49.1,0
kirana_merchant,21093.27,50,0.861,0.483,0,0.701,0.823,0.237,9.2,1
gig_worker,25583.51,50,0.75,0.649,5,0.763,0.0,0.039,47.6,0
gig_worker,19249.18,52,0.771,0.48,1,0.84,0.0,0.229,85.5,0
gig_worker,12492.82,49,0.751,0.151,0,0.748,0.0,0.208,73.4,0
kirana_merchant,105266.43,39,0.742,0.691,5,0.451,0.128,0.346,40.7,0
gig_worker,13606.43,36,0.947,0.146,11,0.605,0.0,0.043,61.5,0
kirana_merchant,29458.26,49,0.925,0.489,2,0.451,0.305,0.142,56.3,1
freelancer,11092.07,55,0.702,0.789,0,0.762,0.0,0.3,30.8,0
gig_worker,9911.75,44,0.946,0.194,9,0.207,0.0,0.155,40.2,1
kirana_merchant,28251.82,49,0.746,0.665,2,0.508,0.276,0.347,9.9,0
gig_worker,29353.99,33,0.701,0.137,6,0.327,0.0,0.045,75.4,0
gig_worker,50551.58,38,0.974,0.894,3,0.96,0.0,0.028,59.6,0
kirana_merchant,32852.18,49,0.781,0.646,2,0.775,0.189,0.263,24.7,1
kirana_merchant,24961.62,54,0.885,0.875,1,0.603,0.105,0.334,42.4,1
kirana_merchant,16734.03,44,0.7,0.635,1,0.394,0.658,0.038,50.2,0
gig_worker,56925.92,32,0.907,0.294,5,0.215,0.0,0.25,89.0,0
kirana_merchant,42805.66,46,0.704,0.841,1,0.805,0.202,0.168,44.2,0
gig_worker,14426.69,45,0.683,0.601,5,0.597,0.0,0.186,82.1,0
gig_worker,27418.74,42,0.793,0.561,2,0.272,0.0,0.254,51.5,0
gig_worker,28912.41,36,0.995,0.443,5,0.66,0.0,0.094,89.6,0
gig_worker,22633.2,38,0.688,0.328,3,0.232,0.0,0.192,42.4,0
gig_worker,39573.91,52,0.659,0.524,2,0.547,0.0,0.243,77.4,0
gig_worker,40776.72,52,0.616,0.393,10,0.552,0.0,0.077,62.5,0
freelancer,24459.09,37,0.808,0.783,2,0.891,0.0,0.149,32.0,0
gig_worker,23378.34,49,0.741,0.123,6,0.99,0.0,0.176,65.5,0
gig_worker,56924.39,41,0.746,0.524,5,0.315,0.0,0.043,66.0,0
gig_worker,42891.09,41,1.091,0.769,1,0.762,0.0,0.346,67.9,1
kirana_merchant,27894.37,48,0.697,0.122,4,0.897,0.096,0.021,70.7,0
gig_worker,11913.12,52,0.829,0.326,5,0.544,0.0,0.055,87.4,0
freelancer,31952.32,43,1.093,0.141,1,0.461,0.0,0.241,45.1,0
freelancer,38140.87,50,0.615,0.576,2,0.216,0.0,0.036,31.3,0
gig_worker,6786.83,34,0.948,0.353,1,0.651,0.0,0.33,76.3,0
kirana_merchant,30513.81,38,0.786,0.868,6,0.344,0.129,0.338,33.1,0
gig_worker,21843.4,47,1.053,0.593,1,0.259,0.0,0.178,76.9,0
kirana_merchant,24090.5,49,1.056,0.549,4,0.203,0.423,0.213,42.4,0
kirana_merchant,17091.04,39,0.794,0.834,3,0.969,0.113,0.311,51.9,0
gig_worker,24981.86,41,0.711,0.279,9,0.886,0.0,0.096,65.5,0
gig_worker,53959.86,42,0.814,0.55,0,0.97,0.0,0.158,85.7,0
kirana_merchant,21521.35,62,1.083,0.534,0,0.953,0.17,0.313,44.8,1
kirana_merchant,43598.88,50,0.741,0.166,6,0.7,0.905,0.138,40.9,0
gig_worker,17976.75,41,1.091,0.846,9,0.685,0.0,0.326,82.6,0
kirana_merchant,39315.66,37,1.01,0.66,2,0.878,0.491,0.246,69.8,0
kirana_merchant,26925.47,53,0.734,0.81,2,0.957,0.212,0.264,44.3,0
freelancer,32080.78,43,0.996,0.886,1,0.671,0.0,0.236,33.2,0
gig_worker,26999.58,46,0.625,0.484,4,0.296,0.0,0.269,77.8,0
kirana_merchant,37079.24,46,0.874,0.743,1,0.305,0.56,0.303,36.6,1
kirana_merchant,7451.77,36,0.779,0.562,0,0.728,0.871,0.332,26.4,0
gig_worker,13227.95,42,0.813,0.882,3,0.265,0.0,0.087,62.7,0
kirana_merchant,33141.46,51,0.836,0.298,1,0.689,0.087,0.342,64.6,0
kirana_merchant,9684.0,43,0.851,0.111,4,0.971,0.975,0.291,36.0,0
freelancer,20634.3,46,0.928,0.249,3,0.203,0.0,0.192,39.7,0
gig_worker,26182.06,37,0.948,0.202,2,0.349,0.0,0.156,48.7,1
kirana_merchant,17781.79,47,1.088,0.45,3,0.956,0.592,0.159,26.2,0
gig_worker,19038.51,54,0.981,0.162,2,0.591,0.0,0.22,86.8,0
freelancer,30816.06,43,0.944,0.276,6,0.429,0.0,0.252,42.6,1
gig_worker,44562.48,54,0.796,0.177,0,0.399,0.0,0.247,73.9,0
freelancer,16660.16,44,0.659,0.489,6,0.891,0.0,0.096,16.6,0
freelancer,20180.48,43,0.629,0.313,1,0.544,0.0,0.203,38.6,0
gig_worker,18664.33,42,0.839,0.477,8,0.709,0.0,0.197,73.6,0
freelancer,8016.92,41,0.934,0.171,4,0.448,0.0,0.087,36.5,1
freelancer,28878.59,27,0.925,0.513,0,0.636,0.0,0.152,24.3,1
gig_worker,42931.4,40,1.076,0.204,0,0.837,0.0,0.216,82.2,0
kirana_merchant,44726.51,42,0.791,0.179,0,0.471,0.32,0.317,31.5,0
kirana_merchant,17406.81,49,0.914,0.348,9,0.518,0.997,0.134,40.0,1
gig_worker,14388.02,45,1.044,0.8,19,0.555,0.0,0.104,43.3,0
gig_worker,27195.39,47,0.802,0.731,0,0.679,0.0,0.051,71.2,0
gig_worker,40726.6,60,0.839,0.867,0,0.443,0.0,0.22,55.7,1
gig_worker,29068.93,27,1.061,0.468,8,0.557,0.0,0.265,74.5,0
kirana_merchant,31090.34,36,0.875,0.35,0,0.638,0.28,0.086,44.7,0
gig_worker,47615.59,42,1.0,0.877,8,0.484,0.0,0.224,72.0,1
freelancer,18590.98,47,1.068,0.405,2,0.206,0.0,0.339,18.4,0
kirana_merchant,24101.15,45,0.886,0.107,5,0.416,0.246,0.247,20.5,0
gig_worker,60919.14,52,0.655,0.756,1,0.853,0.0,0.218,71.1,0
kirana_merchant,24381.85,43,1.011,0.235,1,0.427,0.801,0.041,16.4,0
kirana_merchant,14275.95,38,1.009,0.674,0,0.858,0.547,0.345,63.8,0
freelancer,19251.07,46,0.657,0.112,2,0.527,0.0,0.175,40.2,0
gig_worker,16829.86,34,0.874,0.189,3,0.893,0.0,0.186,83.8,0
gig_worker,32163.3,53,0.844,0.487,0,0.5,0.0,0.283,85.4,0
freelancer,17189.03,39,1.024,0.154,6,0.434,0.0,0.173,40.9,0
freelancer,30807.61,35,0.737,0.811,1,0.39,0.0,0.187,34.8,0
kirana_merchant,18619.55,56,0.813,0.7,4,0.442,0.146,0.291,42.2,0
kirana_merchant,9305.03,42,0.902,0.363,2,0.359,0.226,0.09,64.4,0
gig_worker,31360.67,43,0.859,0.578,0,0.8,0.0,0.084,64.2,0
kirana_merchant,28976.25,40,1.078,0.672,8,0.985,0.806,0.121,41.7,0
gig_worker,34852.46,46,1.08,0.704,2,0.518,0.0,0.199,58.5,0
gig_worker,19216.15,48,0.641,0.417,2,0.467,0.0,0.228,63.3,0
freelancer,18219.14,47,0.749,0.819,1,0.71,0.0,0.285,29.3,0
gig_worker,32883.73,40,0.604,0.853,0,0.544,0.0,0.136,69.5,0
kirana_merchant,57498.25,49,0.809,0.257,2,0.238,0.466,0.09,41.6,0
freelancer,27053.83,34,0.931,0.829,6,0.475,0.0,0.156,37.5,0
gig_worker,33266.05,51,0.836,0.67,0,0.84,0.0,0.077,76.1,1
freelancer,22907.19,41,0.634,0.811,0,0.255,0.0,0.109,38.2,0
freelancer,12433.94,50,0.698,0.44,2,0.407,0.0,0.042,58.5,0
kirana_merchant,43639.36,39,0.687,0.629,0,0.98,0.625,0.044,43.2,0
gig_worker,42370.48,50,0.856,0.288,4,0.426,0.0,0.089,72.8,0
gig_worker,38383.66,40,0.939,0.701,0,0.881,0.0,0.13,81.5,0
kirana_merchant,24563.76,58,0.758,0.565,0,0.919,0.59,0.331,25.4,0
gig_worker,36262.09,40,0.665,0.485,2,0.745,0.0,0.18,68.9,0
gig_worker,42061.2,48,0.999,0.654,7,0.58,0.0,0.062,77.2,1
freelancer,60480.69,39,1.029,0.542,0,0.964,0.0,0.081,42.7,0
gig_worker,44102.12,57,0.738,0.712,0,0.971,0.0,0.105,65.8,0
kirana_merchant,27775.53,58,0.81,0.787,10,0.709,0.771,0.319,48.1,1
gig_worker,13986.86,43,0.641,0.74,1,0.796,0.0,0.14,53.1,0
kirana_merchant,29080.68,48,0.714,0.346,2,0.905,0.928,0.328,61.0,0
freelancer,30585.73,43,0.984,0.881,2,0.286,0.0,0.047,43.3,1
gig_worker,38350.19,58,0.783,0.62,0,0.652,0.0,0.305,71.8,1
gig_worker,52941.67,38,0.902,0.359,4,0.891,0.0,0.17,75.7,0
kirana_merchant,25653.23,46,1.073,0.134,2,0.931,0.201,0.315,32.9,0
kirana_merchant,76917.88,42,0.962,0.89,8,1.0,0.442,0.266,65.0,0
kirana_merchant,11162.96,45,0.827,0.579,8,0.786,0.547,0.106,72.0,0
gig_worker,33178.95,40,0.783,0.282,1,0.367,0.0,0.149,50.0,0
gig_worker,18047.09,46,0.695,0.493,0,0.707,0.0,0.255,81.1,0
freelancer,10367.06,46,0.978,0.418,5,0.992,0.0,0.097,47.1,0
freelancer,24321.42,52,0.656,0.861,3,0.67,0.0,0.245,43.0,0
kirana_merchant,12983.23,60,0.631,0.494,2,0.509,0.03,0.208,29.3,0
freelancer,24817.05,60,0.652,0.488,1,0.417,0.0,0.132,27.7,1
kirana_merchant,27374.98,37,0.721,0.736,1,0.479,0.285,0.247,8.3,0
kirana_merchant,47064.33,42,0.914,0.413,0,0.789,0.744,0.326,26.2,0
gig_worker,12660.06,44,1.031,0.257,6,0.368,0.0,0.319,98.1,0
kirana_merchant,42371.13,44,1.096,0.715,0,0.713,0.566,0.197,21.3,0
kirana_merchant,28255.41,53,0.966,0.828,3,0.702,0.865,0.259,63.9,0
gig_worker,45000.31,52,0.673,0.137,0,0.411,0.0,0.15,78.1,0
kirana_merchant,21679.54,49,0.739,0.788,0,0.603,0.717,0.097,38.7,1
kirana_merchant,13820.08,56,0.666,0.45,1,0.893,0.811,0.235,42.4,0
kirana_merchant,14636.16,42,0.658,0.331,16,0.836,0.974,0.112,62.1,0
kirana_merchant,14102.34,45,0.884,0.131,1,0.669,0.191,0.112,24.9,0
freelancer,34163.29,41,1.053,0.264,1,0.734,0.0,0.261,29.6,0
gig_worker,56300.63,40,0.942,0.366,2,0.228,0.0,0.31,81.7,0
kirana_merchant,20282.71,43,1.0,0.157,1,0.271,0.436,0.189,35.9,0
kirana_merchant,36848.41,56,0.854,0.251,16,0.5,0.067,0.035,70.9,0
kirana_merchant,12560.08,42,0.838,0.689,1,0.507,0.894,0.255,52.5,0
gig_worker,29441.5,48,1.069,0.649,1,0.438,0.0,0.269,60.1,0
gig_worker,37582.03,49,0.961,0.716,6,0.72,0.0,0.329,79.7,0
freelancer,13042.1,38,0.83,0.232,2,0.686,0.0,0.201,31.4,0
kirana_merchant,24295.79,49,0.766,0.134,0,0.748,0.354,0.211,22.4,0
freelancer,38482.49,46,0.647,0.475,2,0.385,0.0,0.256,54.6,0
kirana_merchant,6205.02,38,1.01,0.374,1,0.202,0.14,0.187,19.2,0
kirana_merchant,52455.82,55,0.685,0.721,7,0.974,0.846,0.088,60.9,0
freelancer,32107.33,43,0.858,0.531,0,0.818,0.0,0.288,31.3,0
kirana_merchant,38498.09,44,0.919,0.845,0,0.566,0.823,0.229,70.0,0
gig_worker,21886.83,46,0.972,0.149,1,0.235,0.0,0.113,77.3,0
kirana_merchant,11368.92,29,0.642,0.391,8,0.359,0.359,0.339,50.9,0
freelancer,35137.76,47,0.605,0.424,0,0.242,0.0,0.294,36.4,0
gig_worker,25814.84,54,0.953,0.201,5,0.582,0.0,0.135,64.4,0
gig_worker,27338.68,38,0.827,0.566,4,0.374,0.0,0.025,81.4,0
gig_worker,46341.98,54,0.691,0.132,0,0.631,0.0,0.336,68.3,0
freelancer,39380.73,49,1.091,0.67,3,0.25,0.0,0.055,29.1,1
gig_worker,70306.44,43,0.996,0.13,9,0.769,0.0,0.129,66.7,0
kirana_merchant,29054.46,59,0.889,0.799,11,0.281,0.098,0.081,42.0,0
kirana_merchant,19041.84,54,0.951,0.152,7,0.448,0.884,0.315,58.7,0
kirana_merchant,24484.4,37,0.678,0.465,0,0.716,0.442,0.13,32.4,0
kirana_merchant,33117.98,40,1.081,0.224,6,0.286,0.797,0.11,27.6,0
gig_worker,44708.92,41,1.098,0.206,2,0.983,0.0,0.169,75.9,0
kirana_merchant,12919.37,33,0.924,0.677,3,0.353,0.681,0.348,43.1,0
kirana_merchant,27018.28,34,0.934,0.719,6,0.229,0.38,0.192,43.7,0
freelancer,60160.47,49,0.952,0.691,13,0.735,0.0,0.03,50.5,0
gig_worker,23858.49,44,0.933,0.423,1,0.505,0.0,0.227,66.6,0
freelancer,42851.93,41,0.819,0.893,4,0.974,0.0,0.201,44.0,0
kirana_merchant,34425.7,39,0.87,0.372,0,0.27,0.818,0.046,68.0,0
freelancer,43387.66,32,0.741,0.296,8,0.484,0.0,0.3,38.1,0
kirana_merchant,17945.95,50,0.823,0.897,7,0.675,0.378,0.049,45.3,1
kirana_merchant,17985.1,54,0.818,0.882,4,0.635,0.283,0.04,23.6,1
freelancer,27177.26,45,0.744,0.573,0,0.59,0.0,0.265,54.0,0
freelancer,12505.07,54,0.993,0.267,2,0.507,0.0,0.178,26.2,1
kirana_merchant,23508.79,43,0.805,0.291,1,0.868,0.998,0.038,53.0,0
gig_worker,30529.18,40,0.876,0.517,11,0.31,0.0,0.198,88.0,0
gig_worker,65664.77,57,0.678,0.721,7,0.601,0.0,0.15,93.5,0
gig_worker,32904.32,43,0.837,0.162,5,0.658,0.0,0.263,40.3,0
gig_worker,36776.5,38,0.981,0.65,0,0.908,0.0,0.035,70.5,0
gig_worker,48157.78,42,0.822,0.182,0,0.426,0.0,0.136,92.2,0
freelancer,16608.52,41,0.879,0.775,2,0.419,0.0,0.181,42.7,1
gig_worker,24771.74,39,0.951,0.526,0,0.848,0.0,0.202,66.1,0
kirana_merchant,90463.91,42,0.794,0.892,2,0.421,0.672,0.253,36.8,0
gig_worker,25859.64,58,0.777,0.702,3,0.243,0.0,0.143,67.1,0
gig_worker,47014.69,47,0.643,0.498,1,0.618,0.0,0.092,93.0,0
gig_worker,43558.88,34,0.891,0.213,0,0.807,0.0,0.158,45.8,0
gig_worker,12848.0,43,0.953,0.534,2,0.323,0.0,0.113,67.0,0
kirana_merchant,31421.25,48,0.891,0.192,1,0.81,0.302,0.255,49.6,0
freelancer,28951.4,42,0.742,0.824,0,0.484,0.0,0.036,29.6,0
gig_worker,31728.78,44,0.731,0.284,5,0.959,0.0,0.332,92.0,0
kirana_merchant,18452.29,42,0.68,0.792,1,0.27,0.806,0.312,33.0,0
kirana_merchant,15391.03,53,0.623,0.343,1,0.452,0.576,0.127,51.7,0
freelancer,21205.06,47,0.813,0.278,3,0.368,0.0,0.055,33.0,0
kirana_merchant,25619.33,48,0.68,0.343,1,0.918,0.038,0.237,32.0,0
kirana_merchant,48654.14,50,0.945,0.666,3,0.423,0.736,0.333,35.5,0
kirana_merchant,66746.38,50,1.081,0.52,5,0.413,0.269,0.327,54.1,1
freelancer,54084.28,35,0.637,0.186,6,0.764,0.0,0.051,39.0,0
gig_worker,41360.96,51,1.046,0.21,3,0.959,0.0,0.16,58.2,0
kirana_merchant,16282.23,52,0.929,0.403,4,0.672,0.321,0.215,70.8,0
freelancer,21928.71,44,1.03,0.371,1,0.954,0.0,0.294,40.4,0
kirana_merchant,29880.55,53,0.677,0.781,2,0.726,0.117,0.175,22.6,0
kirana_merchant,19609.72,36,1.053,0.558,14,0.358,0.133,0.176,24.6,1
kirana_merchant,35903.96,46,1.079,0.249,8,0.796,0.118,0.209,34.2,1
gig_worker,38570.5,49,1.053,0.123,0,0.437,0.0,0.334,99.0,0
kirana_merchant,35176.9,35,0.993,0.182,5,0.447,0.281,0.11,38.5,0
kirana_merchant,44916.81,42,0.645,0.66,7,0.847,0.96,0.233,42.6,0
kirana_merchant,17114.89,53,0.71,0.778,1,0.407,0.821,0.338,38.8,0
kirana_merchant,42890.87,52,1.057,0.726,0,0.467,0.345,0.17,23.0,0
freelancer,18999.68,45,0.715,0.732,0,0.99,0.0,0.127,14.1,0
gig_worker,16806.69,50,0.774,0.309,12,0.336,0.0,0.116,56.5,1
kirana_merchant,35103.57,40,0.625,0.891,6,0.706,0.146,0.235,45.3,0
kirana_merchant,49411.42,46,0.914,0.169,0,0.516,0.183,0.175,36.7,0
kirana_merchant,34337.96,55,0.882,0.757,3,0.456,0.379,0.298,38.7,1
gig_worker,27184.49,41,1.081,0.177,0,0.306,0.0,0.105,80.4,0
kirana_merchant,31416.14,44,1.046,0.314,6,0.626,0.127,0.349,60.9,0
freelancer,28802.38,46,0.853,0.496,0,0.656,0.0,0.315,18.1,1
kirana_merchant,15321.69,34,0.905,0.143,0,0.75,0.196,0.139,25.8,0
freelancer,14453.47,37,0.807,0.415,1,0.83,0.0,0.303,17.8,0
freelancer,25863.48,45,0.666,0.38,4,0.53,0.0,0.35,12.8,0
gig_worker,27999.12,46,1.034,0.618,5,0.631,0.0,0.349,79.3,1
gig_worker,27056.06,49,0.875,0.674,13,0.252,0.0,0.124,63.5,0
freelancer,37723.96,51,0.813,0.172,0,0.534,0.0,0.191,18.3,0
freelancer,24155.36,44,0.634,0.13,2,0.306,0.0,0.188,29.3,0
gig_worker,35649.47,37,0.933,0.721,5,0.201,0.0,0.25,66.6,1
gig_worker,25026.9,47,0.8,0.522,3,0.248,0.0,0.044,81.0,0
gig_worker,66948.54,56,0.727,0.528,5,0.22,0.0,0.291,79.4,0
freelancer,28011.12,43,1.038,0.885,6,0.514,0.0,0.084,21.1,1
gig_worker,86713.19,51,0.692,0.45,7,0.507,0.0,0.173,72.0,0
kirana_merchant,32080.57,59,0.858,0.257,13,0.359,0.67,0.217,32.3,1
freelancer,24177.11,53,0.998,0.645,3,0.572,0.0,0.177,27.6,0
gig_worker,17158.96,51,1.025,0.753,2,0.264,0.0,0.043,41.9,1
kirana_merchant,13076.29,51,1.009,0.502,0,0.433,0.376,0.142,20.6,0
gig_worker,16387.58,44,1.048,0.653,10,0.236,0.0,0.167,52.0,0
freelancer,17330.04,50,0.671,0.511,22,0.205,0.0,0.182,30.3,1
gig_worker,32774.63,38,1.07,0.426,1,0.67,0.0,0.342,66.9,0
kirana_merchant,20679.9,40,0.605,0.127,0,0.774,0.134,0.159,49.6,0
kirana_merchant,29538.91,41,0.728,0.239,0,0.407,0.939,0.222,49.1,0
gig_worker,51071.87,45,0.642,0.484,8,0.754,0.0,0.058,75.0,0
gig_worker,25747.58,45,1.073,0.417,1,0.702,0.0,0.094,90.5,0
kirana_merchant,76082.86,52,0.812,0.774,2,0.82,0.111,0.041,26.5,0
gig_worker,14944.44,54,0.758,0.187,0,0.364,0.0,0.177,62.6,0
freelancer,24951.97,50,0.684,0.14,5,0.585,0.0,0.186,55.0,1
freelancer,20544.4,41,0.678,0.17,1,0.369,0.0,0.324,30.6,0
kirana_merchant,42969.82,51,0.907,0.642,5,0.897,0.998,0.247,43.6,0
kirana_merchant,8778.88,44,0.624,0.576,7,0.716,0.824,0.094,46.1,0
kirana_merchant,13074.8,57,0.897,0.606,3,0.268,0.703,0.042,20.4,0
freelancer,25497.27,43,0.987,0.226,0,0.493,0.0,0.058,24.2,1
kirana_merchant,58436.08,41,0.901,0.513,2,0.231,0.945,0.041,30.4,0
gig_worker,30119.28,45,1.013,0.714,1,0.988,0.0,0.339,91.1,0
gig_worker,13687.34,41,0.733,0.647,9,0.859,0.0,0.253,53.6,0
kirana_merchant,14785.71,46,0.639,0.451,5,0.482,0.315,0.046,27.0,0
kirana_merchant,62099.6,58,0.96,0.183,3,0.507,0.214,0.072,45.5,0
kirana_merchant,19720.87,47,1.014,0.797,4,0.496,0.67,0.255,25.2,0
gig_worker,16789.66,39,0.851,0.521,5,0.726,0.0,0.095,70.7,0
kirana_merchant,56313.31,38,1.01,0.812,1,0.479,0.948,0.2,58.7,0
gig_worker,44602.65,48,0.829,0.451,1,0.37,0.0,0.07,69.8,0
gig_worker,50870.06,48,0.699,0.29,3,0.414,0.0,0.312,72.3,0
kirana_merchant,16730.34,47,0.837,0.346,1,0.836,0.34,0.204,44.0,0
gig_worker,12549.64,56,0.708,0.435,3,0.282,0.0,0.12,56.2,0
kirana_merchant,28755.47,43,0.836,0.591,0,0.544,0.273,0.32,37.6,0
gig_worker,31810.86,46,0.674,0.715,3,0.517,0.0,0.193,68.4,0
kirana_merchant,32283.16,48,0.693,0.294,1,0.646,0.648,0.199,48.9,0
kirana_merchant,56336.16,37,1.041,0.25,2,0.249,0.84,0.151,11.2,1
gig_worker,11306.31,43,0.658,0.262,9,0.227,0.0,0.061,92.7,0
gig_worker,41350.82,50,0.712,0.848,4,0.756,0.0,0.092,84.5,0
freelancer,15548.0,35,1.098,0.231,3,0.619,0.0,0.176,41.6,0
kirana_merchant,41269.03,59,0.888,0.377,9,0.297,0.07,0.255,41.5,0
kirana_merchant,21216.23,37,0.893,0.489,1,0.508,0.361,0.088,19.4,1
gig_worker,17908.2,57,1.022,0.545,0,0.619,0.0,0.071,70.5,0
kirana_merchant,19831.93,43,0.862,0.786,3,0.483,0.751,0.192,50.3,0
kirana_merchant,13058.5,58,0.711,0.19,7,0.291,0.055,0.062,22.8,0
kirana_merchant,27452.55,37,0.811,0.186,14,0.32,0.946,0.164,56.4,0
kirana_merchant,18281.84,34,0.978,0.353,3,0.396,0.835,0.205,15.7,0
gig_worker,39860.82,39,1.036,0.431,2,0.201,0.0,0.181,97.2,1
gig_worker,37050.16,41,0.737,0.399,4,0.783,0.0,0.317,72.8,0
freelancer,62572.33,59,0.731,0.414,18,0.749,0.0,0.042,34.3,1
freelancer,32311.02,43,0.764,0.781,1,0.905,0.0,0.318,43.0,0
gig_worker,34903.38,46,0.898,0.769,13,0.292,0.0,0.226,54.3,1
kirana_merchant,54179.07,52,0.739,0.744,2,0.693,0.964,0.072,66.0,0
gig_worker,19656.6,53,1.047,0.704,1,0.778,0.0,0.054,82.4,0
gig_worker,12782.99,37,1.089,0.132,1,0.686,0.0,0.294,90.3,0
gig_worker,29734.02,42,0.94,0.22,2,0.485,0.0,0.028,71.1,0
gig_worker,13209.39,54,1.085,0.686,2,0.461,0.0,0.211,49.3,0
kirana_merchant,91763.45,49,0.744,0.576,0,0.311,0.503,0.31,21.8,0
kirana_merchant,55700.76,48,1.008,0.639,12,0.977,0.941,0.327,60.6,0
gig_worker,79378.92,51,0.939,0.674,2,0.289,0.0,0.224,69.8,0
gig_worker,27756.45,46,0.732,0.829,8,0.746,0.0,0.338,82.7,0
freelancer,35429.03,50,0.759,0.608,0,0.908,0.0,0.238,57.3,0
gig_worker,21381.09,32,0.844,0.32,0,0.92,0.0,0.329,86.2,0
kirana_merchant,41833.9,55,0.996,0.166,0,0.939,0.657,0.302,56.6,0
gig_worker,14650.48,44,1.036,0.446,6,0.728,0.0,0.033,64.2,0
kirana_merchant,7543.59,54,0.917,0.668,2,0.304,0.186,0.154,79.2,0
gig_worker,18117.7,44,0.961,0.326,1,0.616,0.0,0.153,58.8,0
gig_worker,12994.26,44,0.732,0.196,4,0.551,0.0,0.127,83.4,0
gig_worker,56328.92,40,0.971,0.899,0,0.737,0.0,0.35,76.7,0
gig_worker,66691.9,51,0.902,0.435,9,0.567,0.0,0.069,79.8,0
kirana_merchant,13340.18,55,0.711,0.273,5,0.858,0.614,0.099,22.9,0
kirana_merchant,51321.13,51,1.075,0.232,2,0.53,0.2,0.051,74.2,0
gig_worker,43290.67,39,0.856,0.79,0,0.803,0.0,0.209,39.5,0
gig_worker,12272.44,41,0.997,0.756,4,0.961,0.0,0.295,36.9,0
kirana_merchant,22133.91,51,0.863,0.591,1,0.782,1.0,0.094,15.1,0
kirana_merchant,20129.03,41,1.066,0.538,6,0.81,0.043,0.206,60.8,1
freelancer,39104.69,52,0.671,0.861,1,0.769,0.0,0.085,7.8,1
kirana_merchant,14553.84,48,0.873,0.283,6,0.872,0.256,0.041,29.7,0
kirana_merchant,25605.53,35,0.613,0.432,1,0.433,0.519,0.06,43.6,0
kirana_merchant,19092.15,37,0.699,0.12,10,0.994,0.105,0.159,51.5,0
freelancer,34086.97,40,0.741,0.435,7,0.837,0.0,0.088,29.3,1
freelancer,24139.48,33,0.836,0.407,3,0.806,0.0,0.05,59.6,0
gig_worker,20586.22,48,1.01,0.86,3,0.272,0.0,0.156,65.6,0
gig_worker,24181.71,54,0.833,0.387,6,0.466,0.0,0.239,84.3,0
gig_worker,74460.3,40,0.881,0.768,2,0.403,0.0,0.209,94.8,0
kirana_merchant,21841.13,43,1.062,0.713,1,0.29,0.131,0.189,40.7,0
kirana_merchant,15986.46,37,0.978,0.218,17,0.931,0.947,0.173,31.3,0
kirana_merchant,36015.94,48,0.625,0.87,5,0.688,0.721,0.187,23.9,0
gig_worker,25040.2,57,0.688,0.605,3,0.918,0.0,0.309,74.5,0
kirana_merchant,13258.35,39,0.619,0.577,5,0.626,0.081,0.03,59.9,0
freelancer,82104.51,47,0.635,0.109,2,0.929,0.0,0.174,36.4,0
gig_worker,22556.09,49,0.769,0.659,5,0.941,0.0,0.309,69.5,0
kirana_merchant,22271.55,39,0.964,0.145,2,0.722,0.711,0.192,10.5,0
kirana_merchant,29141.47,61,0.722,0.248,8,0.601,0.182,0.094,46.3,0
freelancer,63898.96,42,0.796,0.179,0,0.377,0.0,0.098,31.2,1
freelancer,11615.87,42,0.797,0.403,2,0.931,0.0,0.23,34.9,0
kirana_merchant,30883.98,35,0.895,0.737,4,0.824,0.622,0.281,36.8,0
kirana_merchant,76392.22,46,1.046,0.666,4,0.468,0.926,0.302,66.7,0
freelancer,28691.73,47,1.092,0.185,6,0.734,0.0,0.188,38.8,1
kirana_merchant,14506.22,54,0.902,0.739,5,0.689,0.478,0.292,45.6,0
gig_worker,19747.88,38,0.853,0.469,0,0.286,0.0,0.104,89.5,0
kirana_merchant,29835.11,52,0.941,0.126,5,0.945,0.633,0.209,48.0,0
gig_worker,52334.02,26,0.934,0.279,0,0.205,0.0,0.28,85.4,1
gig_worker,22704.81,43,0.862,0.728,1,0.863,0.0,0.321,83.4,1
freelancer,40673.25,46,0.968,0.687,0,0.609,0.0,0.279,43.9,0
kirana_merchant,13125.54,39,0.846,0.251,6,0.861,0.202,0.307,39.3,0
kirana_merchant,13070.86,50,1.098,0.13,6,0.645,0.912,0.313,48.5,0
gig_worker,21133.18,44,0.624,0.336,5,0.323,0.0,0.109,76.3,0
gig_worker,55216.35,46,0.822,0.736,5,0.579,0.0,0.127,99.0,0
gig_worker,27845.8,46,0.799,0.851,1,0.903,0.0,0.285,70.7,0
gig_worker,31098.21,51,0.985,0.558,1,0.384,0.0,0.327,77.5,1
kirana_merchant,30916.33,50,0.695,0.173,2,0.296,0.973,0.288,38.3,0
gig_worker,46845.21,54,0.817,0.502,1,0.532,0.0,0.093,68.6,0
kirana_merchant,19828.78,38,0.949,0.899,1,0.849,0.771,0.347,38.4,0
gig_worker,37954.47,34,0.902,0.851,0,0.764,0.0,0.23,56.3,1
freelancer,17757.42,45,0.873,0.895,6,0.997,0.0,0.178,41.8,1
gig_worker,72521.35,49,0.817,0.66,11,0.904,0.0,0.338,64.6,0
gig_worker,18030.22,41,0.976,0.441,0,0.337,0.0,0.316,85.3,0
gig_worker,17305.94,38,0.923,0.815,6,0.83,0.0,0.215,88.0,0
kirana_merchant,35413.02,44,1.037,0.816,8,0.775,0.179,0.14,41.7,1
kirana_merchant,27998.16,45,0.966,0.215,3,0.356,0.816,0.175,55.1,0
kirana_merchant,31679.54,39,0.67,0.72,7,0.824,0.665,0.202,5.3,0
kirana_merchant,30141.46,44,0.91,0.835,8,0.394,0.254,0.22,42.6,0
gig_worker,15596.53,42,0.622,0.819,2,0.564,0.0,0.252,67.6,0
kirana_merchant,60275.41,37,0.794,0.665,3,0.422,0.97,0.216,62.1,0
kirana_merchant,42056.58,46,0.806,0.53,10,0.561,0.46,0.307,36.8,0
gig_worker,53075.73,48,1.027,0.721,0,0.442,0.0,0.053,85.1,0
gig_worker,20657.52,46,0.69,0.513,10,0.727,0.0,0.333,83.7,0
gig_worker,33132.23,36,0.922,0.357,3,0.842,0.0,0.084,42.0,0
gig_worker,29693.52,50,0.696,0.307,7,0.215,0.0,0.113,76.4,1
kirana_merchant,47287.5,44,1.074,0.533,0,0.522,0.532,0.298,70.8,0
gig_worker,48056.09,39,0.865,0.465,3,0.316,0.0,0.156,81.7,0
gig_worker,29629.49,45,0.954,0.52,6,0.215,0.0,0.217,70.8,0
gig_worker,12594.61,40,0.923,0.309,0,0.987,0.0,0.215,56.1,0
freelancer,65501.67,42,0.752,0.572,0,0.739,0.0,0.064,22.3,0
freelancer,35525.06,47,1.051,0.63,6,0.562,0.0,0.152,49.4,0
gig_worker,19846.47,38,0.914,0.745,8,0.545,0.0,0.321,35.6,0
gig_worker,32967.29,37,0.855,0.572,0,0.873,0.0,0.039,79.2,0
gig_worker,12637.87,47,0.864,0.705,6,0.657,0.0,0.252,73.9,1
kirana_merchant,45600.62,36,1.045,0.236,1,0.799,0.387,0.184,41.1,0
gig_worker,12892.41,46,0.63,0.197,6,0.936,0.0,0.029,73.4,0
kirana_merchant,24090.74,39,0.795,0.244,2,0.907,0.834,0.179,29.8,0
kirana_merchant,30400.89,30,1.021,0.777,1,0.276,0.49,0.148,58.4,1
freelancer,45225.66,48,0.619,0.545,1,0.589,0.0,0.23,35.3,1
gig_worker,28375.24,40,0.92,0.464,3,0.707,0.0,0.087,77.4,0
freelancer,36955.93,50,0.802,0.71,1,0.571,0.0,0.139,18.2,0
kirana_merchant,26526.95,34,0.702,0.199,0,0.432,0.888,0.217,32.0,0
gig_worker,26473.7,39,0.906,0.105,1,0.933,0.0,0.27,76.1,0
gig_worker,28077.92,45,1.016,0.349,11,0.919,0.0,0.113,99.0,0
gig_worker,24476.56,48,0.834,0.299,0,0.873,0.0,0.257,79.6,0
gig_worker,11576.3,52,0.673,0.346,2,0.947,0.0,0.173,95.9,0
gig_worker,18321.64,50,0.753,0.879,4,0.794,0.0,0.19,99.0,0
kirana_merchant,30405.76,50,1.091,0.554,17,0.512,0.652,0.199,40.8,1
kirana_merchant,23752.42,37,0.656,0.571,2,0.598,0.688,0.077,64.5,0
freelancer,24886.87,53,0.68,0.625,2,0.859,0.0,0.113,36.3,0
gig_worker,22886.97,33,1.095,0.418,0,0.928,0.0,0.281,61.9,0
freelancer,17469.31,35,1.041,0.883,1,0.736,0.0,0.164,55.4,0
gig_worker,21024.64,41,0.954,0.879,2,0.665,0.0,0.139,72.0,0
kirana_merchant,23076.82,35,0.675,0.715,5,0.914,0.489,0.052,40.6,0
gig_worker,26972.46,40,0.72,0.269,4,0.8,0.0,0.08,87.2,0
gig_worker,32751.01,54,0.69,0.804,0,0.931,0.0,0.201,64.7,0
freelancer,24580.9,41,0.915,0.181,9,0.906,0.0,0.179,28.9,0
gig_worker,16077.44,45,0.799,0.604,2,0.463,0.0,0.342,82.4,0
kirana_merchant,13372.54,43,0.624,0.466,1,0.305,0.553,0.08,54.5,1
kirana_merchant,98589.36,39,0.746,0.131,0,0.762,0.42,0.091,49.6,0
kirana_merchant,15292.11,36,1.03,0.823,0,0.947,0.968,0.248,54.6,0
kirana_merchant,20758.01,28,0.998,0.869,0,0.928,0.304,0.15,66.2,0
kirana_merchant,34839.26,52,0.922,0.826,4,0.936,0.276,0.119,33.1,1
gig_worker,32222.82,46,0.643,0.254,20,0.897,0.0,0.038,84.5,0
kirana_merchant,34906.66,41,1.041,0.366,11,0.551,0.48,0.234,56.5,0
freelancer,21561.0,45,0.867,0.865,9,0.949,0.0,0.304,82.2,0
gig_worker,30311.4,49,0.847,0.185,0,0.71,0.0,0.344,91.6,0
gig_worker,27741.14,50,1.067,0.567,6,0.864,0.0,0.17,67.2,1
kirana_merchant,23015.76,50,0.604,0.488,6,0.439,0.72,0.228,51.2,0
kirana_merchant,30415.42,41,0.878,0.222,0,0.6,0.742,0.085,48.9,0
kirana_merchant,45600.9,44,0.996,0.809,22,0.294,0.845,0.272,82.1,1
gig_worker,26606.21,41,0.632,0.207,10,0.323,0.0,0.123,85.0,0
kirana_merchant,26694.86,46,0.779,0.574,3,0.846,0.747,0.302,40.8,0
gig_worker,45893.58,43,1.089,0.355,2,0.955,0.0,0.297,70.1,0
kirana_merchant,43507.13,37,0.706,0.434,9,0.622,0.726,0.052,37.2,0
kirana_merchant,59395.17,41,0.866,0.269,2,0.589,0.03,0.231,38.3,0
gig_worker,11180.04,42,0.973,0.6,0,0.954,0.0,0.296,95.9,0
kirana_merchant,42300.73,46,0.795,0.891,4,0.865,0.481,0.193,43.5,0
freelancer,36344.2,39,0.804,0.767,9,0.346,0.0,0.256,58.2,1
kirana_merchant,17277.73,45,0.632,0.647,2,0.233,0.947,0.092,50.2,0
freelancer,30509.52,40,0.695,0.705,3,0.96,0.0,0.226,21.2,0
kirana_merchant,45504.24,37,1.04,0.771,8,0.632,0.526,0.219,28.8,1
kirana_merchant,17772.73,42,1.009,0.478,4,0.717,0.493,0.11,36.6,0
gig_worker,33566.41,45,0.752,0.554,0,0.625,0.0,0.325,87.0,0
gig_worker,41592.57,59,0.791,0.816,0,0.791,0.0,0.161,76.9,0
gig_worker,15748.34,46,0.82,0.657,10,0.918,0.0,0.253,47.1,1
kirana_merchant,25055.71,46,0.773,0.209,0,0.995,0.995,0.049,34.7,0
freelancer,31272.18,39,0.927,0.724,11,0.491,0.0,0.021,37.2,1
gig_worker,18068.66,49,0.606,0.118,2,0.616,0.0,0.332,74.7,0
kirana_merchant,17333.97,44,1.04,0.778,4,0.907,0.673,0.256,20.0,0
kirana_merchant,25146.59,46,0.75,0.731,1,0.549,0.75,0.07,29.8,0
kirana_merchant,40167.76,56,1.036,0.765,4,0.487,0.559,0.202,42.2,0
gig_worker,37118.36,36,0.827,0.119,3,0.975,0.0,0.054,56.1,0
kirana_merchant,17488.41,58,0.988,0.878,2,0.786,0.89,0.277,24.9,0
gig_worker,37275.22,47,1.013,0.591,29,0.606,0.0,0.143,67.8,1
gig_worker,17712.57,43,0.751,0.74,4,0.837,0.0,0.034,85.4,0
freelancer,12027.07,51,0.92,0.553,8,0.455,0.0,0.029,38.2,1
gig_worker,22391.31,65,0.904,0.372,3,0.671,0.0,0.1,61.0,0
gig_worker,47168.65,44,0.838,0.337,7,0.769,0.0,0.082,74.4,0
freelancer,37345.97,46,0.835,0.156,4,0.773,0.0,0.349,27.0,0
gig_worker,26882.05,44,0.753,0.534,3,0.357,0.0,0.334,79.0,0
kirana_merchant,21843.25,44,0.755,0.215,10,0.996,0.044,0.31,30.3,0
gig_worker,22139.51,43,0.874,0.554,1,0.803,0.0,0.147,62.9,1
gig_worker,28407.04,44,0.616,0.6,2,0.794,0.0,0.026,72.1,0
gig_worker,15768.68,38,1.067,0.454,0,0.669,0.0,0.148,81.6,0
gig_worker,22605.45,44,0.925,0.225,12,0.474,0.0,0.273,83.4,0
kirana_merchant,24154.24,46,0.822,0.446,8,0.591,0.976,0.054,54.2,0
kirana_merchant,13690.57,40,0.631,0.803,0,0.541,0.464,0.082,77.5,0
kirana_merchant,17690.37,28,0.915,0.466,7,0.292,0.59,0.108,49.2,0
freelancer,33032.7,49,0.609,0.374,8,0.94,0.0,0.043,41.4,0
gig_worker,27031.44,37,0.94,0.604,2,0.606,0.0,0.138,70.2,1
kirana_merchant,23054.57,42,0.636,0.595,1,0.234,0.509,0.134,31.6,0
kirana_merchant,17056.49,40,0.928,0.172,2,0.536,0.426,0.174,43.4,0
freelancer,59185.09,50,0.803,0.289,4,0.536,0.0,0.037,35.9,0
gig_worker,17694.52,57,0.931,0.496,1,0.269,0.0,0.093,69.4,0
kirana_merchant,30509.59,46,0.669,0.393,4,0.357,0.75,0.187,40.2,0
freelancer,21079.69,54,0.659,0.356,0,0.262,0.0,0.292,57.2,0
gig_worker,27395.65,39,0.724,0.457,1,0.328,0.0,0.05,56.4,0
freelancer,33819.91,41,0.806,0.332,1,0.292,0.0,0.053,27.0,0
gig_worker,13559.89,37,0.727,0.378,5,0.922,0.0,0.045,61.9,0
kirana_merchant,26814.33,50,0.641,0.719,1,0.821,0.97,0.183,60.9,0
freelancer,48794.08,47,0.763,0.508,16,0.898,0.0,0.08,53.8,0
kirana_merchant,64909.61,41,0.953,0.798,2,0.311,0.725,0.142,41.5,0
kirana_merchant,25209.92,42,0.892,0.859,4,0.735,0.163,0.149,32.7,1
gig_worker,27469.75,38,1.082,0.838,8,0.921,0.0,0.056,69.6,0
freelancer,81280.91,52,0.818,0.303,1,0.963,0.0,0.335,60.4,0
kirana_merchant,47451.44,33,0.766,0.478,2,0.247,0.858,0.224,14.4,0
gig_worker,19758.87,50,0.947,0.528,1,0.503,0.0,0.267,72.6,0
kirana_merchant,19742.09,48,0.806,0.782,6,0.491,0.747,0.239,40.0,1
kirana_merchant,43402.6,37,0.909,0.547,0,0.35,0.574,0.167,31.7,0
gig_worker,16227.81,45,1.073,0.302,1,0.323,0.0,0.333,78.4,0
gig_worker,46344.75,29,0.85,0.538,0,0.497,0.0,0.131,70.5,0
gig_worker,31797.72,47,0.849,0.135,1,0.769,0.0,0.332,59.1,0
kirana_merchant,34851.81,39,0.988,0.767,0,0.785,0.781,0.227,71.9,0
kirana_merchant,23662.18,48,0.978,0.553,2,0.662,0.167,0.166,27.4,1
kirana_merchant,19635.37,44,0.858,0.621,7,0.829,0.851,0.243,44.7,0
freelancer,55881.93,41,0.632,0.261,0,0.763,0.0,0.294,37.2,0
freelancer,23780.74,50,1.09,0.547,15,0.836,0.0,0.326,44.1,0
kirana_merchant,21906.36,57,0.789,0.525,3,0.98,0.901,0.223,39.1,0
gig_worker,25846.53,57,0.758,0.596,6,0.664,0.0,0.244,62.4,0
kirana_merchant,29629.06,44,1.091,0.778,1,0.813,0.511,0.335,61.9,0
kirana_merchant,16068.04,48,1.036,0.712,2,0.867,0.806,0.19,32.4,0
kirana_merchant,20283.52,37,0.765,0.537,0,0.93,0.77,0.309,12.3,0
kirana_merchant,19751.49,47,0.754,0.815,4,0.636,0.807,0.198,41.2,0
gig_worker,41053.86,49,0.96,0.387,2,0.935,0.0,0.296,88.7,0
freelancer,17275.05,48,0.767,0.494,4,0.631,0.0,0.214,41.0,0
gig_worker,11182.62,40,0.726,0.62,2,0.754,0.0,0.098,60.2,0
kirana_merchant,10061.31,39,1.09,0.453,6,0.479,0.484,0.084,51.7,0
gig_worker,12897.77,49,0.883,0.389,13,0.988,0.0,0.125,69.7,1
freelancer,53144.46,51,0.981,0.19,2,0.374,0.0,0.109,35.7,1
gig_worker,27122.08,45,0.957,0.609,0,0.406,0.0,0.153,58.3,0
gig_worker,34565.96,50,0.978,0.254,7,0.401,0.0,0.25,78.6,0
gig_worker,35180.38,43,1.052,0.211,16,0.537,0.0,0.305,76.0,0
gig_worker,27669.66,49,0.85,0.246,3,0.814,0.0,0.073,60.2,0
gig_worker,25915.83,42,0.977,0.651,2,0.987,0.0,0.207,86.7,1
kirana_merchant,45354.43,36,0.998,0.211,7,0.694,0.15,0.238,46.4,0
kirana_merchant,28940.52,44,1.073,0.881,3,0.694,0.184,0.198,63.7,0
gig_worker,54151.92,47,0.957,0.707,0,0.622,0.0,0.042,57.6,0
gig_worker,36695.7,56,1.046,0.414,1,0.922,0.0,0.231,86.6,0
freelancer,19753.81,43,0.648,0.575,1,0.465,0.0,0.128,36.7,0
kirana_merchant,20982.27,47,0.663,0.106,7,0.352,0.233,0.098,47.1,0
kirana_merchant,18699.79,47,0.679,0.776,2,0.383,0.96,0.167,69.6,0
kirana_merchant,49452.8,50,0.672,0.317,1,0.888,0.935,0.256,46.9,0
gig_worker,21970.91,31,0.644,0.158,0,0.336,0.0,0.201,70.4,0
gig_worker,18047.52,41,0.661,0.706,5,0.6,0.0,0.103,74.8,0
gig_worker,31567.68,44,1.098,0.364,1,0.457,0.0,0.074,83.3,0
freelancer,25627.38,43,0.736,0.554,5,0.347,0.0,0.135,29.4,0
freelancer,31172.27,41,0.839,0.775,1,0.658,0.0,0.031,19.3,0
kirana_merchant,69210.44,38,1.011,0.721,9,0.884,0.926,0.311,32.1,1
gig_worker,42469.24,43,0.659,0.369,2,0.456,0.0,0.116,70.1,1
gig_worker,27268.99,42,0.759,0.795,2,0.296,0.0,0.313,64.3,0
gig_worker,13303.58,38,0.68,0.411,0,0.698,0.0,0.257,66.9,0
kirana_merchant,20952.62,52,0.631,0.5,0,0.792,0.776,0.331,53.4,0
gig_worker,38388.88,34,1.08,0.59,6,0.647,0.0,0.211,77.9,0
freelancer,14980.12,34,1.029,0.157,2,0.294,0.0,0.272,13.8,0
gig_worker,78471.06,40,1.04,0.578,2,0.204,0.0,0.077,74.7,1
freelancer,27097.81,53,1.034,0.562,3,0.269,0.0,0.241,57.3,0
kirana_merchant,27568.36,41,0.677,0.799,4,0.938,0.171,0.198,41.7,0
kirana_merchant,19277.18,41,0.992,0.383,11,0.662,0.794,0.177,34.0,0
kirana_merchant,34488.07,40,0.964,0.294,10,0.498,0.984,0.095,79.3,0
kirana_merchant,15078.11,43,1.063,0.481,1,0.346,0.292,0.247,47.7,0
kirana_merchant,79415.3,44,0.71,0.65,15,0.759,0.099,0.191,43.0,1
kirana_merchant,51983.19,39,0.807,0.55,5,0.811,0.811,0.305,54.8,1
kirana_merchant,44008.95,36,0.747,0.211,3,0.846,0.069,0.051,36.0,0
freelancer,13423.81,51,0.729,0.378,2,0.215,0.0,0.042,29.5,0
kirana_merchant,29813.2,49,0.926,0.151,3,0.816,0.731,0.054,43.0,0
kirana_merchant,49244.02,37,0.682,0.691,2,0.328,0.641,0.125,62.3,0
freelancer,36190.53,46,0.832,0.806,1,0.837,0.0,0.287,56.7,0
gig_worker,16300.41,48,0.923,0.137,7,0.321,0.0,0.205,68.8,0
gig_worker,19437.38,53,0.665,0.52,2,0.396,0.0,0.221,57.2,0
kirana_merchant,21461.84,57,0.728,0.553,8,0.822,0.359,0.202,40.6,0
kirana_merchant,19896.14,53,1.084,0.451,11,0.703,0.656,0.215,39.2,0
freelancer,57779.51,45,0.998,0.502,7,0.228,0.0,0.025,25.4,1
kirana_merchant,10295.82,43,0.938,0.668,1,0.333,0.175,0.253,54.4,0
kirana_merchant,37345.2,50,1.028,0.487,8,0.385,0.023,0.281,68.0,1
kirana_merchant,14098.85,53,0.607,0.836,6,0.875,0.074,0.341,64.5,0
gig_worker,16636.83,44,0.603,0.533,12,0.691,0.0,0.243,70.9,1
kirana_merchant,9849.08,48,0.677,0.157,16,0.347,0.095,0.194,28.8,0
freelancer,20444.57,45,0.848,0.863,1,0.404,0.0,0.194,51.0,0
gig_worker,57260.47,46,0.885,0.217,0,0.564,0.0,0.128,63.3,0
kirana_merchant,30712.1,59,0.657,0.728,4,0.267,0.552,0.176,18.8,0
kirana_merchant,14776.88,39,0.636,0.522,7,0.53,0.538,0.034,66.0,0
gig_worker,44737.79,60,1.014,0.693,0,0.835,0.0,0.34,60.5,0
gig_worker,49794.12,44,0.832,0.511,2,0.516,0.0,0.05,84.8,1
freelancer,28339.82,52,1.096,0.147,7,0.829,0.0,0.074,29.9,0
gig_worker,74412.15,56,0.715,0.4,4,0.7,0.0,0.189,54.5,0
gig_worker,40569.92,54,0.924,0.597,6,0.523,0.0,0.162,61.1,1
gig_worker,37847.73,45,1.002,0.603,2,0.915,0.0,0.308,22.6,0
kirana_merchant,18003.31,35,1.036,0.878,0,0.553,0.578,0.121,23.8,1
kirana_merchant,36816.42,43,0.753,0.585,2,0.788,0.192,0.257,55.0,0
kirana_merchant,29983.29,50,0.697,0.329,7,0.84,0.043,0.16,38.7,0
gig_worker,34888.57,43,0.713,0.135,1,0.933,0.0,0.146,72.9,0
freelancer,19105.03,50,0.933,0.731,7,0.422,0.0,0.089,47.6,0
gig_worker,28682.7,58,0.861,0.811,3,0.361,0.0,0.288,90.5,0
gig_worker,17882.35,48,0.899,0.591,5,0.558,0.0,0.085,87.5,0
kirana_merchant,9195.17,48,0.61,0.486,3,0.9,0.653,0.023,60.2,0
gig_worker,44318.27,40,0.795,0.789,6,0.464,0.0,0.294,55.3,1
freelancer,12692.99,43,0.755,0.292,9,0.419,0.0,0.09,13.6,1
freelancer,28384.35,41,1.032,0.419,2,0.229,0.0,0.07,8.7,1
gig_worker,31777.1,55,0.988,0.506,5,0.76,0.0,0.086,74.2,0
freelancer,31674.95,35,0.815,0.139,3,0.76,0.0,0.33,51.5,0
kirana_merchant,23352.53,42,0.915,0.651,7,0.868,0.385,0.242,46.0,1
freelancer,30810.34,53,0.624,0.251,13,0.597,0.0,0.248,39.5,0
gig_worker,34046.53,54,0.919,0.367,1,0.912,0.0,0.07,97.1,0
kirana_merchant,38850.74,44,0.649,0.432,0,0.269,0.909,0.223,51.4,0
gig_worker,64005.27,47,0.957,0.611,1,0.65,0.0,0.304,65.8,0
freelancer,30245.33,43,0.887,0.152,3,0.581,0.0,0.244,5.8,1
gig_worker,27778.69,48,0.75,0.373,0,0.918,0.0,0.045,89.7,0
kirana_merchant,17096.61,47,0.785,0.319,5,0.927,0.2,0.163,40.8,0
gig_worker,33455.56,50,0.645,0.101,4,0.981,0.0,0.255,79.8,0
gig_worker,37559.87,47,0.761,0.653,5,0.482,0.0,0.051,45.5,0
kirana_merchant,24436.87,37,1.083,0.289,10,0.504,0.838,0.139,54.4,0
freelancer,35323.59,41,0.843,0.233,3,0.354,0.0,0.255,34.4,0
kirana_merchant,23242.6,52,0.837,0.738,7,0.794,0.778,0.296,11.2,1
freelancer,37627.72,42,0.915,0.131,13,0.867,0.0,0.23,17.6,0
gig_worker,42459.3,50,0.842,0.82,1,0.882,0.0,0.297,59.2,0
kirana_merchant,42163.66,46,0.778,0.65,13,0.992,0.015,0.236,31.3,0
kirana_merchant,28536.01,55,0.67,0.237,6,0.65,0.473,0.328,24.3,1
gig_worker,15994.75,36,0.915,0.38,0,0.372,0.0,0.024,69.1,0
kirana_merchant,19812.01,47,0.974,0.86,2,0.681,0.823,0.135,54.8,1
kirana_merchant,36227.68,54,1.062,0.595,13,0.49,0.59,0.041,52.1,1
kirana_merchant,91528.54,25,0.602,0.587,7,0.467,0.593,0.145,38.0,0
kirana_merchant,22689.09,49,0.633,0.622,9,0.76,0.997,0.102,54.8,1
kirana_merchant,33789.95,35,1.05,0.47,3,0.362,0.002,0.101,87.5,0
gig_worker,20373.16,38,0.916,0.234,2,0.636,0.0,0.115,74.3,0
gig_worker,16531.39,50,1.079,0.221,3,0.313,0.0,0.115,54.6,0
kirana_merchant,19184.2,46,0.815,0.65,2,0.913,0.383,0.212,44.7,0
gig_worker,9497.31,41,0.808,0.807,2,0.271,0.0,0.234,73.8,0
gig_worker,52929.57,43,0.772,0.34,1,0.946,0.0,0.105,50.5,0
kirana_merchant,8821.39,38,0.671,0.503,2,1.0,0.768,0.067,53.3,0
kirana_merchant,23578.39,35,0.789,0.894,3,0.388,0.763,0.158,36.1,1
gig_worker,14927.14,43,0.607,0.306,2,0.274,0.0,0.118,85.9,0
kirana_merchant,17288.73,45,0.855,0.412,2,0.225,0.118,0.323,43.0,0
kirana_merchant,53544.12,48,1.024,0.391,3,0.317,0.964,0.283,42.8,0
gig_worker,29748.49,49,0.761,0.126,0,0.932,0.0,0.312,86.0,0
kirana_merchant,16602.39,52,0.647,0.508,11,0.784,0.927,0.054,34.6,0
kirana_merchant,20035.11,41,1.087,0.267,9,0.274,0.403,0.146,24.3,0
kirana_merchant,18347.7,46,0.664,0.203,11,0.969,0.988,0.3,43.3,0
kirana_merchant,26323.76,41,0.864,0.668,2,0.724,0.248,0.078,18.2,0
gig_worker,29332.34,47,1.005,0.713,8,0.944,0.0,0.278,59.5,0
kirana_merchant,69410.08,56,0.726,0.811,0,0.771,0.82,0.308,61.5,0
gig_worker,10320.11,47,1.021,0.847,7,0.5,0.0,0.11,64.0,1
freelancer,26438.96,37,0.879,0.795,8,0.254,0.0,0.339,40.3,0
freelancer,22976.25,52,0.766,0.198,8,0.213,0.0,0.296,5.0,1
kirana_merchant,43186.11,68,1.033,0.279,0,0.688,0.226,0.076,55.1,0
gig_worker,32125.62,43,0.911,0.198,0,0.602,0.0,0.209,59.8,0
gig_worker,36140.92,27,0.908,0.383,9,0.664,0.0,0.096,63.5,0
gig_worker,31969.68,40,0.852,0.199,0,0.971,0.0,0.172,85.3,0
kirana_merchant,16882.02,37,0.737,0.623,3,0.923,0.652,0.188,47.0,0
gig_worker,49297.7,57,0.752,0.673,10,0.486,0.0,0.241,70.1,1
kirana_merchant,40104.85,43,0.644,0.228,1,0.455,0.636,0.223,45.9,0
gig_worker,42521.49,50,0.722,0.597,0,0.427,0.0,0.137,80.2,0
freelancer,50616.1,53,0.739,0.118,6,0.952,0.0,0.196,34.3,0
gig_worker,33151.31,49,0.629,0.447,3,0.927,0.0,0.046,74.4,0
freelancer,56415.33,39,0.655,0.328,1,0.95,0.0,0.205,16.0,1
freelancer,32494.29,43,0.735,0.899,3,0.385,0.0,0.342,22.5,1
kirana_merchant,24112.14,52,0.939,0.838,9,0.576,0.428,0.206,31.1,0
kirana_merchant,26814.5,38,0.692,0.218,11,0.484,0.257,0.307,22.1,0
kirana_merchant,26584.35,43,0.861,0.834,0,0.458,0.732,0.307,48.3,0
kirana_merchant,20750.06,42,0.854,0.435,0,0.277,0.06,0.335,58.8,0
gig_worker,60836.45,51,1.017,0.561,4,0.872,0.0,0.043,76.2,0
gig_worker,31199.2,51,0.905,0.527,2,0.438,0.0,0.232,80.2,0
kirana_merchant,28208.24,53,1.058,0.681,0,0.481,0.122,0.323,57.2,1
kirana_merchant,32667.54,40,0.914,0.368,0,0.685,0.13,0.281,39.5,0
kirana_merchant,119363.32,59,0.613,0.156,5,0.941,0.215,0.168,37.2,0
gig_worker,15277.52,44,0.791,0.434,4,0.779,0.0,0.109,89.0,0
gig_worker,17632.18,45,0.95,0.536,2,0.714,0.0,0.134,54.3,1
gig_worker,13490.14,51,0.838,0.544,2,0.277,0.0,0.06,76.4,1
gig_worker,23949.44,41,0.81,0.734,1,0.699,0.0,0.089,75.1,0
gig_worker,30417.07,29,0.936,0.135,11,0.413,0.0,0.255,57.2,0
gig_worker,21318.68,42,0.743,0.89,7,0.712,0.0,0.077,89.4,1
gig_worker,20540.15,49,1.054,0.892,4,0.462,0.0,0.295,90.7,1
freelancer,28888.6,45,0.807,0.179,3,0.261,0.0,0.104,49.4,1
gig_worker,20930.15,44,0.916,0.375,4,0.876,0.0,0.154,75.8,0
kirana_merchant,31416.48,45,1.091,0.572,15,0.644,0.47,0.119,39.6,1
gig_worker,46963.09,35,0.993,0.399,2,0.425,0.0,0.128,74.2,0
freelancer,37741.49,38,0.866,0.49,0,0.486,0.0,0.288,61.5,1
kirana_merchant,41793.94,52,1.03,0.361,2,0.694,0.83,0.258,46.8,0
gig_worker,46302.87,49,0.88,0.67,0,0.744,0.0,0.148,69.2,0
kirana_merchant,30989.82,46,0.821,0.391,0,0.589,0.685,0.139,26.8,0
gig_worker,24851.65,28,1.037,0.444,1,0.621,0.0,0.241,65.0,0
kirana_merchant,18285.68,30,0.614,0.561,10,0.285,0.575,0.248,37.5,0
gig_worker,22123.84,36,0.804,0.875,1,0.318,0.0,0.035,76.6,0
freelancer,20705.55,49,0.771,0.613,2,0.368,0.0,0.091,57.5,0
kirana_merchant,38786.83,50,0.957,0.178,3,0.624,0.303,0.212,55.6,0
gig_worker,31996.8,37,0.606,0.355,2,0.536,0.0,0.214,61.9,0
kirana_merchant,38115.6,51,0.93,0.436,0,0.657,0.487,0.084,36.6,0
gig_worker,15060.51,39,0.773,0.692,8,0.338,0.0,0.042,60.6,0
freelancer,55043.26,53,0.649,0.458,11,0.974,0.0,0.343,49.7,0
kirana_merchant,21731.32,37,1.09,0.627,0,0.692,0.688,0.062,66.3,0
kirana_merchant,15521.66,54,0.706,0.772,2,0.302,0.082,0.308,51.1,0
gig_worker,21598.76,34,0.775,0.183,9,0.496,0.0,0.135,73.2,0
freelancer,93142.23,48,0.704,0.713,10,0.984,0.0,0.301,20.4,1
kirana_merchant,22162.16,52,0.931,0.696,17,0.973,0.431,0.226,34.9,1
gig_worker,22867.04,46,0.991,0.756,0,0.256,0.0,0.036,78.0,0
gig_worker,24439.3,54,1.03,0.865,1,0.865,0.0,0.321,69.6,0
gig_worker,24976.48,43,0.755,0.348,2,0.714,0.0,0.274,65.5,0
freelancer,18201.55,57,0.862,0.443,9,0.348,0.0,0.173,28.7,0
gig_worker,28900.28,41,0.932,0.31,4,0.867,0.0,0.216,80.2,0
kirana_merchant,46064.48,50,0.915,0.362,3,0.712,0.418,0.128,48.4,0
gig_worker,31481.16,47,0.958,0.364,3,0.291,0.0,0.068,48.7,0
gig_worker,15435.38,51,0.985,0.796,0,0.878,0.0,0.039,65.3,0
kirana_merchant,22648.0,48,0.649,0.15,2,0.807,0.958,0.198,51.4,0
freelancer,20419.31,27,0.684,0.262,3,0.206,0.0,0.079,20.9,0
kirana_merchant,27624.81,48,0.967,0.588,4,0.404,0.31,0.137,28.7,1
freelancer,52324.81,48,0.838,0.712,3,0.416,0.0,0.12,56.5,1
kirana_merchant,24973.2,49,0.814,0.658,2,0.568,0.178,0.144,80.9,0
gig_worker,25743.12,41,0.828,0.137,2,0.384,0.0,0.076,83.7,0
gig_worker,65435.64,42,0.786,0.463,6,0.862,0.0,0.278,68.1,0
kirana_merchant,41693.6,50,0.896,0.248,1,0.761,0.541,0.262,46.2,0
freelancer,35847.91,48,0.762,0.891,6,0.224,0.0,0.29,60.1,0
freelancer,71615.43,39,0.918,0.899,17,0.766,0.0,0.181,12.0,1
gig_worker,34368.84,41,0.701,0.141,4,0.961,0.0,0.252,83.0,0
gig_worker,9964.03,61,0.979,0.634,8,0.595,0.0,0.064,87.3,0
gig_worker,40795.74,46,0.991,0.75,0,0.346,0.0,0.215,78.1,0
freelancer,12136.78,38,0.889,0.36,1,0.904,0.0,0.328,20.0,0
freelancer,33725.27,36,0.785,0.655,4,0.728,0.0,0.121,42.3,1
kirana_merchant,11420.08,48,0.607,0.25,6,0.542,0.531,0.222,71.5,0
gig_worker,21302.34,46,0.661,0.202,1,0.53,0.0,0.093,78.0,0
kirana_merchant,22428.95,39,0.64,0.84,2,0.426,0.608,0.119,40.2,0
kirana_merchant,18305.2,51,0.605,0.614,10,0.285,0.62,0.335,70.5,1
gig_worker,22597.04,52,0.961,0.754,5,0.898,0.0,0.049,69.3,0
kirana_merchant,45083.92,38,1.078,0.526,11,0.987,0.596,0.274,31.7,0
gig_worker,18826.55,50,0.606,0.224,1,0.957,0.0,0.309,81.1,0
gig_worker,35332.92,31,0.656,0.401,1,0.335,0.0,0.218,65.3,0
freelancer,16600.29,47,1.03,0.805,4,0.535,0.0,0.026,6.5,1
kirana_merchant,24471.15,36,0.944,0.112,1,0.434,0.388,0.27,38.3,0
kirana_merchant,31631.84,38,0.802,0.266,2,0.474,0.004,0.152,41.8,0
kirana_merchant,16345.96,37,1.096,0.303,5,0.458,0.569,0.273,65.3,0
gig_worker,13962.63,50,0.887,0.31,13,0.944,0.0,0.062,60.4,0
kirana_merchant,34404.38,39,0.935,0.179,0,0.958,0.947,0.224,62.4,0
kirana_merchant,47171.27,44,0.927,0.779,0,0.232,0.319,0.143,47.1,1
kirana_merchant,25860.38,44,0.711,0.228,1,0.629,0.679,0.024,20.2,0
kirana_merchant,21404.22,42,0.844,0.764,4,0.73,0.63,0.195,26.2,0
gig_worker,29080.92,42,0.708,0.384,1,0.397,0.0,0.216,84.4,0
gig_worker,27659.93,58,0.855,0.466,5,0.249,0.0,0.326,65.0,0
kirana_merchant,30377.31,42,0.615,0.47,1,0.26,0.004,0.324,34.6,0
gig_worker,7599.8,46,0.791,0.671,0,0.79,0.0,0.251,65.1,0
kirana_merchant,15763.43,47,0.786,0.685,1,0.492,0.118,0.145,58.4,0
gig_worker,17630.49,44,0.746,0.613,5,0.651,0.0,0.03,66.5,0
gig_worker,29011.1,44,0.64,0.719,2,0.453,0.0,0.256,72.0,0
gig_worker,29523.41,44,0.985,0.107,0,0.852,0.0,0.152,74.2,0
freelancer,36978.44,39,0.81,0.504,3,0.275,0.0,0.122,11.4,1
gig_worker,30601.09,54,1.007,0.519,5,0.212,0.0,0.133,83.6,0
kirana_merchant,14039.53,43,1.018,0.291,0,0.553,0.524,0.046,38.6,0
kirana_merchant,55464.71,49,0.707,0.545,3,0.523,0.87,0.083,70.8,0
gig_worker,50815.62,47,0.811,0.474,2,0.213,0.0,0.255,75.8,0
kirana_merchant,14341.34,47,0.96,0.478,6,0.863,0.453,0.135,49.0,0
kirana_merchant,31772.38,34,0.85,0.195,4,0.631,0.59,0.038,45.2,0
kirana_merchant,19976.02,45,1.028,0.448,2,0.872,0.924,0.118,17.2,0
freelancer,28837.5,51,0.886,0.713,3,0.566,0.0,0.312,33.1,0
gig_worker,45554.06,45,0.915,0.428,0,0.696,0.0,0.316,69.5,0
gig_worker,78045.88,37,0.994,0.49,1,0.222,0.0,0.269,63.8,0
freelancer,39168.92,36,0.661,0.874,0,0.827,0.0,0.049,35.9,1
gig_worker,31177.98,47,0.892,0.797,0,0.25,0.0,0.324,62.2,0
kirana_merchant,22699.3,55,0.643,0.843,3,0.418,0.311,0.313,40.6,0
kirana_merchant,29468.21,40,0.73,0.162,3,0.576,0.145,0.066,45.9,0
gig_worker,53097.54,46,0.706,0.595,0,0.401,0.0,0.157,80.4,0
kirana_merchant,26308.45,52,0.884,0.279,1,0.247,0.773,0.19,47.2,0
gig_worker,17273.76,40,1.022,0.423,6,0.764,0.0,0.02,74.5,0
gig_worker,11969.96,39,0.666,0.644,2,0.516,0.0,0.117,89.4,0
gig_worker,34770.48,33,0.984,0.563,9,0.792,0.0,0.111,80.6,0
freelancer,30444.0,48,0.672,0.505,5,0.391,0.0,0.196,26.6,1
gig_worker,19478.1,47,0.695,0.752,2,0.578,0.0,0.022,66.9,1
kirana_merchant,44936.56,45,1.058,0.646,2,0.484,0.366,0.168,13.7,1
freelancer,21787.93,35,0.605,0.757,16,0.548,0.0,0.129,55.1,0
kirana_merchant,25151.63,54,0.699,0.846,4,0.978,0.154,0.204,38.4,0
kirana_merchant,26679.96,43,0.708,0.67,2,0.519,0.993,0.143,30.0,0
kirana_merchant,22573.31,48,0.741,0.416,5,0.612,0.017,0.077,35.7,0
gig_worker,30270.61,44,0.782,0.27,2,0.968,0.0,0.272,81.7,0
kirana_merchant,47846.71,47,0.652,0.317,4,0.24,0.745,0.056,46.5,0
kirana_merchant,15195.57,48,0.834,0.417,1,0.455,0.602,0.207,22.6,0
freelancer,34346.66,40,0.8,0.692,15,0.363,0.0,0.073,14.1,1
freelancer,29321.59,42,0.912,0.132,0,0.562,0.0,0.284,56.7,0
freelancer,29053.14,49,1.034,0.751,7,0.295,0.0,0.176,24.3,1
freelancer,41602.78,39,0.749,0.707,10,0.568,0.0,0.249,30.1,1
kirana_merchant,27574.56,44,0.873,0.5,11,0.433,0.076,0.106,52.4,0
kirana_merchant,34204.57,39,0.786,0.42,9,0.974,0.753,0.047,24.5,0
freelancer,38481.48,42,0.62,0.19,6,0.328,0.0,0.136,25.0,1
gig_worker,20906.54,45,1.011,0.332,1,0.572,0.0,0.161,59.2,0
freelancer,31244.28,35,0.917,0.188,0,0.749,0.0,0.27,52.2,0
kirana_merchant,23732.63,54,0.601,0.755,0,0.682,0.184,0.109,45.9,0
kirana_merchant,25176.32,36,0.725,0.507,2,0.465,0.773,0.322,43.4,0
kirana_merchant,22901.77,62,0.754,0.297,10,0.413,0.017,0.324,31.1,0
freelancer,34048.46,48,1.006,0.114,5,0.528,0.0,0.132,73.3,0
gig_worker,28024.16,33,0.98,0.519,6,0.256,0.0,0.096,61.6,0
kirana_merchant,32770.11,52,0.798,0.702,8,0.473,0.861,0.272,22.6,0
kirana_merchant,26668.58,43,0.679,0.713,2,0.678,0.472,0.177,35.5,0
gig_worker,12063.5,39,0.793,0.272,0,0.991,0.0,0.183,64.2,0
kirana_merchant,27328.47,44,1.005,0.896,0,0.706,0.54,0.281,40.7,0
kirana_merchant,27771.59,37,0.826,0.555,6,0.957,0.722,0.162,57.8,0
kirana_merchant,30372.65,40,0.658,0.366,2,0.204,0.535,0.185,72.5,1
gig_worker,19992.96,54,0.619,0.414,7,0.819,0.0,0.276,92.8,0
kirana_merchant,14798.26,42,0.767,0.2,4,0.571,0.753,0.096,11.3,0
kirana_merchant,36765.06,38,0.674,0.495,1,0.695,0.124,0.324,45.0,0
kirana_merchant,23463.39,44,0.973,0.703,1,0.487,0.046,0.224,47.7,0
gig_worker,29308.18,56,0.739,0.428,4,0.435,0.0,0.237,70.9,1
freelancer,23371.44,50,1.039,0.793,0,0.481,0.0,0.336,40.6,1
kirana_merchant,26821.77,60,0.909,0.481,2,0.679,0.857,0.043,63.6,0
kirana_merchant,21490.31,38,0.797,0.82,0,0.694,0.861,0.097,42.1,0
kirana_merchant,16580.1,45,0.905,0.663,1,0.642,0.068,0.23,30.1,0
gig_worker,34093.63,37,0.748,0.144,3,0.526,0.0,0.062,72.6,0
kirana_merchant,19899.3,54,0.671,0.154,4,0.826,0.288,0.152,5.0,0
kirana_merchant,29201.51,48,1.082,0.74,3,0.837,0.918,0.22,61.1,0
kirana_merchant,33031.94,35,0.882,0.385,0,0.777,0.496,0.069,36.2,0
kirana_merchant,20062.22,27,0.604,0.251,22,0.338,0.151,0.142,58.3,1
kirana_merchant,14736.12,56,0.755,0.792,1,0.495,0.993,0.197,44.4,0
gig_worker,90494.36,48,0.68,0.887,8,0.928,0.0,0.265,70.6,0
kirana_merchant,20663.29,48,0.729,0.747,0,0.573,0.274,0.035,54.4,0
gig_worker,36743.2,45,0.628,0.68,3,0.618,0.0,0.077,82.9,0
gig_worker,70950.08,56,0.723,0.101,4,0.857,0.0,0.138,62.7,0
freelancer,39932.82,30,0.942,0.185,9,0.951,0.0,0.041,31.3,0
kirana_merchant,23150.66,42,1.01,0.637,0,0.949,0.452,0.188,44.4,0
kirana_merchant,26015.34,54,0.774,0.428,4,0.404,0.351,0.296,54.4,0
kirana_merchant,17742.11,39,0.861,0.116,5,0.258,0.44,0.213,36.9,0
freelancer,41808.22,52,0.621,0.693,7,0.615,0.0,0.326,23.7,1
kirana_merchant,35708.19,44,0.645,0.435,1,0.758,0.493,0.197,81.5,0
kirana_merchant,20801.64,41,0.876,0.627,3,0.815,0.753,0.197,33.7,0
gig_worker,15977.11,49,1.02,0.475,4,0.733,0.0,0.291,69.8,0
freelancer,13896.37,47,0.644,0.121,5,0.271,0.0,0.337,48.4,1
freelancer,44057.77,53,0.809,0.609,0,0.468,0.0,0.316,36.5,0
freelancer,28572.12,52,1.085,0.73,0,0.205,0.0,0.074,16.3,0
gig_worker,29956.22,43,0.969,0.225,15,0.835,0.0,0.348,91.7,1
gig_worker,17828.0,34,0.699,0.813,0,0.268,0.0,0.137,82.2,0
gig_worker,12942.2,37,0.743,0.245,0,0.681,0.0,0.13,93.8,0
gig_worker,43534.4,50,1.074,0.438,4,0.475,0.0,0.257,53.2,1
freelancer,27474.66,55,0.71,0.522,3,0.569,0.0,0.181,27.8,0
gig_worker,42345.5,45,0.82,0.351,3,0.434,0.0,0.049,89.0,0
gig_worker,22181.93,43,0.778,0.5,0,0.791,0.0,0.295,47.8,0
gig_worker,23898.98,40,0.845,0.675,7,0.465,0.0,0.305,58.4,1
gig_worker,38432.13,36,0.718,0.672,9,0.772,0.0,0.299,99.0,0
gig_worker,38799.94,43,0.934,0.838,4,0.507,0.0,0.201,74.2,0
kirana_merchant,40086.02,56,0.717,0.79,10,0.527,0.128,0.117,43.9,0
kirana_merchant,23211.41,45,0.901,0.888,0,0.636,0.042,0.302,31.4,0
gig_worker,36580.61,37,0.779,0.576,0,0.548,0.0,0.316,90.8,0
kirana_merchant,46842.67,50,0.726,0.42,1,0.673,0.215,0.323,57.5,0
kirana_merchant,25530.11,41,0.948,0.292,3,0.934,0.741,0.243,46.0,0
gig_worker,20811.39,50,1.083,0.295,2,0.489,0.0,0.197,94.0,0
kirana_merchant,52647.49,49,1.035,0.221,9,0.768,0.725,0.021,20.8,0
kirana_merchant,19395.13,44,0.643,0.681,7,0.899,0.618,0.061,49.1,0
kirana_merchant,36854.69,51,0.827,0.623,3,0.266,0.286,0.181,32.8,1
kirana_merchant,26128.68,38,0.947,0.334,5,0.646,0.594,0.259,81.0,0
gig_worker,10713.04,26,0.881,0.814,2,0.295,0.0,0.036,74.6,0
freelancer,47301.49,47,0.963,0.542,2,0.83,0.0,0.198,12.8,0
freelancer,6775.53,44,1.088,0.155,0,0.497,0.0,0.171,31.7,0
freelancer,9975.98,52,0.771,0.149,18,0.609,0.0,0.067,19.6,1
gig_worker,35019.66,48,0.985,0.215,0,0.626,0.0,0.158,80.7,0
freelancer,35015.13,48,0.647,0.269,0,0.667,0.0,0.137,44.7,0
freelancer,19559.38,70,1.035,0.81,2,0.984,0.0,0.29,23.1,1
freelancer,28966.96,45,0.989,0.723,0,0.609,0.0,0.085,31.7,0
gig_worker,7587.71,47,0.86,0.261,0,0.8,0.0,0.345,59.6,0
kirana_merchant,38310.82,41,1.011,0.299,0,0.981,0.088,0.318,47.8,0
freelancer,30481.12,38,0.933,0.609,6,0.811,0.0,0.261,24.4,1
kirana_merchant,26296.17,39,0.876,0.797,1,0.867,0.165,0.284,41.4,0
kirana_merchant,27185.0,45,1.073,0.353,10,0.236,0.904,0.052,49.4,0
freelancer,34428.06,47,0.665,0.52,10,0.351,0.0,0.274,37.6,1
kirana_merchant,26517.21,49,1.096,0.812,21,0.743,0.193,0.086,38.4,1
kirana_merchant,10540.42,42,0.677,0.717,3,0.921,0.613,0.312,49.8,0
kirana_merchant,80673.56,41,0.84,0.813,7,0.251,0.539,0.152,11.2,1
freelancer,49040.43,43,0.716,0.322,4,0.848,0.0,0.247,32.8,0
gig_worker,14150.82,44,0.736,0.653,1,0.349,0.0,0.275,62.0,0
kirana_merchant,22639.05,42,0.916,0.191,0,0.556,0.483,0.189,37.1,0
kirana_merchant,23908.35,41,0.617,0.593,0,0.875,0.109,0.159,56.3,0
kirana_merchant,46139.5,32,1.07,0.343,6,0.337,0.587,0.159,64.0,0
kirana_merchant,9139.54,38,0.74,0.661,0,0.724,0.602,0.307,57.1,0
freelancer,20962.61,44,0.736,0.213,4,0.864,0.0,0.342,50.6,0
freelancer,11155.43,52,1.032,0.632,8,0.701,0.0,0.252,24.0,1
gig_worker,23328.99,49,0.982,0.667,0,0.222,0.0,0.173,43.2,1
kirana_merchant,21242.3,37,0.936,0.786,0,0.724,0.952,0.098,49.2,0
gig_worker,27996.84,36,0.673,0.65,3,0.346,0.0,0.187,61.7,0
gig_worker,19881.86,56,0.985,0.518,3,0.344,0.0,0.064,60.1,0
kirana_merchant,18480.81,46,0.78,0.727,2,0.513,0.606,0.312,30.4,0
freelancer,36674.18,42,1.097,0.328,0,0.818,0.0,0.295,15.2,1
freelancer,33770.28,46,0.936,0.642,0,0.278,0.0,0.276,44.9,0
gig_worker,35443.64,53,1.018,0.68,1,0.589,0.0,0.06,83.3,0
gig_worker,24625.8,50,0.967,0.414,0,0.911,0.0,0.192,50.4,0
kirana_merchant,20214.0,47,0.897,0.891,14,0.586,0.727,0.169,60.8,0
kirana_merchant,25351.01,48,0.958,0.385,2,0.449,0.391,0.096,38.5,0
gig_worker,34564.45,50,0.899,0.168,7,0.423,0.0,0.239,82.3,0
freelancer,9059.87,61,0.626,0.343,5,0.991,0.0,0.32,19.3,0
freelancer,32763.03,37,0.773,0.18,1,0.286,0.0,0.209,61.5,0
kirana_merchant,31400.19,45,0.758,0.371,5,0.529,0.117,0.322,29.7,0
freelancer,27752.34,60,0.957,0.202,1,0.8,0.0,0.299,30.1,0
gig_worker,24967.83,46,0.888,0.452,5,0.446,0.0,0.157,67.6,0
kirana_merchant,7457.24,49,0.905,0.722,10,0.875,0.202,0.037,39.4,1
kirana_merchant,21591.9,38,1.023,0.154,1,0.693,0.129,0.17,52.1,0
gig_worker,65822.65,45,0.863,0.55,3,0.569,0.0,0.171,44.4,1
freelancer,27077.29,35,0.709,0.135,0,0.94,0.0,0.145,27.2,0
kirana_merchant,23071.54,42,0.606,0.808,1,0.5,0.959,0.093,56.4,0
kirana_merchant,27131.57,47,0.68,0.837,0,0.973,0.975,0.182,35.7,0
gig_worker,32124.89,49,0.615,0.494,3,0.258,0.0,0.27,48.6,1
gig_worker,37399.41,51,0.719,0.715,0,0.231,0.0,0.189,59.5,0
gig_worker,23994.02,56,0.917,0.574,17,0.265,0.0,0.131,89.1,0
kirana_merchant,33271.61,43,0.676,0.373,3,0.268,0.016,0.063,44.8,0
kirana_merchant,62213.38,44,0.641,0.296,9,0.386,0.024,0.242,43.2,1
gig_worker,44494.7,47,1.085,0.707,7,0.526,0.0,0.306,55.1,1
kirana_merchant,86694.88,38,1.098,0.444,11,0.849,0.464,0.187,58.5,0
kirana_merchant,19372.6,48,0.919,0.836,3,0.512,0.019,0.064,51.2,0
kirana_merchant,62199.03,29,0.654,0.881,4,0.301,0.355,0.096,38.4,1
kirana_merchant,18118.04,41,1.011,0.268,2,0.225,0.952,0.254,57.7,0
freelancer,32105.51,54,0.87,0.549,2,0.646,0.0,0.065,19.2,0
kirana_merchant,38802.43,56,0.691,0.53,0,0.385,0.606,0.188,56.2,0
kirana_merchant,20839.62,63,0.888,0.794,0,0.489,0.491,0.03,36.0,0
gig_worker,28112.85,40,0.62,0.653,1,0.394,0.0,0.118,69.9,0
gig_worker,42413.86,38,1.086,0.586,15,0.524,0.0,0.079,54.8,0
gig_worker,18861.24,43,1.013,0.643,0,0.978,0.0,0.163,67.7,0
kirana_merchant,61987.73,38,0.73,0.412,2,0.978,0.467,0.237,24.2,1
gig_worker,13463.02,41,0.809,0.868,1,0.77,0.0,0.144,62.7,1
gig_worker,70958.16,44,0.798,0.146,3,0.389,0.0,0.241,57.3,0
kirana_merchant,44385.28,52,1.031,0.123,1,0.883,0.203,0.177,62.0,0
gig_worker,25722.91,49,0.777,0.432,12,0.209,0.0,0.272,71.6,0
gig_worker,21997.1,39,0.624,0.224,8,0.612,0.0,0.065,74.8,0
gig_worker,20878.72,52,0.707,0.536,1,0.902,0.0,0.231,71.3,0
kirana_merchant,25137.15,36,0.708,0.107,3,0.535,0.035,0.309,45.9,0
gig_worker,26258.68,51,1.075,0.468,9,0.396,0.0,0.319,65.9,0
kirana_merchant,50393.28,57,1.062,0.336,15,0.701,0.359,0.318,68.3,0
kirana_merchant,71993.21,44,0.75,0.262,7,0.855,0.065,0.322,23.1,0
kirana_merchant,29723.4,44,0.601,0.456,16,0.735,0.818,0.313,47.0,0
kirana_merchant,17626.98,44,0.858,0.784,2,0.402,0.451,0.276,50.4,0
freelancer,20478.63,47,0.999,0.624,9,0.3,0.0,0.085,27.0,1
gig_worker,24549.69,44,0.734,0.228,3,0.419,0.0,0.186,82.2,0
gig_worker,16073.69,45,0.82,0.499,3,0.315,0.0,0.11,67.2,1
gig_worker,14921.07,39,0.686,0.845,8,0.967,0.0,0.133,46.8,0
gig_worker,76769.57,40,0.764,0.451,0,0.494,0.0,0.314,71.5,0
gig_worker,31297.92,43,0.979,0.476,0,0.974,0.0,0.335,65.8,0
gig_worker,17737.45,40,0.814,0.853,14,0.661,0.0,0.056,62.2,0
kirana_merchant,40469.42,50,0.824,0.209,0,0.752,0.805,0.178,66.2,0
kirana_merchant,14925.51,49,0.995,0.688,10,0.928,0.602,0.128,23.8,0
gig_worker,15552.77,52,0.981,0.339,6,0.995,0.0,0.127,81.9,0
kirana_merchant,18006.33,37,0.694,0.793,1,0.959,0.529,0.211,75.0,0
gig_worker,61528.55,56,0.808,0.143,4,0.558,0.0,0.176,99.0,0
gig_worker,23707.81,36,1.024,0.892,3,0.754,0.0,0.349,99.0,0
kirana_merchant,7935.86,57,0.828,0.715,6,0.511,0.639,0.253,37.6,0
gig_worker,49268.14,42,0.931,0.327,0,0.704,0.0,0.342,74.0,0
gig_worker,23082.02,46,0.753,0.709,1,0.618,0.0,0.058,62.0,0
kirana_merchant,10671.12,49,0.63,0.838,5,0.215,0.672,0.209,63.3,0
freelancer,22963.43,37,0.682,0.19,0,0.893,0.0,0.341,61.8,0
kirana_merchant,34909.07,44,0.801,0.831,2,0.485,0.543,0.129,30.7,0
gig_worker,32926.22,49,0.777,0.388,3,0.559,0.0,0.192,90.1,0
freelancer,66118.74,46,1.048,0.105,1,0.476,0.0,0.265,50.2,0
kirana_merchant,17564.17,46,0.873,0.19,2,0.587,0.363,0.276,63.3,0
kirana_merchant,27539.04,40,0.914,0.808,3,0.597,0.047,0.304,43.3,1
freelancer,18962.44,48,0.944,0.886,0,0.706,0.0,0.266,17.3,1
kirana_merchant,12442.88,61,0.866,0.816,3,0.501,0.118,0.343,43.1,1
gig_worker,41888.38,42,0.985,0.453,0,0.382,0.0,0.265,90.9,0
kirana_merchant,33915.75,47,0.992,0.869,1,0.517,0.814,0.039,52.3,1
kirana_merchant,31003.0,41,0.776,0.425,1,0.457,0.969,0.26,44.1,0
kirana_merchant,33302.74,40,0.642,0.191,1,0.655,0.602,0.142,56.9,0
kirana_merchant,19096.56,39,1.093,0.373,1,0.781,0.476,0.186,28.3,0
freelancer,16271.21,39,0.921,0.899,2,0.774,0.0,0.164,40.8,0
freelancer,27414.4,45,0.954,0.601,12,0.913,0.0,0.209,37.4,1
freelancer,48079.24,46,0.978,0.372,13,0.364,0.0,0.314,22.0,0
freelancer,60116.44,43,0.906,0.599,5,0.603,0.0,0.078,38.4,0
freelancer,40043.29,39,0.835,0.443,1,0.699,0.0,0.28,24.4,0
gig_worker,27298.5,42,1.092,0.14,1,0.612,0.0,0.337,50.3,0
gig_worker,30788.36,45,0.964,0.261,16,0.713,0.0,0.245,86.8,0
kirana_merchant,27059.59,51,1.023,0.115,1,0.886,0.824,0.264,30.7,0
freelancer,16107.31,39,0.82,0.304,19,0.274,0.0,0.147,34.4,1
kirana_merchant,27236.78,38,1.052,0.692,7,0.498,0.401,0.188,64.8,0
kirana_merchant,13802.25,37,0.966,0.255,6,0.604,0.479,0.263,16.1,1
gig_worker,25284.87,63,0.973,0.522,0,0.619,0.0,0.197,94.2,0
gig_worker,60964.84,56,0.643,0.661,6,0.21,0.0,0.03,57.6,0
kirana_merchant,40596.19,41,0.909,0.539,16,0.662,0.139,0.227,35.5,0
gig_worker,16957.07,41,0.768,0.112,16,0.757,0.0,0.335,83.6,0
gig_worker,25946.33,41,0.935,0.391,11,0.512,0.0,0.254,67.9,0
gig_worker,17726.43,42,0.884,0.453,3,0.931,0.0,0.315,66.8,0
gig_worker,26075.28,46,0.656,0.374,1,0.744,0.0,0.09,91.0,0
kirana_merchant,45276.98,37,0.865,0.537,0,0.704,0.102,0.189,52.1,1
gig_worker,37290.88,51,0.826,0.511,1,0.364,0.0,0.163,78.3,0
kirana_merchant,93159.84,63,0.988,0.25,2,0.985,0.807,0.231,42.9,0
gig_worker,48836.77,42,0.851,0.702,8,0.572,0.0,0.067,73.3,1
freelancer,29792.15,41,0.841,0.229,0,0.228,0.0,0.165,12.9,1
gig_worker,37743.74,38,0.96,0.467,3,0.259,0.0,0.249,71.3,0
kirana_merchant,24313.29,56,0.934,0.705,1,0.469,0.828,0.194,65.3,0
kirana_merchant,15309.79,37,1.096,0.658,1,0.233,0.861,0.061,22.0,1
gig_worker,51683.21,45,0.776,0.446,11,0.335,0.0,0.198,82.2,0
freelancer,44555.72,33,0.944,0.731,2,0.742,0.0,0.263,37.2,0
kirana_merchant,23848.41,35,0.684,0.671,0,0.474,0.98,0.239,28.7,1
kirana_merchant,30852.34,37,1.002,0.408,4,0.529,0.817,0.28,10.6,0
gig_worker,50034.58,39,0.993,0.816,1,0.962,0.0,0.134,85.2,0
freelancer,41075.85,48,0.963,0.214,4,0.716,0.0,0.278,50.8,0
kirana_merchant,12944.8,52,0.66,0.387,10,0.433,0.732,0.218,17.5,1
gig_worker,30388.21,40,1.094,0.658,1,0.473,0.0,0.264,67.3,0
gig_worker,24740.19,61,1.071,0.798,2,0.956,0.0,0.17,81.7,0
freelancer,46934.13,37,0.785,0.358,0,0.557,0.0,0.084,58.7,0
kirana_merchant,45049.69,39,0.889,0.549,4,0.55,0.486,0.347,65.9,0
kirana_merchant,52015.86,38,1.044,0.109,0,0.42,0.9,0.288,40.7,0
kirana_merchant,15383.53,39,0.847,0.397,0,0.457,0.228,0.272,49.8,0
kirana_merchant,18177.58,36,0.9,0.365,2,0.807,0.779,0.323,45.5,0
gig_worker,46959.52,39,0.902,0.774,5,0.85,0.0,0.342,74.6,0
gig_worker,20013.8,55,0.925,0.159,5,0.395,0.0,0.143,89.6,0
kirana_merchant,12572.71,53,0.888,0.15,8,0.951,0.085,0.049,49.3,1
freelancer,35112.0,37,0.803,0.454,7,0.454,0.0,0.25,68.9,0
gig_worker,20463.35,47,0.87,0.426,0,0.768,0.0,0.305,99.0,0
kirana_merchant,65834.24,55,1.036,0.229,2,0.695,0.18,0.248,35.0,1
kirana_merchant,31197.47,41,1.032,0.311,5,0.224,0.325,0.203,31.9,0
kirana_merchant,29147.65,51,0.986,0.879,6,0.889,0.212,0.2,28.8,0
freelancer,22367.81,45,0.807,0.511,6,0.705,0.0,0.066,42.1,0
kirana_merchant,59600.41,50,0.993,0.17,1,0.663,0.638,0.09,22.5,0
gig_worker,32185.69,46,0.794,0.14,1,0.642,0.0,0.076,64.1,0
freelancer,21933.06,42,0.932,0.134,1,0.732,0.0,0.155,26.4,0
kirana_merchant,18087.17,38,0.884,0.411,0,0.266,0.547,0.194,83.9,0
freelancer,25932.79,38,0.75,0.792,8,0.806,0.0,0.185,27.7,0
kirana_merchant,16501.01,44,0.826,0.766,0,0.444,0.622,0.114,13.6,0
freelancer,45000.94,36,1.015,0.394,1,0.537,0.0,0.084,35.2,0
gig_worker,10892.49,41,1.056,0.72,1,0.233,0.0,0.217,59.9,0
gig_worker,25090.46,45,0.703,0.702,0,0.31,0.0,0.128,79.9,0
freelancer,36499.97,49,0.828,0.486,1,0.846,0.0,0.051,33.8,0
gig_worker,31922.29,53,0.817,0.424,1,0.493,0.0,0.217,74.7,0
gig_worker,18795.23,41,0.845,0.244,0,0.782,0.0,0.281,49.2,0
kirana_merchant,37426.32,39,1.088,0.323,8,0.499,0.363,0.039,39.8,1
freelancer,17274.39,49,0.859,0.371,2,0.895,0.0,0.13,53.8,0
gig_worker,26603.76,50,1.015,0.75,13,0.592,0.0,0.084,65.5,0
freelancer,37269.14,44,0.932,0.542,1,0.458,0.0,0.25,37.0,1
kirana_merchant,33909.7,55,0.654,0.261,2,0.831,0.133,0.311,49.6,0
kirana_merchant,19196.45,45,0.948,0.177,2,0.655,0.868,0.08,33.9,0
freelancer,48959.43,45,0.924,0.497,4,0.651,0.0,0.326,18.3,0
kirana_merchant,28095.01,38,0.979,0.633,5,0.778,0.892,0.113,84.8,0
gig_worker,39007.05,49,0.637,0.755,1,0.99,0.0,0.083,81.0,1
gig_worker,57788.81,43,0.721,0.738,8,0.497,0.0,0.342,70.3,0
kirana_merchant,47040.31,56,0.985,0.759,1,0.627,0.112,0.277,65.4,0
kirana_merchant,47101.72,42,0.785,0.458,5,0.437,0.51,0.137,47.8,1
freelancer,29624.0,47,1.055,0.793,7,0.51,0.0,0.209,47.2,1
kirana_merchant,40013.32,41,0.859,0.456,9,0.25,0.828,0.2,53.7,0
kirana_merchant,29935.44,38,0.601,0.234,3,0.519,0.056,0.065,59.9,0
kirana_merchant,14696.1,48,0.949,0.418,4,0.356,0.943,0.33,26.5,0
gig_worker,31299.95,50,0.857,0.372,6,0.687,0.0,0.209,70.1,0
gig_worker,30582.42,54,0.759,0.414,0,0.234,0.0,0.263,85.0,0
freelancer,36021.26,44,0.61,0.627,0,0.303,0.0,0.283,36.0,0
gig_worker,25235.36,40,0.699,0.626,14,0.63,0.0,0.207,59.2,0
gig_worker,18384.67,46,0.681,0.28,2,0.528,0.0,0.132,68.7,0
kirana_merchant,37356.16,49,0.891,0.353,5,0.527,0.204,0.198,44.5,0
kirana_merchant,13951.8,43,0.985,0.576,2,0.633,0.73,0.343,19.4,0
freelancer,55793.33,44,0.717,0.167,0,0.385,0.0,0.285,59.8,0
gig_worker,23963.59,51,0.949,0.651,4,0.315,0.0,0.35,55.1,1
gig_worker,30417.22,41,1.05,0.243,0,0.269,0.0,0.066,88.5,0
gig_worker,35570.75,36,0.911,0.781,3,0.904,0.0,0.053,94.3,0
kirana_merchant,36146.81,47,0.988,0.421,13,0.82,0.316,0.253,30.9,1
gig_worker,13299.85,39,0.702,0.277,0,0.497,0.0,0.239,83.1,0
kirana_merchant,40621.12,52,0.637,0.634,1,0.42,0.627,0.125,55.2,1
freelancer,31306.37,43,0.783,0.543,10,0.615,0.0,0.164,35.0,0
freelancer,19582.06,50,0.955,0.238,3,0.268,0.0,0.08,57.6,0
gig_worker,18493.35,39,0.943,0.762,0,0.934,0.0,0.144,81.1,0
kirana_merchant,22764.86,54,1.078,0.463,4,0.661,0.031,0.326,50.8,0
kirana_merchant,14053.53,34,0.915,0.222,8,0.945,0.48,0.14,70.9,0
freelancer,63648.67,45,0.806,0.737,1,0.956,0.0,0.088,47.6,0
freelancer,56561.04,42,0.999,0.207,1,0.636,0.0,0.107,36.5,0
gig_worker,33720.12,40,0.677,0.874,4,0.598,0.0,0.186,56.5,0
kirana_merchant,24059.87,45,1.007,0.453,24,0.442,0.902,0.177,44.0,0
gig_worker,24378.24,46,0.783,0.683,18,0.855,0.0,0.052,51.1,1
gig_worker,39302.09,51,0.677,0.462,1,0.957,0.0,0.056,89.8,0
gig_worker,64790.45,49,0.681,0.25,0,0.341,0.0,0.099,70.2,0
kirana_merchant,20227.57,50,1.092,0.706,2,0.827,0.609,0.261,37.8,1
kirana_merchant,15385.9,52,0.912,0.331,0,0.346,0.709,0.169,59.4,0
gig_worker,58327.0,43,0.687,0.646,0,0.343,0.0,0.059,70.3,0
kirana_merchant,11008.59,36,0.734,0.306,0,0.41,0.357,0.245,70.0,0
gig_worker,16248.15,47,0.786,0.293,7,0.753,0.0,0.024,63.0,0
kirana_merchant,23779.31,47,0.628,0.466,12,0.256,0.095,0.217,37.8,1
gig_worker,12329.91,41,0.654,0.753,2,0.456,0.0,0.134,81.7,0
gig_worker,46914.15,39,0.981,0.591,0,0.62,0.0,0.036,99.0,0
kirana_merchant,41293.18,51,0.993,0.152,8,0.837,0.292,0.061,47.6,0
gig_worker,20183.15,51,1.094,0.687,4,0.467,0.0,0.267,56.6,1
kirana_merchant,51011.53,44,0.634,0.564,2,0.598,0.709,0.101,8.3,0
gig_worker,55528.2,45,1.045,0.599,6,0.703,0.0,0.11,84.8,0
kirana_merchant,25423.13,46,0.759,0.383,2,0.405,0.883,0.181,33.0,0
gig_worker,21475.45,52,0.764,0.545,1,0.944,0.0,0.072,75.7,0
kirana_merchant,83266.45,46,0.664,0.398,6,0.489,0.394,0.34,21.8,0
kirana_merchant,38583.54,45,1.093,0.165,13,0.798,0.361,0.145,74.7,0
gig_worker,30581.86,51,1.09,0.776,12,0.734,0.0,0.167,50.0,0
kirana_merchant,53197.83,51,1.032,0.642,3,0.713,0.551,0.044,10.3,0
gig_worker,31287.23,52,0.645,0.636,13,0.527,0.0,0.204,82.9,1
kirana_merchant,20893.42,41,1.021,0.255,4,0.892,0.318,0.283,16.4,0
gig_worker,28003.36,54,0.917,0.631,0,0.827,0.0,0.159,83.2,0
kirana_merchant,45221.47,44,0.664,0.286,2,0.651,0.362,0.075,46.0,0
kirana_merchant,9935.87,41,0.731,0.65,0,0.45,0.357,0.028,9.8,0
freelancer,23294.78,41,0.945,0.367,0,0.647,0.0,0.135,55.4,0
kirana_merchant,53719.36,50,1.002,0.226,1,0.269,0.094,0.304,39.1,0
kirana_merchant,20828.26,40,1.024,0.825,1,0.633,0.993,0.053,35.6,0
kirana_merchant,58282.33,48,0.872,0.184,1,0.76,0.484,0.335,47.9,0
freelancer,54577.22,46,0.867,0.709,9,0.937,0.0,0.308,35.6,0
kirana_merchant,26036.0,44,0.942,0.181,26,0.774,0.575,0.034,36.4,0
gig_worker,20246.36,34,0.989,0.648,9,0.387,0.0,0.047,56.3,1
freelancer,23302.61,51,0.685,0.188,6,0.241,0.0,0.167,30.4,0
kirana_merchant,101957.08,55,0.97,0.507,3,0.428,0.648,0.046,26.6,0
freelancer,68679.93,47,0.771,0.25,2,0.518,0.0,0.335,28.1,0
freelancer,28643.89,35,0.792,0.793,4,0.211,0.0,0.028,45.8,0
gig_worker,19849.28,57,0.639,0.421,9,0.957,0.0,0.331,55.4,0
kirana_merchant,28524.55,38,0.894,0.112,11,0.668,0.658,0.234,38.7,0
gig_worker,30391.35,44,0.647,0.603,0,0.956,0.0,0.2,71.4,0
gig_worker,14448.14,37,1.057,0.456,0,0.478,0.0,0.236,68.4,0
gig_worker,28001.7,46,0.91,0.788,9,0.774,0.0,0.062,63.4,0
kirana_merchant,52114.69,42,1.095,0.447,2,0.713,0.853,0.267,48.5,0
gig_worker,10941.54,44,0.723,0.429,0,0.396,0.0,0.106,83.5,0
gig_worker,40671.87,47,0.94,0.463,11,0.419,0.0,0.276,99.0,1
kirana_merchant,53497.97,45,1.082,0.788,2,0.523,0.474,0.293,55.8,1
gig_worker,20327.33,57,0.749,0.569,2,0.356,0.0,0.163,51.2,1
gig_worker,62760.92,40,0.648,0.635,2,0.464,0.0,0.17,81.1,0
gig_worker,19050.17,41,0.917,0.676,0,0.657,0.0,0.091,58.6,0
gig_worker,33541.59,42,0.783,0.85,0,0.395,0.0,0.213,74.0,0
kirana_merchant,23077.51,47,0.737,0.77,4,0.43,0.481,0.048,40.8,0
gig_worker,23074.93,52,1.097,0.842,9,0.917,0.0,0.116,66.2,0
freelancer,19758.73,47,0.977,0.375,1,0.577,0.0,0.075,49.3,1
kirana_merchant,38150.26,55,0.843,0.272,4,0.767,0.909,0.313,32.9,0
gig_worker,41126.28,50,0.625,0.263,0,0.416,0.0,0.251,95.9,0
gig_worker,26050.41,48,0.696,0.786,3,0.677,0.0,0.268,63.4,1
kirana_merchant,13629.83,52,0.749,0.764,0,0.747,0.133,0.281,60.7,0
kirana_merchant,32911.75,44,0.844,0.62,6,0.443,0.873,0.065,50.6,0
gig_worker,33223.32,47,0.849,0.15,1,0.55,0.0,0.308,87.2,0
gig_worker,24140.41,48,0.612,0.354,2,0.874,0.0,0.235,70.0,0
freelancer,68433.36,41,1.072,0.687,0,0.763,0.0,0.086,48.1,1
gig_worker,12308.38,46,0.871,0.299,7,0.915,0.0,0.329,80.4,0
gig_worker,8878.24,53,0.61,0.599,7,0.348,0.0,0.165,60.9,0
freelancer,18668.31,44,0.951,0.534,2,0.739,0.0,0.139,22.5,0
kirana_merchant,38376.95,49,0.636,0.31,0,0.212,0.871,0.114,52.5,0
gig_worker,15868.28,51,0.961,0.847,0,0.393,0.0,0.232,77.7,0
kirana_merchant,16473.6,47,0.951,0.305,7,0.247,0.294,0.169,34.1,0
gig_worker,43282.8,41,1.092,0.816,1,0.805,0.0,0.077,80.1,0
kirana_merchant,33903.51,39,0.771,0.533,5,0.604,0.904,0.274,32.6,0
kirana_merchant,32484.89,42,0.672,0.173,12,0.603,0.097,0.072,53.6,0
freelancer,39763.89,35,0.646,0.767,3,0.525,0.0,0.149,26.0,1
freelancer,21750.75,55,0.636,0.733,3,0.246,0.0,0.207,24.6,1
freelancer,22259.14,56,1.005,0.765,2,0.81,0.0,0.035,34.7,1
freelancer,40331.56,53,0.959,0.611,1,0.774,0.0,0.252,32.9,1
kirana_merchant,13732.99,40,1.088,0.669,0,0.773,0.092,0.044,35.1,0
gig_worker,9215.48,43,0.755,0.826,11,0.995,0.0,0.031,80.5,0
kirana_merchant,21662.93,31,1.002,0.202,7,0.871,0.547,0.164,56.4,0
kirana_merchant,42848.96,49,0.647,0.166,5,0.414,0.636,0.175,29.4,0
freelancer,30570.17,35,1.052,0.2,6,0.317,0.0,0.127,26.3,1
gig_worker,41301.16,32,0.626,0.796,10,0.56,0.0,0.153,93.3,0
freelancer,9816.82,40,0.994,0.55,2,0.866,0.0,0.047,29.8,0
freelancer,31500.18,44,0.754,0.241,7,0.327,0.0,0.225,51.6,0
freelancer,37306.85,47,0.691,0.213,1,0.821,0.0,0.267,25.2,0
freelancer,13692.47,48,0.952,0.456,15,0.952,0.0,0.089,24.5,0
gig_worker,41399.7,35,1.048,0.753,0,0.311,0.0,0.079,62.1,0
gig_worker,25444.14,48,0.982,0.744,0,0.746,0.0,0.032,64.5,0
gig_worker,124949.93,43,0.757,0.781,2,0.372,0.0,0.175,82.2,1
gig_worker,9057.8,43,0.777,0.715,1,0.997,0.0,0.248,61.6,0
kirana_merchant,53346.16,41,0.695,0.149,0,0.913,0.485,0.257,41.4,0
freelancer,22090.9,41,1.012,0.676,5,0.497,0.0,0.031,19.3,1
freelancer,11985.16,33,0.654,0.515,0,0.235,0.0,0.34,32.0,0
kirana_merchant,20671.73,41,1.052,0.681,7,0.236,0.434,0.345,26.5,0
gig_worker,30907.05,39,0.901,0.487,0,0.594,0.0,0.293,65.7,0
gig_worker,45194.62,55,0.894,0.487,0,0.966,0.0,0.247,59.8,1
gig_worker,63639.02,56,1.019,0.201,5,0.877,0.0,0.141,74.9,0
gig_worker,54772.67,46,0.934,0.824,3,0.583,0.0,0.149,67.8,0
kirana_merchant,16602.51,49,0.752,0.4,2,0.373,0.994,0.319,47.7,0
gig_worker,47338.65,47,0.775,0.566,3,0.253,0.0,0.111,94.3,0
gig_worker,32716.75,35,0.687,0.266,22,0.508,0.0,0.309,67.2,1
gig_worker,19393.6,36,0.832,0.395,1,0.853,0.0,0.07,69.0,0
kirana_merchant,24198.47,45,0.655,0.796,0,0.588,0.174,0.127,49.3,0
kirana_merchant,18865.28,47,0.927,0.268,0,0.579,0.774,0.16,64.3,0
kirana_merchant,27406.79,59,0.685,0.265,0,0.581,0.444,0.224,41.5,0
kirana_merchant,18679.3,49,1.032,0.308,9,0.369,0.779,0.266,5.0,1
freelancer,16090.8,46,0.95,0.56,4,0.849,0.0,0.065,17.9,1
gig_worker,34185.59,59,1.046,0.517,4,0.803,0.0,0.152,40.5,0
kirana_merchant,36840.95,51,0.644,0.24,2,0.439,0.836,0.143,52.9,0
kirana_merchant,24494.44,40,0.999,0.654,2,0.347,0.34,0.119,28.0,0
kirana_merchant,53307.14,50,1.04,0.826,10,0.831,0.407,0.169,30.0,0
freelancer,23618.48,40,0.622,0.259,1,0.982,0.0,0.261,18.7,0
gig_worker,23123.69,51,1.1,0.638,0,0.311,0.0,0.204,76.8,1
kirana_merchant,37430.62,54,0.75,0.569,2,0.327,0.189,0.187,43.9,0
gig_worker,25179.54,40,0.706,0.363,0,0.672,0.0,0.191,54.4,0
kirana_merchant,28068.38,52,0.807,0.594,3,0.586,0.482,0.255,40.9,0
gig_worker,7629.52,52,0.604,0.268,6,0.322,0.0,0.203,56.5,0
gig_worker,27128.87,31,1.043,0.767,2,0.68,0.0,0.254,80.6,1
kirana_merchant,10790.29,43,0.734,0.118,8,0.218,0.499,0.186,49.3,0
kirana_merchant,14610.92,52,0.861,0.554,1,0.595,0.86,0.248,53.1,0
gig_worker,13798.83,38,0.912,0.355,0,0.293,0.0,0.3,70.3,1
kirana_merchant,15973.85,41,0.996,0.805,1,0.504,0.469,0.046,40.2,1
kirana_merchant,20446.62,53,0.725,0.499,3,0.986,0.195,0.268,55.9,1
gig_worker,21094.21,47,0.959,0.742,7,0.495,0.0,0.289,66.3,1
kirana_merchant,37501.55,31,0.659,0.839,5,0.479,0.148,0.267,47.9,0
kirana_merchant,30067.31,39,0.952,0.367,0,0.547,0.822,0.096,47.5,0
kirana_merchant,10398.98,35,1.06,0.804,0,0.642,0.036,0.059,44.7,1
gig_worker,28047.29,29,0.643,0.681,2,0.208,0.0,0.322,61.7,1
gig_worker,31543.65,39,0.658,0.187,3,0.853,0.0,0.133,33.9,0
kirana_merchant,22827.4,47,0.879,0.183,8,0.438,0.113,0.08,78.1,0
freelancer,26096.51,45,0.623,0.754,2,0.878,0.0,0.243,41.0,0
kirana_merchant,29588.91,45,0.694,0.475,0,0.312,0.876,0.306,39.8,0
gig_worker,39430.69,43,0.695,0.496,16,0.545,0.0,0.345,69.7,1
kirana_merchant,12241.17,53,0.841,0.813,15,0.99,0.363,0.199,27.6,1
freelancer,23809.54,58,0.724,0.823,0,0.354,0.0,0.31,14.2,1
gig_worker,57191.93,31,0.838,0.19,0,0.61,0.0,0.18,79.9,0
freelancer,54629.57,53,0.861,0.399,6,0.457,0.0,0.199,50.3,1
freelancer,41170.14,47,0.965,0.816,14,0.718,0.0,0.207,22.6,1
gig_worker,35186.31,44,1.073,0.756,1,0.258,0.0,0.308,80.6,1
freelancer,61532.29,46,0.852,0.677,11,0.844,0.0,0.099,49.7,1
gig_worker,70187.39,58,0.778,0.182,0,0.71,0.0,0.266,73.5,0
freelancer,25221.7,54,0.729,0.597,8,0.895,0.0,0.132,9.4,1
kirana_merchant,16568.92,50,0.917,0.565,1,0.808,0.682,0.052,29.5,0
kirana_merchant,23502.31,44,1.071,0.234,6,0.309,0.282,0.342,37.9,1
kirana_merchant,126544.3,40,0.982,0.719,0,0.895,0.565,0.325,32.4,0
kirana_merchant,12275.02,47,0.703,0.35,5,0.513,0.649,0.187,57.6,0
gig_worker,21263.14,48,1.047,0.597,2,0.592,0.0,0.071,91.6,0
kirana_merchant,13275.22,50,0.968,0.389,0,0.248,0.679,0.305,59.0,0
gig_worker,28634.91,42,0.664,0.168,17,0.381,0.0,0.153,92.3,0
gig_worker,14744.93,46,0.956,0.52,2,0.433,0.0,0.189,61.1,0
gig_worker,25479.37,50,0.745,0.345,2,0.844,0.0,0.347,83.4,0
kirana_merchant,10147.19,40,0.846,0.157,0,0.58,0.203,0.174,55.2,0
gig_worker,36636.87,57,0.75,0.259,10,0.491,0.0,0.069,69.9,0
gig_worker,49571.56,49,0.642,0.595,1,0.959,0.0,0.239,90.9,0
gig_worker,22204.01,39,0.984,0.181,4,0.39,0.0,0.202,55.0,0
gig_worker,25145.52,41,1.014,0.17,10,0.585,0.0,0.08,50.8,0
kirana_merchant,24792.5,38,0.716,0.855,4,0.407,0.567,0.082,13.5,0
freelancer,29450.18,44,0.72,0.186,1,0.387,0.0,0.324,29.7,1
gig_worker,26394.61,49,0.815,0.401,2,0.909,0.0,0.033,80.7,0
freelancer,39500.1,40,1.006,0.207,2,0.65,0.0,0.226,25.0,1
kirana_merchant,49837.33,46,0.639,0.851,6,0.2,0.669,0.281,32.4,0
kirana_merchant,17907.31,49,1.004,0.485,1,0.318,0.695,0.143,37.7,1
kirana_merchant,23048.03,35,1.061,0.189,4,0.904,0.195,0.065,19.9,0
freelancer,42226.77,55,0.881,0.715,10,0.25,0.0,0.324,33.1,1
gig_worker,13215.76,49,0.63,0.725,0,0.915,0.0,0.106,99.0,0
kirana_merchant,10043.08,36,0.735,0.821,8,0.364,0.241,0.08,24.5,1
kirana_merchant,30126.43,46,0.656,0.665,3,0.985,0.009,0.041,52.0,0
kirana_merchant,34481.33,43,0.73,0.144,3,0.699,0.299,0.315,52.8,0
freelancer,18748.14,44,1.006,0.54,10,0.985,0.0,0.198,32.5,1
gig_worker,20144.26,48,0.628,0.407,2,0.613,0.0,0.148,76.2,0
kirana_merchant,18396.28,52,0.742,0.699,2,0.827,0.093,0.274,49.7,0
kirana_merchant,17440.27,50,0.858,0.573,5,0.419,0.251,0.194,37.6,1
gig_worker,38053.48,46,1.037,0.68,9,0.325,0.0,0.121,71.9,1
gig_worker,14909.45,38,0.725,0.244,4,0.284,0.0,0.148,86.8,0
kirana_merchant,23558.42,41,0.989,0.45,1,0.466,0.685,0.27,53.9,0
freelancer,17108.52,40,0.892,0.446,2,0.509,0.0,0.108,22.9,0
kirana_merchant,12995.46,47,0.938,0.885,6,0.456,0.79,0.197,49.4,0
freelancer,41568.13,45,1.031,0.115,11,0.969,0.0,0.306,24.3,0
kirana_merchant,20745.56,42,0.613,0.753,2,0.311,0.744,0.31,35.8,1
gig_worker,29561.26,59,0.865,0.178,1,0.361,0.0,0.315,99.0,0
gig_worker,12656.95,47,0.974,0.164,11,0.363,0.0,0.272,93.5,1
gig_worker,18564.94,45,1.042,0.363,8,0.786,0.0,0.188,87.0,0
gig_worker,39263.24,43,0.666,0.661,9,0.734,0.0,0.185,60.2,1
gig_worker,98089.51,49,0.771,0.643,0,0.342,0.0,0.336,74.0,0
kirana_merchant,10015.53,42,0.639,0.602,0,0.221,0.991,0.274,37.1,1
kirana_merchant,24329.53,48,1.017,0.72,7,0.232,0.049,0.09,62.6,1
gig_worker,33062.01,46,1.029,0.286,4,0.395,0.0,0.129,71.0,0
gig_worker,19770.57,43,0.842,0.607,4,0.805,0.0,0.129,72.0,0
gig_worker,41141.02,43,0.61,0.61,7,0.917,0.0,0.276,95.6,0
kirana_merchant,17441.95,54,0.651,0.623,5,0.922,0.923,0.174,39.3,0
gig_worker,29054.36,39,0.912,0.576,4,0.546,0.0,0.261,45.0,1
gig_worker,20722.27,46,1.091,0.277,1,0.857,0.0,0.035,77.8,0
freelancer,49499.39,47,1.019,0.831,4,0.775,0.0,0.24,46.6,1
freelancer,19183.73,48,0.999,0.881,3,0.258,0.0,0.124,47.6,1
gig_worker,22562.92,55,0.809,0.651,1,0.937,0.0,0.092,77.4,0
kirana_merchant,43167.56,43,1.093,0.455,8,0.634,0.674,0.239,64.1,1
gig_worker,16090.44,49,1.012,0.53,3,0.57,0.0,0.054,82.7,0
kirana_merchant,27844.06,45,0.768,0.187,0,0.669,0.028,0.239,52.9,0
kirana_merchant,10815.47,46,0.974,0.391,2,0.342,0.872,0.348,37.3,0
gig_worker,15615.72,41,0.816,0.881,34,0.328,0.0,0.323,36.4,1
kirana_merchant,32567.35,35,0.93,0.538,0,0.549,0.375,0.272,40.0,1
gig_worker,16393.68,45,1.085,0.549,2,0.659,0.0,0.132,99.0,0
gig_worker,20490.44,38,0.723,0.863,10,0.246,0.0,0.119,68.8,1
gig_worker,34425.17,62,0.998,0.809,5,0.268,0.0,0.34,77.1,1
kirana_merchant,20138.87,39,0.895,0.555,16,0.952,0.862,0.053,33.1,0
gig_worker,40595.85,55,1.075,0.315,0,0.485,0.0,0.09,84.1,1
gig_worker,29966.38,38,0.667,0.194,5,0.287,0.0,0.293,70.9,0
gig_worker,33451.15,48,0.96,0.791,1,0.319,0.0,0.184,82.1,0
gig_worker,50035.24,50,0.619,0.836,0,0.517,0.0,0.318,80.1,0
kirana_merchant,31568.39,43,0.723,0.495,7,0.878,0.399,0.142,40.0,0
gig_worker,58071.11,34,0.76,0.176,4,0.477,0.0,0.121,80.2,0
gig_worker,42430.86,42,0.816,0.585,5,0.788,0.0,0.216,84.1,0
kirana_merchant,20707.97,42,1.083,0.394,3,0.433,0.32,0.246,11.6,0
kirana_merchant,51357.9,45,0.634,0.226,1,0.557,0.337,0.24,42.9,0
freelancer,30697.39,42,0.684,0.835,24,0.397,0.0,0.104,52.9,1
kirana_merchant,22085.14,62,0.702,0.292,0,0.787,0.568,0.299,42.2,0
gig_worker,30921.06,48,0.812,0.669,7,0.829,0.0,0.171,99.0,0
kirana_merchant,46918.32,46,0.63,0.444,7,0.568,0.341,0.047,31.4,0
kirana_merchant,33776.57,40,1.083,0.762,2,0.773,0.672,0.202,54.1,0
gig_worker,66916.2,43,0.88,0.661,6,0.456,0.0,0.114,71.4,0
freelancer,46317.04,41,1.007,0.199,9,0.568,0.0,0.215,11.2,1
gig_worker,34946.72,39,0.986,0.46,5,0.901,0.0,0.081,80.9,0
freelancer,16106.3,45,0.93,0.308,4,0.237,0.0,0.292,42.1,0
freelancer,24590.95,38,1.052,0.671,3,0.566,0.0,0.077,33.6,1
kirana_merchant,27884.66,43,1.051,0.536,0,0.244,0.716,0.159,63.1,0
freelancer,38113.19,39,0.664,0.372,7,0.546,0.0,0.032,14.0,0
kirana_merchant,36999.75,44,1.051,0.364,0,0.617,0.879,0.234,35.0,0
gig_worker,29283.23,47,0.862,0.192,4,0.805,0.0,0.051,65.2,0
kirana_merchant,28571.78,46,0.734,0.271,0,0.445,0.591,0.259,42.8,0
gig_worker,38569.94,52,0.904,0.671,4,0.826,0.0,0.241,87.0,1
gig_worker,17513.14,48,0.74,0.588,13,0.246,0.0,0.158,75.6,1
kirana_merchant,62802.99,34,0.84,0.384,5,0.383,0.902,0.181,68.2,0
gig_worker,9666.45,55,1.008,0.769,0,0.684,0.0,0.296,52.0,0
gig_worker,55698.29,48,0.616,0.488,3,0.206,0.0,0.105,56.7,0
kirana_merchant,26302.18,44,0.692,0.736,3,0.713,0.186,0.23,15.1,1
freelancer,44413.11,51,1.078,0.725,2,0.775,0.0,0.209,51.0,0
gig_worker,32270.87,46,0.823,0.778,11,0.874,0.0,0.259,40.8,1
gig_worker,31984.84,42,0.752,0.78,2,0.81,0.0,0.153,53.5,0
gig_worker,35494.29,39,1.062,0.643,0,0.947,0.0,0.311,70.0,0
kirana_merchant,40316.95,49,1.056,0.7,0,0.624,0.743,0.098,5.0,1
gig_worker,22824.38,41,0.622,0.722,2,0.794,0.0,0.285,74.1,0
kirana_merchant,45134.38,32,0.781,0.235,10,0.849,0.729,0.219,63.3,0
gig_worker,15642.78,42,1.056,0.34,7,0.708,0.0,0.284,65.3,0
gig_worker,26831.58,48,0.69,0.183,6,0.944,0.0,0.338,79.0,0
freelancer,40863.19,52,0.889,0.251,0,0.579,0.0,0.021,62.8,0
gig_worker,44245.49,39,0.76,0.723,0,0.38,0.0,0.029,77.5,0
kirana_merchant,33873.71,63,0.968,0.858,0,0.412,0.439,0.02,62.9,0
gig_worker,22099.36,39,0.679,0.639,0,0.487,0.0,0.123,65.4,0
kirana_merchant,42123.2,57,0.898,0.809,0,0.789,0.121,0.15,37.3,0
kirana_merchant,19250.97,51,0.6,0.354,0,0.645,0.913,0.143,50.5,0
gig_worker,64582.87,42,0.726,0.777,2,0.948,0.0,0.036,78.2,0
gig_worker,25788.0,33,0.681,0.371,2,0.919,0.0,0.318,81.2,0
gig_worker,12458.86,43,0.705,0.815,3,0.566,0.0,0.062,86.3,1
kirana_merchant,14804.08,45,1.03,0.738,5,0.517,0.061,0.198,61.4,0
kirana_merchant,27496.71,49,1.057,0.887,2,0.976,0.532,0.319,69.7,0
kirana_merchant,28851.37,40,0.978,0.762,5,0.585,0.743,0.198,73.2,0
kirana_merchant,72029.31,35,0.895,0.419,1,0.993,0.704,0.142,40.2,0
gig_worker,16006.5,37,0.715,0.188,2,0.389,0.0,0.253,74.6,0
gig_worker,27439.29,46,0.737,0.799,2,0.912,0.0,0.349,76.2,0
gig_worker,15839.93,44,0.755,0.557,1,0.416,0.0,0.219,86.4,0
gig_worker,21029.31,36,0.989,0.787,5,0.714,0.0,0.233,72.8,1
gig_worker,62441.54,46,0.726,0.41,6,0.999,0.0,0.08,60.5,0
kirana_merchant,15242.33,39,1.087,0.123,9,0.659,0.988,0.107,50.5,0
kirana_merchant,36080.98,50,0.998,0.142,21,0.862,0.597,0.282,79.8,0
freelancer,32743.3,46,1.1,0.636,2,0.399,0.0,0.268,17.0,1
gig_worker,26580.0,35,0.83,0.192,5,0.652,0.0,0.099,72.3,0
kirana_merchant,34881.72,49,0.895,0.696,2,0.573,0.18,0.187,53.1,0
freelancer,15062.9,43,0.74,0.436,2,0.499,0.0,0.31,22.7,1
kirana_merchant,61584.24,50,0.902,0.55,3,0.249,0.023,0.079,64.9,1
gig_worker,70433.39,34,1.087,0.741,0,0.794,0.0,0.259,59.7,0
gig_worker,27544.34,55,0.615,0.302,0,0.981,0.0,0.135,77.8,0
gig_worker,90359.65,41,0.745,0.43,1,0.698,0.0,0.042,63.5,0
gig_worker,22037.17,38,0.741,0.684,0,0.261,0.0,0.113,79.8,0
kirana_merchant,32866.72,48,1.091,0.835,2,0.732,0.603,0.158,41.3,0
gig_worker,55047.1,49,0.666,0.332,9,0.999,0.0,0.266,64.4,0
gig_worker,21386.13,44,1.006,0.598,2,0.801,0.0,0.062,86.7,1
kirana_merchant,13483.55,54,0.737,0.861,4,0.539,0.626,0.303,59.9,0
kirana_merchant,12017.77,36,1.03,0.619,2,0.983,0.306,0.127,38.2,0
kirana_merchant,75388.75,43,0.844,0.814,5,0.929,0.998,0.07,73.0,0
kirana_merchant,20650.35,43,0.721,0.852,4,0.822,0.9,0.142,46.0,0
gig_worker,24517.23,48,0.955,0.843,6,0.945,0.0,0.326,87.0,1
gig_worker,15423.04,52,1.021,0.707,6,0.818,0.0,0.206,62.3,0
gig_worker,43224.8,34,0.835,0.542,2,0.982,0.0,0.136,63.8,0
kirana_merchant,18200.79,36,0.957,0.177,3,0.807,0.001,0.162,32.7,0
freelancer,21043.95,51,0.691,0.278,8,0.319,0.0,0.264,42.1,0
gig_worker,31249.55,45,1.069,0.305,1,0.279,0.0,0.034,63.2,0
kirana_merchant,15803.35,43,0.648,0.127,0,0.397,0.319,0.334,44.4,0
gig_worker,24605.1,40,0.711,0.182,2,0.31,0.0,0.295,54.1,0
kirana_merchant,54236.25,44,0.744,0.336,4,0.652,0.306,0.313,44.3,0
gig_worker,33327.13,59,0.676,0.173,3,0.729,0.0,0.24,80.9,0
gig_worker,28717.76,56,0.803,0.236,6,0.3,0.0,0.215,52.8,1
freelancer,29954.43,39,0.829,0.144,3,0.206,0.0,0.133,64.9,0
kirana_merchant,22146.45,51,0.859,0.433,7,0.758,0.142,0.119,35.7,0
kirana_merchant,72989.89,52,0.62,0.757,3,0.24,0.431,0.049,52.3,1
gig_worker,17924.46,49,0.71,0.75,6,0.777,0.0,0.031,41.4,0
gig_worker,29895.5,34,1.004,0.824,0,0.256,0.0,0.038,75.3,0
gig_worker,28495.82,52,1.005,0.696,1,0.971,0.0,0.079,70.0,0
freelancer,44550.62,37,0.765,0.296,4,0.4,0.0,0.073,53.4,0
freelancer,46704.09,51,0.831,0.662,4,0.254,0.0,0.279,41.2,1
kirana_merchant,26475.91,46,0.692,0.703,2,0.698,0.42,0.055,40.1,0
gig_worker,31111.51,48,1.011,0.534,1,0.778,0.0,0.273,89.2,0
freelancer,31706.2,42,1.078,0.746,1,0.939,0.0,0.165,38.3,0
kirana_merchant,8638.02,57,0.746,0.157,11,0.861,0.408,0.337,51.3,0
kirana_merchant,12155.11,42,0.991,0.576,0,0.425,0.162,0.219,42.1,1
gig_worker,19879.97,42,0.776,0.484,0,0.36,0.0,0.204,75.3,0
kirana_merchant,20316.74,37,0.601,0.744,0,0.444,0.407,0.232,45.6,0
kirana_merchant,14770.08,41,0.9,0.202,6,0.393,0.001,0.183,54.8,0
freelancer,39135.74,47,0.805,0.27,1,0.776,0.0,0.208,13.0,0
kirana_merchant,26931.7,45,0.979,0.547,8,0.759,0.466,0.253,51.2,0
gig_worker,24164.81,52,0.974,0.858,18,0.648,0.0,0.298,62.7,1
kirana_merchant,14355.99,45,1.073,0.167,7,0.256,0.385,0.324,50.1,1
freelancer,26310.61,47,0.819,0.695,0,0.963,0.0,0.247,5.0,1
gig_worker,7234.8,34,0.841,0.264,1,0.48,0.0,0.323,62.0,0
gig_worker,24798.09,40,0.8,0.184,13,0.852,0.0,0.2,71.0,0
gig_worker,27766.67,53,0.748,0.416,11,0.838,0.0,0.098,67.3,0
kirana_merchant,30362.32,43,0.919,0.566,3,0.437,0.434,0.132,16.0,1
gig_worker,12307.32,38,1.014,0.762,9,0.399,0.0,0.305,72.8,1
kirana_merchant,30103.85,42,0.679,0.608,0,0.628,0.788,0.232,37.0,0
gig_worker,15983.05,43,1.091,0.493,1,0.486,0.0,0.112,60.5,1
freelancer,17921.66,35,0.942,0.329,10,0.936,0.0,0.211,45.9,0
gig_worker,38521.26,55,0.99,0.334,6,0.93,0.0,0.239,34.4,0
gig_worker,73648.34,30,1.099,0.716,0,0.817,0.0,0.349,61.2,0
kirana_merchant,27602.99,49,0.852,0.191,0,0.217,0.106,0.187,63.5,0
kirana_merchant,17880.25,50,0.636,0.217,1,0.877,0.228,0.317,28.2,0
gig_worker,29564.67,29,0.995,0.676,11,0.725,0.0,0.132,61.0,1
gig_worker,43024.05,46,1.035,0.869,9,0.619,0.0,0.231,84.0,1
gig_worker,36698.78,45,0.681,0.196,4,0.512,0.0,0.281,71.8,0
kirana_merchant,106038.39,34,0.612,0.588,3,0.693,0.687,0.327,48.5,0
kirana_merchant,18813.52,47,0.668,0.291,11,0.405,0.78,0.179,48.5,0
kirana_merchant,30519.34,45,0.762,0.121,1,0.661,0.404,0.302,62.9,0
kirana_merchant,58364.26,45,1.062,0.766,3,0.721,0.885,0.193,46.0,0
kirana_merchant,56561.26,48,0.601,0.507,1,0.741,0.585,0.234,50.3,0
gig_worker,10147.28,39,1.002,0.119,1,0.537,0.0,0.1,86.8,0
freelancer,26858.06,58,1.027,0.816,4,0.256,0.0,0.292,56.7,1
freelancer,56514.94,55,1.006,0.529,9,0.535,0.0,0.34,41.6,0
gig_worker,114156.03,48,0.641,0.69,8,0.921,0.0,0.277,56.2,0
gig_worker,38249.97,39,0.94,0.439,8,0.63,0.0,0.109,93.9,0
gig_worker,22383.25,47,1.077,0.248,2,0.231,0.0,0.044,62.6,0
gig_worker,16242.69,46,0.66,0.472,2,0.499,0.0,0.039,89.1,0
kirana_merchant,81582.63,47,0.616,0.33,5,0.693,0.472,0.256,31.7,0
kirana_merchant,38730.04,39,1.037,0.337,2,0.424,0.639,0.28,77.8,0
kirana_merchant,17605.5,39,0.922,0.615,0,0.35,0.796,0.24,51.9,0
kirana_merchant,24304.62,40,0.923,0.175,10,0.662,0.869,0.241,64.4,0
kirana_merchant,31416.65,47,1.082,0.418,2,0.686,0.17,0.323,38.1,0
kirana_merchant,35309.36,37,0.985,0.537,1,0.567,0.386,0.167,45.6,0
gig_worker,17157.5,51,0.799,0.668,29,0.274,0.0,0.183,86.4,1
gig_worker,19789.46,44,0.818,0.606,1,0.791,0.0,0.101,95.5,0
kirana_merchant,11772.63,50,0.672,0.809,2,0.805,0.87,0.35,38.2,0
gig_worker,45246.52,36,0.752,0.894,2,0.513,0.0,0.332,75.6,1
gig_worker,22678.91,40,0.823,0.85,0,0.207,0.0,0.097,58.8,0
freelancer,33967.55,48,0.731,0.711,1,0.71,0.0,0.095,50.1,0
kirana_merchant,54782.67,44,1.058,0.649,8,0.982,0.957,0.275,47.4,0
gig_worker,30029.49,41,0.606,0.128,6,0.59,0.0,0.081,73.9,0
kirana_merchant,25425.67,46,0.894,0.527,13,0.75,0.726,0.087,14.4,0
kirana_merchant,29642.39,44,0.986,0.631,11,0.622,0.523,0.302,54.9,0
gig_worker,27766.81,50,0.966,0.43,2,0.39,0.0,0.216,62.5,1
gig_worker,50165.48,44,0.922,0.408,0,0.472,0.0,0.112,55.9,0
freelancer,31426.89,32,0.805,0.534,5,0.968,0.0,0.153,34.8,0
gig_worker,20492.2,41,1.059,0.825,0,0.676,0.0,0.077,79.2,0
gig_worker,45429.84,39,0.764,0.309,1,0.35,0.0,0.216,63.6,0
kirana_merchant,49773.71,34,0.975,0.419,12,0.24,0.342,0.071,43.3,0
kirana_merchant,13778.09,42,1.063,0.622,5,0.243,0.999,0.125,29.9,1
gig_worker,57895.33,40,0.664,0.249,8,0.6,0.0,0.34,76.0,1
gig_worker,32284.93,45,1.074,0.768,0,0.284,0.0,0.207,69.8,0
gig_worker,30996.67,51,0.988,0.633,10,0.866,0.0,0.135,63.2,1
freelancer,44503.02,46,0.908,0.382,0,0.474,0.0,0.325,28.5,1
gig_worker,20262.19,50,0.787,0.678,3,0.507,0.0,0.142,99.0,0
kirana_merchant,43350.88,34,1.052,0.323,1,0.475,0.779,0.259,35.1,0
freelancer,22283.73,41,0.622,0.72,2,0.628,0.0,0.129,51.7,0
gig_worker,12868.33,34,0.816,0.157,0,0.999,0.0,0.12,91.1,0
freelancer,16335.92,49,0.978,0.441,4,0.917,0.0,0.176,46.8,0
freelancer,35721.6,38,1.006,0.309,1,0.385,0.0,0.204,40.2,0
freelancer,16768.64,47,0.701,0.753,3,0.918,0.0,0.162,23.0,1
gig_worker,60176.55,47,0.624,0.702,1,0.666,0.0,0.295,65.6,0
kirana_merchant,48758.84,46,1.001,0.773,11,0.785,0.514,0.248,52.1,0
kirana_merchant,52403.02,54,0.811,0.621,0,0.616,0.588,0.338,15.0,0
freelancer,28635.12,45,0.672,0.736,3,0.729,0.0,0.146,47.1,0
gig_worker,30605.37,42,0.643,0.451,0,0.513,0.0,0.199,87.3,0
kirana_merchant,14811.28,39,0.92,0.642,2,0.426,0.064,0.306,60.3,1
gig_worker,44262.44,46,0.891,0.125,8,0.603,0.0,0.11,74.4,1
gig_worker,32529.96,38,1.027,0.805,1,0.58,0.0,0.267,62.3,1
kirana_merchant,35726.67,32,0.616,0.648,4,0.516,0.437,0.215,53.9,0
kirana_merchant,62577.18,40,1.034,0.793,2,0.831,0.688,0.215,29.5,0
kirana_merchant,19871.04,43,1.044,0.717,1,0.774,0.423,0.107,58.2,0
kirana_merchant,25258.78,41,0.823,0.329,1,0.43,0.925,0.109,47.1,0
freelancer,31676.66,52,0.638,0.318,6,0.358,0.0,0.327,26.8,0
gig_worker,16852.97,44,1.073,0.74,18,0.204,0.0,0.033,90.7,1
kirana_merchant,24494.42,50,0.636,0.248,4,0.984,0.435,0.2,54.3,0
gig_worker,34422.82,63,0.895,0.189,5,0.481,0.0,0.248,80.0,0
gig_worker,22863.32,48,0.847,0.112,0,0.69,0.0,0.08,77.9,0
kirana_merchant,51766.3,47,1.018,0.339,2,0.798,0.418,0.196,43.5,0
freelancer,12638.94,50,0.851,0.179,13,0.365,0.0,0.318,36.9,0
kirana_merchant,47163.97,57,0.835,0.741,9,0.734,0.492,0.287,47.4,0
kirana_merchant,37443.66,50,1.04,0.488,1,0.291,0.602,0.311,22.7,0
gig_worker,20243.43,42,1.082,0.302,0,0.277,0.0,0.157,66.5,0
gig_worker,16946.15,44,0.875,0.582,7,0.442,0.0,0.224,70.3,0
kirana_merchant,9507.71,55,0.827,0.156,10,0.456,0.382,0.081,35.2,1
gig_worker,18077.3,40,1.016,0.681,1,0.344,0.0,0.305,80.8,0
gig_worker,45414.57,38,1.016,0.501,3,0.574,0.0,0.07,93.2,0
kirana_merchant,26159.22,42,0.76,0.105,4,0.694,0.843,0.06,39.6,0
gig_worker,48121.79,52,0.888,0.355,2,0.941,0.0,0.289,76.6,0
gig_worker,19733.33,40,0.677,0.7,11,0.762,0.0,0.138,72.8,1
kirana_merchant,38313.33,28,0.918,0.25,3,0.618,0.372,0.263,49.0,0
kirana_merchant,18793.21,49,1.017,0.87,0,0.632,0.476,0.341,49.0,0
freelancer,16600.91,44,0.694,0.817,2,0.66,0.0,0.133,45.7,0
kirana_merchant,25500.07,42,0.762,0.723,3,0.43,0.425,0.332,56.4,0
kirana_merchant,19293.37,54,0.824,0.163,3,0.796,0.624,0.106,66.9,0
freelancer,12438.96,60,1.023,0.383,9,0.723,0.0,0.276,42.5,0
kirana_merchant,24559.22,43,0.966,0.339,2,0.591,0.377,0.203,23.5,0
gig_worker,28373.69,36,0.758,0.21,6,0.371,0.0,0.275,99.0,0
gig_worker,50725.26,40,0.722,0.9,0,0.88,0.0,0.099,99.0,0
kirana_merchant,42976.25,36,0.948,0.218,0,0.358,0.449,0.278,69.3,0
kirana_merchant,49512.06,45,0.84,0.352,1,0.358,0.213,0.258,43.8,0
kirana_merchant,38568.02,41,0.897,0.804,9,0.317,0.216,0.054,49.5,1
kirana_merchant,31770.91,45,0.924,0.216,3,0.997,0.088,0.225,52.0,0
kirana_merchant,14552.64,40,0.879,0.476,3,0.396,0.154,0.147,66.6,0
freelancer,28996.66,47,0.907,0.881,5,0.881,0.0,0.308,51.3,1
kirana_merchant,36257.33,37,1.044,0.298,2,0.228,0.685,0.13,42.8,0
gig_worker,55754.81,35,1.034,0.662,2,0.766,0.0,0.255,85.4,0
freelancer,37916.6,43,0.675,0.164,9,0.224,0.0,0.216,42.7,0
gig_worker,50020.68,46,0.893,0.581,4,0.699,0.0,0.224,75.5,0
kirana_merchant,16058.62,50,0.82,0.371,2,0.413,0.661,0.065,52.4,0
freelancer,22851.94,42,0.743,0.66,0,0.255,0.0,0.099,42.1,0
kirana_merchant,33345.41,47,0.916,0.446,0,0.419,0.551,0.233,38.5,0
kirana_merchant,48073.02,39,0.855,0.339,13,0.3,0.288,0.032,34.2,0
kirana_merchant,25018.87,41,0.987,0.537,3,0.376,0.866,0.316,42.5,0
gig_worker,25816.7,39,0.647,0.212,5,0.75,0.0,0.257,85.8,0
gig_worker,37932.75,51,0.751,0.752,3,0.866,0.0,0.045,82.0,0
kirana_merchant,15322.3,53,0.613,0.701,0,0.551,0.75,0.213,61.9,0
kirana_merchant,60096.22,48,0.973,0.536,6,0.534,0.38,0.348,40.2,1
kirana_merchant,17334.12,44,1.056,0.394,5,0.57,0.486,0.049,35.9,0
gig_worker,10308.31,43,0.894,0.832,15,0.577,0.0,0.028,76.8,1
kirana_merchant,27038.94,35,0.908,0.608,2,0.388,0.173,0.138,54.5,0
kirana_merchant,62895.47,46,0.623,0.328,6,0.991,0.605,0.176,41.6,0
kirana_merchant,36070.35,47,0.852,0.745,4,0.735,0.638,0.204,38.2,0
kirana_merchant,39165.25,45,0.863,0.608,2,0.819,0.844,0.17,49.0,0
kirana_merchant,27465.69,58,0.619,0.202,4,0.554,0.148,0.234,21.1,0
kirana_merchant,24929.6,36,0.991,0.191,1,0.809,0.905,0.276,19.4,0
kirana_merchant,12425.99,39,0.739,0.85,10,0.747,0.679,0.04,43.1,1
freelancer,8693.29,35,0.962,0.33,6,0.862,0.0,0.159,46.9,0
gig_worker,29677.25,61,0.801,0.631,4,0.235,0.0,0.068,54.4,0
freelancer,51858.52,40,1.098,0.129,6,0.236,0.0,0.235,36.5,0
gig_worker,31954.45,47,0.706,0.545,3,0.655,0.0,0.242,59.3,0
gig_worker,36746.56,52,0.629,0.285,0,0.503,0.0,0.289,58.4,0
freelancer,59388.67,35,1.09,0.212,3,0.842,0.0,0.301,31.1,0
gig_worker,31709.88,44,0.722,0.719,0,0.333,0.0,0.349,87.7,1
kirana_merchant,25302.85,38,0.918,0.748,14,0.4,0.945,0.042,58.5,0
freelancer,17867.48,48,0.787,0.672,0,0.536,0.0,0.301,5.4,1
freelancer,73947.18,43,0.92,0.109,1,0.915,0.0,0.328,5.0,0
freelancer,35005.97,39,0.898,0.328,0,0.306,0.0,0.33,48.3,0
gig_worker,16784.3,58,0.954,0.389,11,0.821,0.0,0.032,99.0,0
kirana_merchant,14979.17,56,0.609,0.653,22,0.991,0.543,0.238,37.0,0
gig_worker,50338.82,37,1.018,0.704,1,0.8,0.0,0.304,66.7,0
kirana_merchant,16014.97,44,0.839,0.602,4,0.64,0.387,0.082,56.9,0
freelancer,67976.48,42,0.859,0.731,1,0.647,0.0,0.21,40.7,0
gig_worker,6780.25,44,0.806,0.442,4,0.331,0.0,0.172,84.3,0
kirana_merchant,54791.9,34,1.095,0.533,2,0.551,0.854,0.081,45.4,0
kirana_merchant,34318.76,57,1.001,0.151,0,0.624,0.167,0.149,55.1,0
kirana_merchant,28546.72,38,0.756,0.442,12,0.599,0.247,0.12,41.7,0
freelancer,24643.56,45,0.992,0.446,2,0.289,0.0,0.3,38.4,0
gig_worker,69242.14,52,0.818,0.589,4,0.321,0.0,0.262,56.6,1
kirana_merchant,38312.42,37,1.035,0.402,3,0.401,0.639,0.022,66.1,0
freelancer,17126.77,47,0.615,0.291,1,0.617,0.0,0.204,48.9,0
kirana_merchant,11390.61,47,0.778,0.29,3,0.329,0.789,0.031,35.0,1
gig_worker,29397.02,47,0.815,0.207,0,0.423,0.0,0.324,68.8,0
kirana_merchant,26888.78,48,0.972,0.661,7,0.474,0.386,0.033,42.9,0
gig_worker,12582.55,46,0.691,0.598,8,0.736,0.0,0.081,67.2,0
gig_worker,26168.28,50,0.743,0.563,0,0.467,0.0,0.087,53.0,0
freelancer,20191.82,43,0.962,0.525,11,0.758,0.0,0.285,39.0,0
kirana_merchant,27028.44,65,0.638,0.394,2,0.321,0.367,0.174,20.9,0
freelancer,38675.51,49,0.701,0.715,5,0.427,0.0,0.075,50.7,1
freelancer,56743.99,37,0.977,0.838,3,0.538,0.0,0.066,55.0,0
kirana_merchant,42380.54,55,1.038,0.452,6,0.412,0.75,0.144,43.8,0
gig_worker,18756.2,42,0.964,0.427,2,0.347,0.0,0.207,70.5,0
kirana_merchant,32352.86,54,0.864,0.23,1,0.978,0.47,0.283,20.4,0
gig_worker,27765.61,41,0.65,0.637,1,0.725,0.0,0.276,67.3,0
freelancer,13820.88,58,1.014,0.546,0,0.217,0.0,0.033,13.5,1
gig_worker,32830.6,52,0.662,0.89,0,0.35,0.0,0.234,80.3,1
gig_worker,68073.02,39,0.793,0.567,0,0.728,0.0,0.025,61.9,0
kirana_merchant,27342.93,50,0.625,0.331,10,0.483,0.027,0.208,40.7,0
gig_worker,12123.59,45,0.955,0.55,1,0.607,0.0,0.078,58.0,1
gig_worker,27313.44,38,0.852,0.888,4,0.84,0.0,0.304,77.3,0
kirana_merchant,14663.9,36,1.054,0.679,2,0.293,0.722,0.147,44.9,0
gig_worker,41431.75,39,0.669,0.203,3,0.713,0.0,0.298,46.3,0
gig_worker,34976.53,37,1.01,0.375,4,0.592,0.0,0.322,38.0,0
gig_worker,24699.67,40,0.855,0.339,7,0.381,0.0,0.152,67.6,0
kirana_merchant,22797.77,49,0.783,0.785,0,0.458,0.304,0.216,48.9,0
kirana_merchant,24194.55,47,0.922,0.589,2,0.223,0.567,0.327,42.3,0
kirana_merchant,27014.72,45,0.995,0.748,11,0.985,0.74,0.101,50.0,1
kirana_merchant,18285.84,43,0.82,0.241,1,0.302,0.585,0.049,69.9,0
gig_worker,13441.79,50,0.716,0.826,5,0.797,0.0,0.191,67.8,0
freelancer,47541.08,31,1.058,0.147,15,0.551,0.0,0.202,55.7,0
gig_worker,22187.84,37,0.756,0.4,5,0.574,0.0,0.163,64.4,0
kirana_merchant,29246.69,47,1.099,0.111,0,0.674,0.757,0.34,37.8,0
freelancer,31027.87,61,0.984,0.247,4,0.929,0.0,0.159,30.3,0
freelancer,31603.09,40,0.944,0.87,8,0.649,0.0,0.204,20.9,1
gig_worker,14959.34,53,0.606,0.163,4,0.842,0.0,0.039,84.1,0
gig_worker,11638.57,38,0.824,0.216,6,0.874,0.0,0.034,85.5,0
kirana_merchant,20043.37,51,0.851,0.84,3,0.72,0.933,0.212,10.7,0
gig_worker,32789.24,40,0.788,0.668,0,0.711,0.0,0.323,58.9,0
freelancer,18695.26,40,0.675,0.426,7,0.89,0.0,0.291,54.9,0
kirana_merchant,22528.56,45,0.784,0.155,4,0.241,0.907,0.206,36.8,0
kirana_merchant,77936.42,39,0.637,0.728,17,0.71,0.486,0.185,46.9,0
gig_worker,10692.4,40,0.745,0.494,0,0.617,0.0,0.272,65.9,0
kirana_merchant,18443.79,55,0.642,0.358,6,0.413,0.044,0.021,26.9,0
kirana_merchant,69445.81,51,0.976,0.389,0,0.825,0.1,0.151,43.1,0
freelancer,26309.9,48,0.936,0.504,30,0.438,0.0,0.052,9.9,1
gig_worker,18901.71,50,1.07,0.541,1,0.823,0.0,0.181,65.0,0
gig_worker,48261.26,46,0.79,0.754,3,0.93,0.0,0.275,85.2,1
gig_worker,27656.48,52,0.993,0.717,5,0.658,0.0,0.179,70.5,0
gig_worker,22603.18,40,0.894,0.714,18,0.843,0.0,0.119,63.3,1
kirana_merchant,29619.39,47,0.923,0.683,1,0.409,0.69,0.174,29.4,1
freelancer,19359.64,60,0.874,0.706,10,0.325,0.0,0.136,42.1,1
gig_worker,16175.52,44,0.99,0.642,0,0.654,0.0,0.074,88.3,0
freelancer,25417.71,40,0.621,0.794,14,0.541,0.0,0.269,46.1,0
gig_worker,16228.13,38,0.64,0.546,3,0.539,0.0,0.086,71.7,0
gig_worker,27047.41,41,0.648,0.517,3,0.302,0.0,0.294,71.3,1
gig_worker,32119.01,46,0.744,0.661,0,0.95,0.0,0.233,67.8,0
gig_worker,41213.87,50,0.896,0.233,0,0.286,0.0,0.289,46.7,0
freelancer,47285.67,42,0.923,0.722,1,0.433,0.0,0.065,26.1,0
gig_worker,21963.38,50,0.956,0.849,3,0.578,0.0,0.148,60.4,1
kirana_merchant,34534.27,40,0.74,0.337,10,0.794,0.973,0.063,33.1,0
kirana_merchant,34415.48,42,0.925,0.589,1,0.702,0.096,0.02,53.9,1
freelancer,31694.85,41,0.659,0.126,3,0.258,0.0,0.269,38.1,0
gig_worker,21168.52,43,0.605,0.713,0,0.236,0.0,0.343,59.5,0
gig_worker,16090.21,44,0.947,0.548,6,0.657,0.0,0.232,85.1,1
gig_worker,34578.97,62,0.958,0.639,3,0.21,0.0,0.056,97.1,0
kirana_merchant,11459.44,40,0.911,0.214,4,0.651,0.097,0.322,54.2,0
gig_worker,23531.15,38,0.729,0.748,0,0.346,0.0,0.236,99.0,0
freelancer,7503.95,44,1.064,0.305,7,0.352,0.0,0.302,36.8,0
kirana_merchant,13791.38,51,1.038,0.648,6,0.343,0.09,0.24,70.9,1
kirana_merchant,17351.48,50,0.858,0.575,14,0.82,0.699,0.183,55.6,0
kirana_merchant,46553.72,44,1.095,0.623,0,0.579,0.648,0.045,70.8,0
gig_worker,37951.11,49,0.749,0.14,5,0.371,0.0,0.046,65.3,0
kirana_merchant,20394.75,51,0.846,0.693,0,0.25,0.374,0.341,38.2,1
freelancer,38742.21,41,1.064,0.736,1,0.555,0.0,0.057,45.5,1
freelancer,41932.29,53,0.831,0.48,0,0.623,0.0,0.257,21.8,0
freelancer,24826.52,43,0.836,0.427,8,0.675,0.0,0.107,13.8,0
freelancer,13464.49,34,0.64,0.374,0,0.27,0.0,0.34,6.8,1
gig_worker,24246.89,44,0.706,0.842,2,0.499,0.0,0.188,70.7,0
gig_worker,25618.08,56,0.679,0.704,2,0.476,0.0,0.121,91.4,1
gig_worker,14527.12,47,0.883,0.659,5,0.464,0.0,0.122,79.0,0
gig_worker,32322.65,45,0.759,0.84,2,0.911,0.0,0.163,58.3,0
gig_worker,30943.12,40,0.639,0.379,3,0.49,0.0,0.025,64.7,0
kirana_merchant,33608.07,39,0.855,0.604,2,0.71,0.484,0.135,41.7,0
kirana_merchant,30929.37,58,0.935,0.649,6,0.906,0.709,0.082,15.3,1
freelancer,38751.37,59,0.968,0.897,1,0.204,0.0,0.345,40.0,0
kirana_merchant,24595.92,56,1.019,0.442,1,0.793,0.64,0.128,41.8,0
freelancer,29759.17,46,0.841,0.42,0,0.721,0.0,0.076,41.3,1
gig_worker,22051.37,49,0.795,0.168,3,0.928,0.0,0.342,66.9,0
gig_worker,20085.44,39,0.942,0.179,5,0.564,0.0,0.055,65.3,0
kirana_merchant,52529.22,48,0.607,0.509,5,0.966,0.376,0.25,15.5,0
gig_worker,9682.89,59,0.917,0.237,1,0.572,0.0,0.054,85.1,1
gig_worker,41705.15,38,0.803,0.158,6,0.252,0.0,0.024,72.7,0
gig_worker,19726.72,44,0.826,0.872,11,0.814,0.0,0.276,80.7,1
gig_worker,18489.92,58,0.748,0.861,19,0.219,0.0,0.034,55.8,1
kirana_merchant,30662.29,43,0.664,0.36,1,0.973,0.333,0.158,57.7,0
kirana_merchant,12774.36,56,0.801,0.732,3,0.2,0.776,0.259,52.9,0
kirana_merchant,17889.84,46,0.754,0.798,1,0.764,0.137,0.245,35.2,1
kirana_merchant,17596.06,49,1.08,0.472,3,0.283,0.723,0.029,64.7,0
gig_worker,24083.95,45,1.072,0.279,4,0.603,0.0,0.029,57.3,0
gig_worker,17996.47,37,0.922,0.204,0,0.297,0.0,0.14,85.4,0
gig_worker,59907.64,46,1.052,0.213,7,0.659,0.0,0.309,78.4,0
gig_worker,66072.52,54,0.976,0.738,6,0.647,0.0,0.317,70.8,1
kirana_merchant,9788.89,51,0.773,0.408,4,0.255,0.932,0.181,55.2,0
kirana_merchant,35318.47,48,0.902,0.655,1,0.317,0.012,0.074,58.8,0
kirana_merchant,41329.5,40,0.71,0.531,1,0.771,0.143,0.265,51.6,0
gig_worker,35294.86,45,0.944,0.416,4,0.733,0.0,0.127,86.6,0
kirana_merchant,19359.59,49,0.622,0.199,0,0.432,0.406,0.342,14.9,0
kirana_merchant,23812.17,41,1.016,0.367,10,0.346,0.147,0.277,40.6,1
kirana_merchant,18506.23,47,0.892,0.772,8,0.741,0.174,0.052,40.7,1
kirana_merchant,21804.42,43,0.629,0.749,5,0.63,0.119,0.28,29.7,1
kirana_merchant,14691.4,53,1.036,0.123,1,0.401,0.044,0.298,55.0,0
kirana_merchant,25402.57,52,1.039,0.212,1,0.983,0.992,0.15,43.3,1
kirana_merchant,12690.38,45,1.026,0.705,3,0.503,0.488,0.062,35.8,0
gig_worker,24341.37,50,0.987,0.369,7,0.749,0.0,0.193,73.9,0
kirana_merchant,14410.45,44,0.939,0.615,1,0.907,0.519,0.269,66.1,0
gig_worker,29834.13,40,0.798,0.55,9,0.963,0.0,0.349,99.0,0
gig_worker,19154.45,55,0.668,0.622,8,0.917,0.0,0.319,90.9,0
freelancer,31110.17,42,0.744,0.143,1,0.674,0.0,0.322,22.7,1
freelancer,46202.55,52,0.774,0.845,17,0.367,0.0,0.267,23.6,1
gig_worker,59559.05,47,0.779,0.117,6,0.942,0.0,0.276,70.4,0
kirana_merchant,7600.72,45,0.883,0.106,1,0.982,0.541,0.14,50.3,0
gig_worker,17728.04,53,0.704,0.281,0,0.205,0.0,0.062,83.1,0
kirana_merchant,23120.08,39,0.695,0.895,5,0.929,0.252,0.349,47.3,1
freelancer,33865.9,47,0.958,0.158,0,0.909,0.0,0.028,37.5,0
freelancer,11787.83,33,0.604,0.8,0,0.561,0.0,0.193,46.0,0
kirana_merchant,16464.37,51,0.675,0.227,16,0.836,0.697,0.237,34.7,0
gig_worker,28715.11,52,0.817,0.187,10,0.96,0.0,0.186,81.6,0
kirana_merchant,28069.65,50,0.675,0.723,0,0.447,0.973,0.188,42.3,1
gig_worker,32493.95,47,1.08,0.777,3,0.576,0.0,0.177,83.2,0
freelancer,33585.1,38,0.935,0.734,1,0.312,0.0,0.214,8.9,0
freelancer,31866.07,50,0.816,0.293,5,0.434,0.0,0.174,31.6,1
kirana_merchant,29638.45,49,0.656,0.804,17,0.907,0.349,0.208,45.7,1
gig_worker,27663.52,25,0.793,0.158,7,0.344,0.0,0.046,91.2,0
gig_worker,37510.7,39,0.925,0.374,8,0.954,0.0,0.15,86.3,0
gig_worker,8780.94,42,1.084,0.471,6,0.647,0.0,0.334,64.9,0
freelancer,58230.63,51,0.836,0.154,5,0.763,0.0,0.199,50.5,0
kirana_merchant,8935.25,33,0.946,0.564,2,0.514,0.264,0.339,57.2,0
gig_worker,15684.36,45,0.698,0.548,2,0.387,0.0,0.137,79.9,0
kirana_merchant,24019.46,50,0.912,0.894,1,0.586,0.164,0.042,35.2,0
freelancer,37658.22,38,0.72,0.597,6,0.444,0.0,0.026,46.2,0
gig_worker,6017.14,58,0.699,0.418,4,0.616,0.0,0.318,85.3,0
freelancer,26527.52,43,0.855,0.732,0,0.28,0.0,0.117,44.8,1
freelancer,39982.52,49,0.706,0.368,3,0.934,0.0,0.106,26.2,0
freelancer,44234.44,51,0.961,0.526,3,0.419,0.0,0.317,45.7,0
gig_worker,18983.68,38,1.069,0.144,1,0.707,0.0,0.075,88.9,0
gig_worker,23146.12,32,0.797,0.358,22,0.718,0.0,0.164,77.6,0
